Name,Start,End,Size
FUN_001001e0,0x001001E0,0x00100224,68
FUN_00100340,0x00100340,0x00100384,68
FUN_001013b0,0x001013B0,0x001013D8,40
FUN_001013d8,0x001013D8,0x0010141C,68
entry,0x004C0008,0x004C008C,132
thunk_FUN_004dda18,0x004C0218,0x004C0220,8
FUN_004c0230,0x004C0230,0x004C0260,48
FUN_004c0260,0x004C0260,0x004C0280,32
FUN_004c0288,0x004C0288,0x004C02A4,28
FUN_004c02a8,0x004C02A8,0x004C02D4,44
entry_004c02b8,0x004C02B8,0x004C02D4,28
FUN_004c02e0,0x004C02E0,0x004C0328,72
FUN_004c0348,0x004C0348,0x004C0358,16
FUN_004c0400,0x004C0400,0x004C0430,48
FUN_004c0458,0x004C0458,0x004C067C,140
entry_004c065c,0x004C065C,0x004C067C,32
FUN_004c0688,0x004C0688,0x004C0708,124
entry_004c06fc,0x004C06FC,0x004C0708,12
FUN_004c18f0,0x004C18F0,0x004C18F4,4
FUN_004c1900,0x004C1900,0x004C1978,104
entry_004c1964,0x004C1964,0x004C1970,12
entry_004c1970,0x004C1970,0x004C1978,8
FUN_004c19b0,0x004C19B0,0x004C19FC,72
entry_004c19f8,0x004C19F8,0x004C19FC,4
FUN_004c1ac8,0x004C1AC8,0x004C1B1C,84
FUN_004c1b28,0x004C1B28,0x004C1B98,108
entry_004c1b88,0x004C1B88,0x004C1B98,16
FUN_004c1ba0,0x004C1BA0,0x004C1C90,188
entry_004c1bcc,0x004C1BCC,0x004C1BE0,20
entry_004c1be0,0x004C1BE0,0x004C1C04,36
entry_004c1c04,0x004C1C04,0x004C1C40,60
entry_004c1c40,0x004C1C40,0x004C1C90,80
FUN_004c1c98,0x004C1C98,0x004C1CB4,28
FUN_004c1cd8,0x004C1CD8,0x004C1D5C,132
FUN_004c1d68,0x004C1D68,0x004C1DB0,72
FUN_004c1dc0,0x004C1DC0,0x004C1DD8,24
FUN_004c1ee0,0x004C1EE0,0x004C21CC,360
entry_004c1f5c,0x004C1F5C,0x004C1F94,56
entry_004c1f94,0x004C1F94,0x004C1FA8,20
entry_004c1fa8,0x004C1FA8,0x004C1FEC,68
entry_004c1fec,0x004C1FEC,0x004C2038,76
entry_004c2038,0x004C2038,0x004C2050,24
entry_004c2050,0x004C2050,0x004C21A8,344
entry_004c21a8,0x004C21A8,0x004C21C0,24
entry_004c21c0,0x004C21C0,0x004C21CC,12
FUN_004c21d8,0x004C21D8,0x004C2320,320
entry_004c22e0,0x004C22E0,0x004C22F0,16
entry_004c22f0,0x004C22F0,0x004C2320,48
FUN_004c2348,0x004C2348,0x004C237C,52
FUN_004c23a8,0x004C23A8,0x004C2780,296
entry_004c2400,0x004C2400,0x004C2418,24
entry_004c2418,0x004C2418,0x004C2498,128
entry_004c2498,0x004C2498,0x004C24B8,32
entry_004c24b8,0x004C24B8,0x004C24C0,8
entry_004c24c0,0x004C24C0,0x004C24E0,32
entry_004c24e0,0x004C24E0,0x004C2518,56
entry_004c2518,0x004C2518,0x004C25E8,208
entry_004c25e8,0x004C25E8,0x004C25F8,16
entry_004c25f8,0x004C25F8,0x004C275C,356
entry_004c275c,0x004C275C,0x004C2780,36
FUN_004c2788,0x004C2788,0x004C2814,100
entry_004c27ec,0x004C27EC,0x004C27F8,12
entry_004c27f8,0x004C27F8,0x004C2814,28
FUN_004c2820,0x004C2820,0x004C2834,20
FUN_004c2838,0x004C2838,0x004C28BC,128
entry_004c2890,0x004C2890,0x004C28A0,16
entry_004c28a0,0x004C28A0,0x004C28A4,4
entry_004c28a4,0x004C28A4,0x004C28A8,4
entry_004c28a8,0x004C28A8,0x004C28BC,20
FUN_004c28c8,0x004C28C8,0x004C28CC,4
FUN_004c28d8,0x004C28D8,0x004C28FC,36
FUN_004c2900,0x004C2900,0x004C291C,28
FUN_004c2920,0x004C2920,0x004C2958,56
FUN_004c2980,0x004C2980,0x004C2ACC,304
entry_004c29c0,0x004C29C0,0x004C29E8,40
entry_004c29e8,0x004C29E8,0x004C29F8,16
entry_004c29f8,0x004C29F8,0x004C2A30,56
entry_004c2a30,0x004C2A30,0x004C2A34,4
entry_004c2a34,0x004C2A34,0x004C2A38,4
entry_004c2a38,0x004C2A38,0x004C2A3C,4
entry_004c2a3c,0x004C2A3C,0x004C2A78,60
entry_004c2a78,0x004C2A78,0x004C2ABC,68
entry_004c2abc,0x004C2ABC,0x004C2ACC,16
FUN_004c2ad8,0x004C2AD8,0x004C2B20,72
FUN_004c2b40,0x004C2B40,0x004C2BD0,124
entry_004c2b90,0x004C2B90,0x004C2BB8,40
entry_004c2bb8,0x004C2BB8,0x004C2BD0,24
FUN_004c2d08,0x004C2D08,0x004C2D44,60
FUN_004c2d60,0x004C2D60,0x004C2DA8,72
FUN_004c2da8,0x004C2DA8,0x004C2FF8,448
entry_004c2e44,0x004C2E44,0x004C2E6C,40
entry_004c2e6c,0x004C2E6C,0x004C2E98,44
entry_004c2e98,0x004C2E98,0x004C2EB0,24
entry_004c2eb0,0x004C2EB0,0x004C2EB8,8
entry_004c2eb8,0x004C2EB8,0x004C2ED8,32
entry_004c2ed8,0x004C2ED8,0x004C2EDC,4
entry_004c2edc,0x004C2EDC,0x004C2F9C,192
entry_004c2f9c,0x004C2F9C,0x004C2FD0,52
entry_004c2fd0,0x004C2FD0,0x004C2FF8,40
FUN_004c3000,0x004C3000,0x004C3704,376
entry_004c3038,0x004C3038,0x004C303C,4
entry_004c303c,0x004C303C,0x004C30A0,100
entry_004c30a0,0x004C30A0,0x004C30A8,8
entry_004c30a8,0x004C30A8,0x004C30C8,32
entry_004c30c8,0x004C30C8,0x004C30E8,32
entry_004c30e8,0x004C30E8,0x004C3110,40
entry_004c3110,0x004C3110,0x004C3184,116
entry_004c3184,0x004C3184,0x004C31C0,60
entry_004c31c0,0x004C31C0,0x004C31C8,8
entry_004c31c8,0x004C31C8,0x004C3390,456
entry_004c3390,0x004C3390,0x004C36FC,876
entry_004c36fc,0x004C36FC,0x004C3704,8
FUN_004c3728,0x004C3728,0x004C3738,16
FUN_004c3840,0x004C3840,0x004C38CC,80
entry_004c388c,0x004C388C,0x004C38A8,28
entry_004c38a8,0x004C38A8,0x004C38C0,24
entry_004c38c0,0x004C38C0,0x004C38CC,12
FUN_004c38d8,0x004C38D8,0x004C3980,68
entry_004c3954,0x004C3954,0x004C3964,16
entry_004c3964,0x004C3964,0x004C3980,28
FUN_004c3a90,0x004C3A90,0x004C3B48,160
entry_004c3acc,0x004C3ACC,0x004C3AFC,48
entry_004c3afc,0x004C3AFC,0x004C3B10,20
entry_004c3b10,0x004C3B10,0x004C3B2C,28
entry_004c3b2c,0x004C3B2C,0x004C3B48,28
FUN_004c3b50,0x004C3B50,0x004C3BC4,92
entry_004c3b98,0x004C3B98,0x004C3BB8,32
entry_004c3bb8,0x004C3BB8,0x004C3BC4,12
FUN_004c3bd0,0x004C3BD0,0x004C3C14,68
entry_004c3c10,0x004C3C10,0x004C3C14,4
FUN_004c3c20,0x004C3C20,0x004C3CBC,140
entry_004c3c58,0x004C3C58,0x004C3C78,32
entry_004c3c78,0x004C3C78,0x004C3CA4,44
entry_004c3ca4,0x004C3CA4,0x004C3CB0,12
entry_004c3cb0,0x004C3CB0,0x004C3CBC,12
FUN_004c3cc8,0x004C3CC8,0x004C3CEC,36
FUN_004c3cf8,0x004C3CF8,0x004C3DF8,236
entry_004c3d30,0x004C3D30,0x004C3DCC,156
entry_004c3dcc,0x004C3DCC,0x004C3DE0,20
entry_004c3de0,0x004C3DE0,0x004C3DF8,24
FUN_004c3e00,0x004C3E00,0x004C3E18,24
FUN_004c3f30,0x004C3F30,0x004C3FA8,120
entry_004c3f48,0x004C3F48,0x004C3F60,24
entry_004c3f60,0x004C3F60,0x004C3F74,20
entry_004c3f74,0x004C3F74,0x004C3F88,20
entry_004c3f88,0x004C3F88,0x004C3FA8,32
FUN_004c3fb0,0x004C3FB0,0x004C4044,132
entry_004c3fe0,0x004C3FE0,0x004C3FF0,16
entry_004c3ff0,0x004C3FF0,0x004C4004,20
entry_004c4004,0x004C4004,0x004C401C,24
entry_004c401c,0x004C401C,0x004C4030,20
entry_004c4030,0x004C4030,0x004C4044,20
FUN_004c4070,0x004C4070,0x004C40A0,48
FUN_004c40a8,0x004C40A8,0x004C40D8,48
FUN_004c42b8,0x004C42B8,0x004C43AC,188
entry_004c4300,0x004C4300,0x004C4360,96
entry_004c4360,0x004C4360,0x004C4364,4
entry_004c4364,0x004C4364,0x004C4398,52
entry_004c4398,0x004C4398,0x004C43AC,20
FUN_004c43b8,0x004C43B8,0x004C44E8,304
entry_004c4408,0x004C4408,0x004C4424,28
entry_004c4424,0x004C4424,0x004C4440,28
entry_004c4440,0x004C4440,0x004C445C,28
entry_004c445c,0x004C445C,0x004C4480,36
entry_004c4480,0x004C4480,0x004C44B8,56
entry_004c44b8,0x004C44B8,0x004C44D4,28
entry_004c44d4,0x004C44D4,0x004C44E8,20
FUN_004c4510,0x004C4510,0x004C4560,80
FUN_004c4578,0x004C4578,0x004C4700,108
entry_004c46ec,0x004C46EC,0x004C4700,20
FUN_004c47d8,0x004C47D8,0x004C4968,228
entry_004c4868,0x004C4868,0x004C4898,48
entry_004c4898,0x004C4898,0x004C4948,176
entry_004c4948,0x004C4948,0x004C4968,32
FUN_004c4970,0x004C4970,0x004C4AEC,352
entry_004c49f4,0x004C49F4,0x004C4A40,76
entry_004c4a40,0x004C4A40,0x004C4A48,8
entry_004c4a48,0x004C4A48,0x004C4A68,32
entry_004c4a68,0x004C4A68,0x004C4AA8,64
entry_004c4aa8,0x004C4AA8,0x004C4AC8,32
entry_004c4ac8,0x004C4AC8,0x004C4AEC,36
FUN_004c4af8,0x004C4AF8,0x004C4BBC,192
entry_004c4b88,0x004C4B88,0x004C4B9C,20
entry_004c4b9c,0x004C4B9C,0x004C4BBC,32
FUN_004c4bc8,0x004C4BC8,0x004C4C30,104
entry_004c4c00,0x004C4C00,0x004C4C08,8
entry_004c4c08,0x004C4C08,0x004C4C24,28
entry_004c4c24,0x004C4C24,0x004C4C2C,8
entry_004c4c2c,0x004C4C2C,0x004C4C30,4
FUN_004c4c38,0x004C4C38,0x004C4C8C,84
FUN_004c4c98,0x004C4C98,0x004C4CFC,100
FUN_004c4d08,0x004C4D08,0x004C4E84,124
entry_004c4d64,0x004C4D64,0x004C4E78,276
entry_004c4e78,0x004C4E78,0x004C4E84,12
FUN_004c5710,0x004C5710,0x004C576C,92
FUN_004c5778,0x004C5778,0x004C57D0,80
entry_004c57c4,0x004C57C4,0x004C57D0,12
FUN_004c57d8,0x004C57D8,0x004C5820,72
FUN_004c5840,0x004C5840,0x004C58F0,172
entry_004c58b0,0x004C58B0,0x004C58E8,56
entry_004c58e8,0x004C58E8,0x004C58EC,4
entry_004c58ec,0x004C58EC,0x004C58F0,4
FUN_004c5de0,0x004C5DE0,0x004C5E0C,40
entry_004c5e08,0x004C5E08,0x004C5E0C,4
FUN_004c5e18,0x004C5E18,0x004C5E2C,20
FUN_004c6020,0x004C6020,0x004C6050,48
FUN_004c6078,0x004C6078,0x004C60AC,52
FUN_004c6180,0x004C6180,0x004C6194,20
FUN_004c61f0,0x004C61F0,0x004C6268,120
entry_004c6228,0x004C6228,0x004C624C,36
entry_004c624c,0x004C624C,0x004C6258,12
entry_004c6258,0x004C6258,0x004C6268,16
FUN_004c6270,0x004C6270,0x004C6340,104
entry_004c62a0,0x004C62A0,0x004C62C4,36
entry_004c62c4,0x004C62C4,0x004C6334,112
entry_004c6334,0x004C6334,0x004C6340,12
FUN_004c6348,0x004C6348,0x004C63D8,124
entry_004c6394,0x004C6394,0x004C63CC,56
entry_004c63cc,0x004C63CC,0x004C63D8,12
FUN_004c63e0,0x004C63E0,0x004C6400,32
FUN_004c6400,0x004C6400,0x004C6424,36
FUN_004c6468,0x004C6468,0x004C649C,52
FUN_004c64c8,0x004C64C8,0x004C64DC,20
FUN_004c6568,0x004C6568,0x004C65E4,124
FUN_004c6600,0x004C6600,0x004C66A0,160
FUN_004c66a8,0x004C66A8,0x004C6704,88
entry_004c66f0,0x004C66F0,0x004C66FC,12
entry_004c66fc,0x004C66FC,0x004C6704,8
FUN_004c6710,0x004C6710,0x004C6788,120
entry_004c6750,0x004C6750,0x004C6788,56
FUN_004c6790,0x004C6790,0x004C67EC,88
entry_004c67d8,0x004C67D8,0x004C67E0,8
entry_004c67e0,0x004C67E0,0x004C67EC,12
FUN_004c67f8,0x004C67F8,0x004C6814,28
FUN_004c6948,0x004C6948,0x004C6AD0,136
entry_004c6a30,0x004C6A30,0x004C6AB8,136
entry_004c6ab8,0x004C6AB8,0x004C6AD0,24
FUN_004c6ad8,0x004C6AD8,0x004C6AE0,8
FUN_004c6c20,0x004C6C20,0x004C6D2C,100
entry_004c6d10,0x004C6D10,0x004C6D2C,28
FUN_004c6d38,0x004C6D38,0x004C6E60,112
entry_004c6ddc,0x004C6DDC,0x004C6E4C,112
entry_004c6e4c,0x004C6E4C,0x004C6E60,20
FUN_004c7470,0x004C7470,0x004C832C,572
entry_004c7508,0x004C7508,0x004C7520,24
entry_004c7520,0x004C7520,0x004C7544,36
entry_004c7544,0x004C7544,0x004C7568,36
entry_004c7568,0x004C7568,0x004C75AC,68
entry_004c75ac,0x004C75AC,0x004C75BC,16
entry_004c75bc,0x004C75BC,0x004C75D4,24
entry_004c75d4,0x004C75D4,0x004C7638,100
entry_004c7638,0x004C7638,0x004C7648,16
entry_004c7648,0x004C7648,0x004C7668,32
entry_004c7668,0x004C7668,0x004C7690,40
entry_004c7690,0x004C7690,0x004C76A8,24
entry_004c76a8,0x004C76A8,0x004C76B4,12
entry_004c76b4,0x004C76B4,0x004C76E0,44
entry_004c76e0,0x004C76E0,0x004C76FC,28
entry_004c76fc,0x004C76FC,0x004C7700,4
entry_004c7700,0x004C7700,0x004C771C,28
entry_004c771c,0x004C771C,0x004C7720,4
entry_004c7720,0x004C7720,0x004C784C,300
entry_004c784c,0x004C784C,0x004C7870,36
entry_004c7870,0x004C7870,0x004C8328,2744
entry_004c8328,0x004C8328,0x004C832C,4
FUN_004c8388,0x004C8388,0x004C83AC,36
FUN_004c83d8,0x004C83D8,0x004C8430,88
entry_004c83f8,0x004C83F8,0x004C8410,24
entry_004c8410,0x004C8410,0x004C8430,32
FUN_004c84c0,0x004C84C0,0x004C85B8,244
entry_004c8508,0x004C8508,0x004C8548,64
entry_004c8548,0x004C8548,0x004C8558,16
entry_004c8558,0x004C8558,0x004C8568,16
entry_004c8568,0x004C8568,0x004C8588,32
entry_004c8588,0x004C8588,0x004C8594,12
entry_004c8594,0x004C8594,0x004C85A8,20
entry_004c85a8,0x004C85A8,0x004C85B8,16
FUN_004c86f8,0x004C86F8,0x004C8724,44
FUN_004c8728,0x004C8728,0x004C8804,216
entry_004c8770,0x004C8770,0x004C87B8,72
entry_004c87b8,0x004C87B8,0x004C87C8,16
entry_004c87c8,0x004C87C8,0x004C87D8,16
entry_004c87d8,0x004C87D8,0x004C87F8,32
entry_004c87f8,0x004C87F8,0x004C8804,12
FUN_004c8958,0x004C8958,0x004C8984,44
FUN_004c89a8,0x004C89A8,0x004C89D0,40
FUN_004c8a90,0x004C8A90,0x004C8C10,52
entry_004c8c04,0x004C8C04,0x004C8C10,12
FUN_004c8c18,0x004C8C18,0x004C8C58,60
entry_004c8c40,0x004C8C40,0x004C8C50,16
entry_004c8c50,0x004C8C50,0x004C8C58,8
FUN_004c8c60,0x004C8C60,0x004C8CC4,100
FUN_004c8d18,0x004C8D18,0x004C8D8C,116
entry_004c8d50,0x004C8D50,0x004C8D6C,28
entry_004c8d6c,0x004C8D6C,0x004C8D8C,32
FUN_004c8d90,0x004C8D90,0x004CA3F8,572
entry_004c8df8,0x004C8DF8,0x004C8E48,80
entry_004c8e48,0x004C8E48,0x004C8E68,32
entry_004c8e68,0x004C8E68,0x004C8EA8,64
entry_004c8ea8,0x004C8EA8,0x004C8EF8,80
entry_004c8ef8,0x004C8EF8,0x004C8F04,12
entry_004c8f04,0x004C8F04,0x004C9608,1796
entry_004c9608,0x004C9608,0x004CA398,3472
entry_004ca398,0x004CA398,0x004CA39C,4
entry_004ca39c,0x004CA39C,0x004CA3B4,24
entry_004ca3b4,0x004CA3B4,0x004CA3BC,8
entry_004ca3bc,0x004CA3BC,0x004CA3D0,20
entry_004ca3d0,0x004CA3D0,0x004CA3D4,4
entry_004ca3d4,0x004CA3D4,0x004CA3F8,36
FUN_004ca400,0x004CA400,0x004CA47C,124
entry_004ca46c,0x004CA46C,0x004CA474,8
entry_004ca474,0x004CA474,0x004CA47C,8
FUN_004ca6a0,0x004CA6A0,0x004CB324,412
entry_004ca6ec,0x004CA6EC,0x004CA788,156
entry_004ca788,0x004CA788,0x004CA7C4,60
entry_004ca7c4,0x004CA7C4,0x004CA7C8,4
entry_004ca7c8,0x004CA7C8,0x004CA7EC,36
entry_004ca7ec,0x004CA7EC,0x004CA9A0,436
entry_004ca9a0,0x004CA9A0,0x004CA9EC,76
entry_004ca9ec,0x004CA9EC,0x004CAA38,76
entry_004caa38,0x004CAA38,0x004CB2E8,2224
entry_004cb2e8,0x004CB2E8,0x004CB2FC,20
entry_004cb2fc,0x004CB2FC,0x004CB324,40
FUN_004cb430,0x004CB430,0x004CB470,64
FUN_004cb488,0x004CB488,0x004CB4C8,64
FUN_004cb4e0,0x004CB4E0,0x004CB538,80
entry_004cb52c,0x004CB52C,0x004CB538,12
FUN_004cb540,0x004CB540,0x004CB554,20
FUN_004cb650,0x004CB650,0x004CBA6C,1044
entry_004cb6a0,0x004CB6A0,0x004CB6C8,40
entry_004cb6c8,0x004CB6C8,0x004CB7F8,304
entry_004cb7f8,0x004CB7F8,0x004CB928,304
entry_004cb928,0x004CB928,0x004CBA5C,308
entry_004cba5c,0x004CBA5C,0x004CBA60,4
entry_004cba60,0x004CBA60,0x004CBA64,4
entry_004cba64,0x004CBA64,0x004CBA6C,8
FUN_004cba78,0x004CBA78,0x004CBE10,620
entry_004cbad8,0x004CBAD8,0x004CBB00,40
entry_004cbb00,0x004CBB00,0x004CBC38,312
entry_004cbc38,0x004CBC38,0x004CBD78,320
entry_004cbd78,0x004CBD78,0x004CBDEC,116
entry_004cbdec,0x004CBDEC,0x004CBDF8,12
entry_004cbdf8,0x004CBDF8,0x004CBDFC,4
entry_004cbdfc,0x004CBDFC,0x004CBE10,20
FUN_004cbe18,0x004CBE18,0x004CBFF0,308
entry_004cbe58,0x004CBE58,0x004CBEBC,100
entry_004cbebc,0x004CBEBC,0x004CBEF8,60
entry_004cbef8,0x004CBEF8,0x004CBF28,48
entry_004cbf28,0x004CBF28,0x004CBF4C,36
entry_004cbf4c,0x004CBF4C,0x004CBF80,52
entry_004cbf80,0x004CBF80,0x004CBFE8,104
entry_004cbfe8,0x004CBFE8,0x004CBFF0,8
FUN_004cc530,0x004CC530,0x004CCD08,220
entry_004cc5b0,0x004CC5B0,0x004CC5E8,56
entry_004cc5e8,0x004CC5E8,0x004CCCE8,1792
entry_004ccce8,0x004CCCE8,0x004CCD08,32
FUN_004ccd10,0x004CCD10,0x004CD0B8,344
entry_004ccd60,0x004CCD60,0x004CCDB0,80
entry_004ccdb0,0x004CCDB0,0x004CCDD0,32
entry_004ccdd0,0x004CCDD0,0x004CCDE8,24
entry_004ccde8,0x004CCDE8,0x004CCE20,56
entry_004cce20,0x004CCE20,0x004CCE40,32
entry_004cce40,0x004CCE40,0x004CCE58,24
entry_004cce58,0x004CCE58,0x004CD0A8,592
entry_004cd0a8,0x004CD0A8,0x004CD0B8,16
FUN_004cd0c0,0x004CD0C0,0x004CD140,120
entry_004cd108,0x004CD108,0x004CD140,56
FUN_004cd190,0x004CD190,0x004CD2D8,328
entry_004cd1e0,0x004CD1E0,0x004CD288,168
entry_004cd288,0x004CD288,0x004CD2A8,32
entry_004cd2a8,0x004CD2A8,0x004CD2D8,48
FUN_004cdb48,0x004CDB48,0x004CDB78,48
FUN_004cdc50,0x004CDC50,0x004CDCFC,80
entry_004cdcf0,0x004CDCF0,0x004CDCF4,4
entry_004cdcf4,0x004CDCF4,0x004CDCFC,8
FUN_004cded8,0x004CDED8,0x004CE15C,536
entry_004cdf28,0x004CDF28,0x004CDF40,24
entry_004cdf40,0x004CDF40,0x004CDF90,80
entry_004cdf90,0x004CDF90,0x004CDFF0,96
entry_004cdff0,0x004CDFF0,0x004CE018,40
entry_004ce018,0x004CE018,0x004CE074,92
entry_004ce074,0x004CE074,0x004CE118,164
entry_004ce118,0x004CE118,0x004CE150,56
entry_004ce150,0x004CE150,0x004CE15C,12
FUN_004ce168,0x004CE168,0x004CE234,124
entry_004ce1b0,0x004CE1B0,0x004CE200,80
entry_004ce200,0x004CE200,0x004CE230,48
entry_004ce230,0x004CE230,0x004CE234,4
FUN_004ce240,0x004CE240,0x004CE260,32
FUN_004ce340,0x004CE340,0x004CE3F4,116
entry_004ce388,0x004CE388,0x004CE3E0,88
entry_004ce3e0,0x004CE3E0,0x004CE3F4,20
FUN_004ce428,0x004CE428,0x004CE498,112
entry_004ce470,0x004CE470,0x004CE498,40
FUN_004ce4a0,0x004CE4A0,0x004CE4B4,20
FUN_004ce598,0x004CE598,0x004CE630,88
entry_004ce5e0,0x004CE5E0,0x004CE62C,76
entry_004ce62c,0x004CE62C,0x004CE630,4
FUN_004ce638,0x004CE638,0x004CE690,88
FUN_004ce860,0x004CE860,0x004CE93C,124
entry_004ce8a8,0x004CE8A8,0x004CE8AC,4
entry_004ce8ac,0x004CE8AC,0x004CE8B4,8
entry_004ce8b4,0x004CE8B4,0x004CE930,124
entry_004ce930,0x004CE930,0x004CE93C,12
FUN_004ce948,0x004CE948,0x004CE990,64
entry_004ce980,0x004CE980,0x004CE990,16
entry_004ce9dc,0x004CE9DC,0x004CE9E8,12
FUN_004ce9e8,0x004CE9E8,0x004CEA20,56
entry_004cea18,0x004CEA18,0x004CEA20,8
FUN_004cea68,0x004CEA68,0x004CEAB4,76
entry_004ceaac,0x004CEAAC,0x004CEAB0,4
entry_004ceab0,0x004CEAB0,0x004CEAB4,4
FUN_004ceac0,0x004CEAC0,0x004CEAE4,36
FUN_004ceb38,0x004CEB38,0x004CEE2C,416
entry_004cebf4,0x004CEBF4,0x004CEC6C,120
entry_004cec6c,0x004CEC6C,0x004CECBC,80
entry_004cecbc,0x004CECBC,0x004CECD4,24
entry_004cecd4,0x004CECD4,0x004CECEC,24
entry_004cecec,0x004CECEC,0x004CED38,76
entry_004ced38,0x004CED38,0x004CEE04,204
entry_004cee04,0x004CEE04,0x004CEE2C,40
FUN_004cee38,0x004CEE38,0x004CEE4C,20
FUN_004cee58,0x004CEE58,0x004CEFA8,208
entry_004ceeb8,0x004CEEB8,0x004CEEDC,36
entry_004ceedc,0x004CEEDC,0x004CEEE4,8
entry_004ceee4,0x004CEEE4,0x004CEF24,64
entry_004cef24,0x004CEF24,0x004CEF98,116
entry_004cef98,0x004CEF98,0x004CEFA8,16
FUN_004cefb0,0x004CEFB0,0x004CF040,92
entry_004cefd4,0x004CEFD4,0x004CF038,100
entry_004cf038,0x004CF038,0x004CF040,8
FUN_004cf048,0x004CF048,0x004CF0E0,152
entry_004cf074,0x004CF074,0x004CF080,12
entry_004cf080,0x004CF080,0x004CF088,8
entry_004cf088,0x004CF088,0x004CF0AC,36
entry_004cf0ac,0x004CF0AC,0x004CF0D4,40
entry_004cf0d4,0x004CF0D4,0x004CF0D8,4
entry_004cf0d8,0x004CF0D8,0x004CF0E0,8
FUN_004cf0e8,0x004CF0E8,0x004CF14C,100
entry_004cf110,0x004CF110,0x004CF118,8
entry_004cf118,0x004CF118,0x004CF120,8
entry_004cf120,0x004CF120,0x004CF138,24
entry_004cf138,0x004CF138,0x004CF148,16
entry_004cf148,0x004CF148,0x004CF14C,4
FUN_004cf158,0x004CF158,0x004CF2A8,208
entry_004cf1b8,0x004CF1B8,0x004CF1DC,36
entry_004cf1dc,0x004CF1DC,0x004CF1E4,8
entry_004cf1e4,0x004CF1E4,0x004CF224,64
entry_004cf224,0x004CF224,0x004CF298,116
entry_004cf298,0x004CF298,0x004CF2A8,16
FUN_004cf360,0x004CF360,0x004CF640,252
entry_004cf618,0x004CF618,0x004CF640,40
FUN_004cf648,0x004CF648,0x004CF694,76
entry_004cf68c,0x004CF68C,0x004CF694,8
FUN_004cf860,0x004CF860,0x004CFA78,208
entry_004cf8a0,0x004CF8A0,0x004CF910,112
entry_004cf910,0x004CF910,0x004CF984,116
entry_004cf984,0x004CF984,0x004CFA04,128
entry_004cfa04,0x004CFA04,0x004CFA58,84
entry_004cfa58,0x004CFA58,0x004CFA78,32
FUN_004cfa80,0x004CFA80,0x004CFC58,412
entry_004cfadc,0x004CFADC,0x004CFB50,116
entry_004cfb50,0x004CFB50,0x004CFB60,16
entry_004cfb60,0x004CFB60,0x004CFB7C,28
entry_004cfb7c,0x004CFB7C,0x004CFBBC,64
entry_004cfbbc,0x004CFBBC,0x004CFC1C,96
entry_004cfc1c,0x004CFC1C,0x004CFC3C,32
entry_004cfc3c,0x004CFC3C,0x004CFC58,28
FUN_004cfc60,0x004CFC60,0x004CFC88,40
FUN_004cfd30,0x004CFD30,0x004CFD4C,28
FUN_004cfd58,0x004CFD58,0x004CFE0C,104
entry_004cfd84,0x004CFD84,0x004CFE00,124
entry_004cfe00,0x004CFE00,0x004CFE0C,12
FUN_004cfe18,0x004CFE18,0x004CFE38,32
FUN_004cfe48,0x004CFE48,0x004CFE70,40
FUN_004cfe80,0x004CFE80,0x004CFEA0,32
FUN_004cfeb0,0x004CFEB0,0x004CFED0,32
FUN_004cfee0,0x004CFEE0,0x004CFF0C,44
FUN_004cff18,0x004CFF18,0x004D0098,236
entry_004cff70,0x004CFF70,0x004CFF88,24
entry_004cff88,0x004CFF88,0x004CFFBC,52
entry_004cffbc,0x004CFFBC,0x004D0044,136
entry_004d0044,0x004D0044,0x004D0070,44
entry_004d0070,0x004D0070,0x004D0098,40
FUN_004d00a0,0x004D00A0,0x004D00E4,68
entry_004d00c8,0x004D00C8,0x004D00E4,28
FUN_004d00f0,0x004D00F0,0x004D0138,72
entry_004d011c,0x004D011C,0x004D0138,28
FUN_004d0148,0x004D0148,0x004D0184,60
entry_004d0168,0x004D0168,0x004D0184,28
FUN_004d0190,0x004D0190,0x004D02F0,280
entry_004d01ec,0x004D01EC,0x004D020C,32
entry_004d020c,0x004D020C,0x004D0234,40
entry_004d0234,0x004D0234,0x004D0244,16
entry_004d0244,0x004D0244,0x004D02CC,136
entry_004d02cc,0x004D02CC,0x004D02F0,36
FUN_004d02f8,0x004D02F8,0x004D0360,104
entry_004d0328,0x004D0328,0x004D0340,24
entry_004d0340,0x004D0340,0x004D0350,16
entry_004d0350,0x004D0350,0x004D0360,16
FUN_004d0368,0x004D0368,0x004D038C,36
FUN_004d03f0,0x004D03F0,0x004D0410,32
FUN_004d0450,0x004D0450,0x004D0468,24
FUN_004d0478,0x004D0478,0x004D04B4,60
FUN_004d0780,0x004D0780,0x004D07A8,40
FUN_004d07e8,0x004D07E8,0x004D0818,48
FUN_004d0860,0x004D0860,0x004D0890,48
FUN_004d08d8,0x004D08D8,0x004D08EC,20
FUN_004d0920,0x004D0920,0x004D0950,48
FUN_004d09a0,0x004D09A0,0x004D09D0,48
FUN_004d0a20,0x004D0A20,0x004D0A50,44
entry_004d0a40,0x004D0A40,0x004D0A4C,12
entry_004d0a4c,0x004D0A4C,0x004D0A50,4
FUN_004d0a58,0x004D0A58,0x004D0A84,44
entry_004d0a74,0x004D0A74,0x004D0A80,12
entry_004d0a80,0x004D0A80,0x004D0A84,4
FUN_004d0a90,0x004D0A90,0x004D0AA8,24
FUN_004d0b40,0x004D0B40,0x004D0CC8,108
entry_004d0c40,0x004D0C40,0x004D0CB8,120
entry_004d0cb8,0x004D0CB8,0x004D0CC8,16
FUN_004d0cd0,0x004D0CD0,0x004D0CD4,4
FUN_004d0ce0,0x004D0CE0,0x004D0D28,72
FUN_004d0d48,0x004D0D48,0x004D0DE0,152
entry_004d0d80,0x004D0D80,0x004D0D88,8
entry_004d0d88,0x004D0D88,0x004D0D8C,4
entry_004d0d8c,0x004D0D8C,0x004D0DB0,36
entry_004d0db0,0x004D0DB0,0x004D0DD0,32
entry_004d0dd0,0x004D0DD0,0x004D0DE0,16
FUN_004d0df8,0x004D0DF8,0x004D0E5C,100
FUN_004d1170,0x004D1170,0x004D1224,180
entry_004d11d4,0x004D11D4,0x004D1220,76
entry_004d1220,0x004D1220,0x004D1224,4
FUN_004d1230,0x004D1230,0x004D1278,72
FUN_004d12f8,0x004D12F8,0x004D14D4,476
entry_004d13ac,0x004D13AC,0x004D13D0,36
entry_004d13d0,0x004D13D0,0x004D1478,168
entry_004d1478,0x004D1478,0x004D1484,12
entry_004d1484,0x004D1484,0x004D14A8,36
entry_004d14a8,0x004D14A8,0x004D14AC,4
entry_004d14ac,0x004D14AC,0x004D14D4,40
FUN_004d14e0,0x004D14E0,0x004D15DC,252
entry_004d15d4,0x004D15D4,0x004D15D8,4
entry_004d15d8,0x004D15D8,0x004D15DC,4
FUN_004d15e8,0x004D15E8,0x004D16C8,224
entry_004d1620,0x004D1620,0x004D163C,28
entry_004d163c,0x004D163C,0x004D1688,76
entry_004d1688,0x004D1688,0x004D169C,20
entry_004d169c,0x004D169C,0x004D16AC,16
entry_004d16ac,0x004D16AC,0x004D16C4,24
entry_004d16c4,0x004D16C4,0x004D16C8,4
FUN_004d16d0,0x004D16D0,0x004D1844,372
entry_004d1820,0x004D1820,0x004D1844,36
FUN_004d1968,0x004D1968,0x004D19BC,84
entry_004d19a8,0x004D19A8,0x004D19B4,12
entry_004d19b4,0x004D19B4,0x004D19BC,8
FUN_004d19c8,0x004D19C8,0x004D1A54,140
entry_004d1a28,0x004D1A28,0x004D1A50,40
entry_004d1a50,0x004D1A50,0x004D1A54,4
FUN_004d1a60,0x004D1A60,0x004D1D6C,720
entry_004d1a98,0x004D1A98,0x004D1AB4,28
entry_004d1ab4,0x004D1AB4,0x004D1AD8,36
entry_004d1ad8,0x004D1AD8,0x004D1AF4,28
entry_004d1af4,0x004D1AF4,0x004D1B28,52
entry_004d1b28,0x004D1B28,0x004D1B44,28
entry_004d1b44,0x004D1B44,0x004D1B58,20
entry_004d1b58,0x004D1B58,0x004D1B74,28
entry_004d1b74,0x004D1B74,0x004D1B98,36
entry_004d1b98,0x004D1B98,0x004D1BB4,28
entry_004d1bb4,0x004D1BB4,0x004D1BBC,8
entry_004d1bbc,0x004D1BBC,0x004D1BC8,12
entry_004d1bc8,0x004D1BC8,0x004D1BD4,12
entry_004d1bd4,0x004D1BD4,0x004D1BE0,12
entry_004d1be0,0x004D1BE0,0x004D1BEC,12
entry_004d1bec,0x004D1BEC,0x004D1BF4,8
entry_004d1bf4,0x004D1BF4,0x004D1CF4,256
entry_004d1cf4,0x004D1CF4,0x004D1D68,116
entry_004d1d68,0x004D1D68,0x004D1D6C,4
FUN_004d1d78,0x004D1D78,0x004D1EB0,312
FUN_004d1eb8,0x004D1EB8,0x004D253C,1108
entry_004d2094,0x004D2094,0x004D20BC,40
entry_004d20bc,0x004D20BC,0x004D20E0,36
entry_004d20e0,0x004D20E0,0x004D20FC,28
entry_004d20fc,0x004D20FC,0x004D215C,96
entry_004d215c,0x004D215C,0x004D216C,16
entry_004d216c,0x004D216C,0x004D21A0,52
entry_004d21a0,0x004D21A0,0x004D21BC,28
entry_004d21bc,0x004D21BC,0x004D21E8,44
entry_004d21e8,0x004D21E8,0x004D2208,32
entry_004d2208,0x004D2208,0x004D2260,88
entry_004d2260,0x004D2260,0x004D2274,20
entry_004d2274,0x004D2274,0x004D22A4,48
entry_004d22a4,0x004D22A4,0x004D22B0,12
entry_004d22b0,0x004D22B0,0x004D22B8,8
entry_004d22b8,0x004D22B8,0x004D2304,76
entry_004d2304,0x004D2304,0x004D2314,16
entry_004d2314,0x004D2314,0x004D2348,52
entry_004d2348,0x004D2348,0x004D2364,28
entry_004d2364,0x004D2364,0x004D23A8,68
entry_004d23a8,0x004D23A8,0x004D23DC,52
entry_004d23dc,0x004D23DC,0x004D2408,44
entry_004d2408,0x004D2408,0x004D2428,32
entry_004d2428,0x004D2428,0x004D24D0,168
entry_004d24d0,0x004D24D0,0x004D251C,76
entry_004d251c,0x004D251C,0x004D2520,4
entry_004d2520,0x004D2520,0x004D253C,28
FUN_004d2548,0x004D2548,0x004D25C8,128
entry_004d25c0,0x004D25C0,0x004D25C4,4
entry_004d25c4,0x004D25C4,0x004D25C8,4
FUN_004d25d0,0x004D25D0,0x004D27A8,472
entry_004d2680,0x004D2680,0x004D26A4,36
entry_004d26a4,0x004D26A4,0x004D274C,168
entry_004d274c,0x004D274C,0x004D2758,12
entry_004d2758,0x004D2758,0x004D277C,36
entry_004d277c,0x004D277C,0x004D2780,4
entry_004d2780,0x004D2780,0x004D27A8,40
FUN_004d27b0,0x004D27B0,0x004D2804,84
entry_004d27f0,0x004D27F0,0x004D27FC,12
entry_004d27fc,0x004D27FC,0x004D2804,8
FUN_004d2810,0x004D2810,0x004D2824,20
FUN_004d2888,0x004D2888,0x004D289C,20
FUN_004d2900,0x004D2900,0x004D29DC,220
entry_004d2960,0x004D2960,0x004D29DC,124
FUN_004d29e8,0x004D29E8,0x004D2B30,328
entry_004d2a6c,0x004D2A6C,0x004D2A78,12
entry_004d2a78,0x004D2A78,0x004D2AA8,48
entry_004d2aa8,0x004D2AA8,0x004D2B20,120
entry_004d2b20,0x004D2B20,0x004D2B24,4
entry_004d2b24,0x004D2B24,0x004D2B30,12
FUN_004d2b38,0x004D2B38,0x004D2B98,96
entry_004d2b54,0x004D2B54,0x004D2B60,12
entry_004d2b60,0x004D2B60,0x004D2B84,36
entry_004d2b84,0x004D2B84,0x004D2B94,16
entry_004d2b94,0x004D2B94,0x004D2B98,4
FUN_004d2ba0,0x004D2BA0,0x004D2BB4,20
FUN_004d2c18,0x004D2C18,0x004D2C9C,132
entry_004d2c40,0x004D2C40,0x004D2C70,48
entry_004d2c70,0x004D2C70,0x004D2C9C,44
FUN_004d2ec0,0x004D2EC0,0x004D2EC8,8
FUN_004d2ee0,0x004D2EE0,0x004D2EE8,8
FUN_004d2f50,0x004D2F50,0x004D2F58,8
FUN_004d2f80,0x004D2F80,0x004D2F88,8
FUN_004d2fa0,0x004D2FA0,0x004D2FA8,8
FUN_004d2fb0,0x004D2FB0,0x004D2FB8,8
FUN_004d2fd0,0x004D2FD0,0x004D2FD8,8
FUN_004d2fe0,0x004D2FE0,0x004D2FE8,8
FUN_004d2ff0,0x004D2FF0,0x004D2FF8,8
FUN_004d3000,0x004D3000,0x004D3008,8
FUN_004d3010,0x004D3010,0x004D3018,8
FUN_004d3040,0x004D3040,0x004D3048,8
FUN_004d3050,0x004D3050,0x004D3058,8
FUN_004d3060,0x004D3060,0x004D3068,8
FUN_004d3070,0x004D3070,0x004D3078,8
FUN_004d30a0,0x004D30A0,0x004D30A8,8
FUN_004d3130,0x004D3130,0x004D3138,8
FUN_004d3150,0x004D3150,0x004D3158,8
FUN_004d3190,0x004D3190,0x004D3198,8
FUN_004d31a0,0x004D31A0,0x004D31A8,8
FUN_004d31c0,0x004D31C0,0x004D31C8,8
FUN_004d31d0,0x004D31D0,0x004D31D8,8
FUN_004d31e0,0x004D31E0,0x004D31E8,8
FUN_004d3220,0x004D3220,0x004D3228,8
FUN_004d3280,0x004D3280,0x004D3288,8
FUN_004d32a0,0x004D32A0,0x004D32A8,8
FUN_004d32b0,0x004D32B0,0x004D32B8,8
FUN_004d32c0,0x004D32C0,0x004D32C8,8
FUN_004d32d0,0x004D32D0,0x004D32D8,8
FUN_004d32e0,0x004D32E0,0x004D32E8,8
FUN_004d32f0,0x004D32F0,0x004D32F8,8
FUN_004d3350,0x004D3350,0x004D3358,8
FUN_004d3520,0x004D3520,0x004D3528,8
FUN_004d3570,0x004D3570,0x004D3578,8
FUN_004d35b0,0x004D35B0,0x004D35B8,8
FUN_004d35c0,0x004D35C0,0x004D35C8,8
FUN_004d35e0,0x004D35E0,0x004D35E8,8
FUN_004d3610,0x004D3610,0x004D3618,8
FUN_004d3640,0x004D3640,0x004D3648,8
FUN_004d3660,0x004D3660,0x004D3668,8
FUN_004d3670,0x004D3670,0x004D3678,8
FUN_004d3680,0x004D3680,0x004D3688,8
FUN_004d36a0,0x004D36A0,0x004D36A8,8
FUN_004d36b0,0x004D36B0,0x004D36B8,8
FUN_004d36c0,0x004D36C0,0x004D36C8,8
FUN_004d36d0,0x004D36D0,0x004D36D8,8
FUN_004d3700,0x004D3700,0x004D3708,8
FUN_004d3710,0x004D3710,0x004D3718,8
FUN_004d3720,0x004D3720,0x004D3724,4
FUN_004d3730,0x004D3730,0x004D3740,16
entry_004d3770,0x004D3770,0x004D37C0,80
FUN_004d37c0,0x004D37C0,0x004D37E0,32
entry_004d3810,0x004D3810,0x004D382C,28
entry_004d382c,0x004D382C,0x004D3868,60
FUN_004d3868,0x004D3868,0x004D38DC,116
entry_004d38b8,0x004D38B8,0x004D38C8,16
entry_004d38c8,0x004D38C8,0x004D38D0,8
entry_004d38d0,0x004D38D0,0x004D38DC,12
FUN_004d38e8,0x004D38E8,0x004D3954,108
entry_004d3930,0x004D3930,0x004D3940,16
entry_004d3940,0x004D3940,0x004D3948,8
entry_004d3948,0x004D3948,0x004D3954,12
FUN_004d3960,0x004D3960,0x004D3970,16
FUN_004d3988,0x004D3988,0x004D3989,1
FUN_004d3998,0x004D3998,0x004D3999,1
FUN_004d39a0,0x004D39A0,0x004D3A44,96
entry_004d39ec,0x004D39EC,0x004D3A28,60
entry_004d3a28,0x004D3A28,0x004D3A34,12
entry_004d3a34,0x004D3A34,0x004D3A44,16
FUN_004d3a50,0x004D3A50,0x004D3A51,1
FUN_004d3a58,0x004D3A58,0x004D3A64,12
FUN_004d3a78,0x004D3A78,0x004D3A98,32
entry_004d3a90,0x004D3A90,0x004D3A98,8
FUN_004d3aa0,0x004D3AA0,0x004D3AB0,16
FUN_004d3ac8,0x004D3AC8,0x004D3AD8,16
FUN_004d3af0,0x004D3AF0,0x004D3B04,20
FUN_004d3b98,0x004D3B98,0x004D3C0C,116
entry_004d3bd0,0x004D3BD0,0x004D3C00,48
entry_004d3c00,0x004D3C00,0x004D3C0C,12
FUN_004d3c30,0x004D3C30,0x004D3C44,20
FUN_004d3cd8,0x004D3CD8,0x004D3D4C,116
entry_004d3d10,0x004D3D10,0x004D3D40,48
entry_004d3d40,0x004D3D40,0x004D3D4C,12
FUN_004d3d70,0x004D3D70,0x004D3D78,8
FUN_004d3d80,0x004D3D80,0x004D3DE0,92
entry_004d3db0,0x004D3DB0,0x004D3DD4,36
entry_004d3dd4,0x004D3DD4,0x004D3DE0,12
FUN_004d3de8,0x004D3DE8,0x004D3E48,92
entry_004d3e18,0x004D3E18,0x004D3E3C,36
entry_004d3e3c,0x004D3E3C,0x004D3E48,12
FUN_004d3e50,0x004D3E50,0x004D3EB0,92
entry_004d3e80,0x004D3E80,0x004D3EA4,36
entry_004d3ea4,0x004D3EA4,0x004D3EB0,12
FUN_004d3eb8,0x004D3EB8,0x004D3F18,92
entry_004d3ee8,0x004D3EE8,0x004D3F0C,36
entry_004d3f0c,0x004D3F0C,0x004D3F18,12
FUN_004d3f20,0x004D3F20,0x004D3F38,24
FUN_004d3f40,0x004D3F40,0x004D3F58,24
FUN_004d3f60,0x004D3F60,0x004D3F78,24
FUN_004d3f80,0x004D3F80,0x004D3F98,24
FUN_004d3fa0,0x004D3FA0,0x004D3FE8,72
FUN_004d4078,0x004D4078,0x004D415C,92
entry_004d4114,0x004D4114,0x004D414C,56
entry_004d414c,0x004D414C,0x004D415C,16
FUN_004d4168,0x004D4168,0x004D41F4,136
entry_004d4198,0x004D4198,0x004D41AC,20
entry_004d41ac,0x004D41AC,0x004D41B4,8
entry_004d41b4,0x004D41B4,0x004D41EC,56
entry_004d41ec,0x004D41EC,0x004D41F0,4
entry_004d41f0,0x004D41F0,0x004D41F4,4
FUN_004d4200,0x004D4200,0x004D4274,112
entry_004d4228,0x004D4228,0x004D4230,8
entry_004d4230,0x004D4230,0x004D426C,60
entry_004d426c,0x004D426C,0x004D4274,8
FUN_004d4280,0x004D4280,0x004D4310,140
entry_004d42b0,0x004D42B0,0x004D42C4,20
entry_004d42c4,0x004D42C4,0x004D42CC,8
entry_004d42cc,0x004D42CC,0x004D4308,60
entry_004d4308,0x004D4308,0x004D430C,4
entry_004d430c,0x004D430C,0x004D4310,4
FUN_004d4318,0x004D4318,0x004D4338,32
FUN_004d43e0,0x004D43E0,0x004D4550,64
entry_004d4540,0x004D4540,0x004D4550,16
FUN_004d4558,0x004D4558,0x004D4568,16
FUN_004d4580,0x004D4580,0x004D45B8,56
FUN_004d45c8,0x004D45C8,0x004D45E0,24
FUN_004d4620,0x004D4620,0x004D4638,24
FUN_004d4648,0x004D4648,0x004D466C,36
FUN_004d4678,0x004D4678,0x004D4690,24
FUN_004d46a0,0x004D46A0,0x004D46C8,40
FUN_004d46d8,0x004D46D8,0x004D4700,40
FUN_004d4740,0x004D4740,0x004D4758,24
FUN_004d4768,0x004D4768,0x004D4780,24
FUN_004d4790,0x004D4790,0x004D47A8,24
FUN_004d47b8,0x004D47B8,0x004D47D4,28
FUN_004d4820,0x004D4820,0x004D4854,52
FUN_004d4860,0x004D4860,0x004D49EC,144
entry_004d48a0,0x004D48A0,0x004D496C,204
entry_004d496c,0x004D496C,0x004D49BC,80
entry_004d49bc,0x004D49BC,0x004D49D8,28
entry_004d49d8,0x004D49D8,0x004D49E0,8
entry_004d49e0,0x004D49E0,0x004D49E4,4
entry_004d49e4,0x004D49E4,0x004D49EC,8
FUN_004d49f8,0x004D49F8,0x004D4B64,112
entry_004d4b44,0x004D4B44,0x004D4B64,32
FUN_004d4b70,0x004D4B70,0x004D4C38,200
entry_004d4ba8,0x004D4BA8,0x004D4BB8,16
entry_004d4bb8,0x004D4BB8,0x004D4C08,80
entry_004d4c08,0x004D4C08,0x004D4C10,8
entry_004d4c10,0x004D4C10,0x004D4C1C,12
entry_004d4c1c,0x004D4C1C,0x004D4C20,4
entry_004d4c20,0x004D4C20,0x004D4C38,24
FUN_004d4c40,0x004D4C40,0x004D4CF4,180
entry_004d4c8c,0x004D4C8C,0x004D4CE8,92
entry_004d4ce8,0x004D4CE8,0x004D4CF4,12
FUN_004d4d00,0x004D4D00,0x004D4D30,48
entry_004d4d08,0x004D4D08,0x004D4D30,40
FUN_004d4d38,0x004D4D38,0x004D4DE0,168
entry_004d4d80,0x004D4D80,0x004D4D84,4
entry_004d4d84,0x004D4D84,0x004D4DC0,60
entry_004d4dc0,0x004D4DC0,0x004D4DE0,32
FUN_004d4de8,0x004D4DE8,0x004D4E1C,52
entry_004d4e10,0x004D4E10,0x004D4E1C,12
FUN_004d4e20,0x004D4E20,0x004D4EA8,100
entry_004d4e44,0x004D4E44,0x004D4E54,16
entry_004d4e54,0x004D4E54,0x004D4E98,68
entry_004d4e98,0x004D4E98,0x004D4EA8,16
FUN_004d4eb0,0x004D4EB0,0x004D5080,460
entry_004d4efc,0x004D4EFC,0x004D4F40,68
entry_004d4f40,0x004D4F40,0x004D4F60,32
entry_004d4f60,0x004D4F60,0x004D4F74,20
entry_004d4f74,0x004D4F74,0x004D4F94,32
entry_004d4f94,0x004D4F94,0x004D4FB8,36
entry_004d4fb8,0x004D4FB8,0x004D4FCC,20
entry_004d4fcc,0x004D4FCC,0x004D4FE4,24
entry_004d4fe4,0x004D4FE4,0x004D503C,88
entry_004d503c,0x004D503C,0x004D5050,20
entry_004d5050,0x004D5050,0x004D5060,16
entry_004d5060,0x004D5060,0x004D5080,32
FUN_004d5088,0x004D5088,0x004D5D94,376
entry_004d5624,0x004D5624,0x004D5854,560
entry_004d5854,0x004D5854,0x004D5D04,1200
entry_004d5d04,0x004D5D04,0x004D5D30,44
entry_004d5d30,0x004D5D30,0x004D5D4C,28
entry_004d5d4c,0x004D5D4C,0x004D5D94,72
FUN_004d5df8,0x004D5DF8,0x004D5E18,32
entry_004d5e10,0x004D5E10,0x004D5E18,8
FUN_004d5e20,0x004D5E20,0x004D5E40,32
entry_004d5e38,0x004D5E38,0x004D5E40,8
FUN_004d5e48,0x004D5E48,0x004D5E74,44
FUN_004d5e98,0x004D5E98,0x004D5EC4,44
FUN_004d5ed0,0x004D5ED0,0x004D5F0C,60
FUN_004d5f18,0x004D5F18,0x004D5F3C,36
FUN_004d5f88,0x004D5F88,0x004D5FC0,56
FUN_004d6008,0x004D6008,0x004D6040,56
FUN_004d60b8,0x004D60B8,0x004D60C8,16
FUN_004d6100,0x004D6100,0x004D6120,32
entry_004d6260,0x004D6260,0x004D6280,32
entry_004d6280,0x004D6280,0x004D62F4,116
entry_004d62f4,0x004D62F4,0x004D62F8,4
entry_004d62f8,0x004D62F8,0x004D6380,136
FUN_004d6380,0x004D6380,0x004D63AC,44
FUN_004d63e8,0x004D63E8,0x004D6458,112
entry_004d642c,0x004D642C,0x004D6454,40
entry_004d6454,0x004D6454,0x004D6458,4
FUN_004d6460,0x004D6460,0x004D64A4,60
entry_004d6494,0x004D6494,0x004D64A4,16
FUN_004d64b0,0x004D64B0,0x004D65DC,300
entry_004d64f8,0x004D64F8,0x004D6540,72
entry_004d6540,0x004D6540,0x004D654C,12
entry_004d654c,0x004D654C,0x004D6550,4
entry_004d6550,0x004D6550,0x004D65BC,108
entry_004d65bc,0x004D65BC,0x004D65C4,8
entry_004d65c4,0x004D65C4,0x004D65C8,4
entry_004d65c8,0x004D65C8,0x004D65DC,20
FUN_004d65e8,0x004D65E8,0x004D661C,52
FUN_004d6628,0x004D6628,0x004D665C,52
FUN_004d6668,0x004D6668,0x004D67A8,72
entry_004d679c,0x004D679C,0x004D67A8,12
FUN_004d67b0,0x004D67B0,0x004D680C,68
entry_004d6800,0x004D6800,0x004D680C,12
FUN_004d6860,0x004D6860,0x004D6878,24
entry_004d69b8,0x004D69B8,0x004D69E8,48
entry_004d69e8,0x004D69E8,0x004D6A00,24
FUN_004d6a00,0x004D6A00,0x004D6A1C,28
FUN_004d6a28,0x004D6A28,0x004D6A40,24
FUN_004d6ad0,0x004D6AD0,0x004D6AE4,20
FUN_004d6af0,0x004D6AF0,0x004D6AF8,8
FUN_004d6b20,0x004D6B20,0x004D6B4C,36
entry_004d6b3c,0x004D6B3C,0x004D6B4C,16
FUN_004d6b60,0x004D6B60,0x004D6C10,128
entry_004d6bac,0x004D6BAC,0x004D6BE4,56
entry_004d6be4,0x004D6BE4,0x004D6BF4,16
entry_004d6bf4,0x004D6BF4,0x004D6BF8,4
entry_004d6bf8,0x004D6BF8,0x004D6C08,16
entry_004d6c08,0x004D6C08,0x004D6C10,8
FUN_004d6c30,0x004D6C30,0x004D6C60,48
FUN_004d6c70,0x004D6C70,0x004D6D38,200
entry_004d6ca8,0x004D6CA8,0x004D6CB4,12
entry_004d6cb4,0x004D6CB4,0x004D6D30,124
entry_004d6d30,0x004D6D30,0x004D6D38,8
FUN_004d6d40,0x004D6D40,0x004D6E9C,232
entry_004d6e44,0x004D6E44,0x004D6E80,60
entry_004d6e80,0x004D6E80,0x004D6E9C,28
FUN_004d6ea8,0x004D6EA8,0x004D6EB8,16
FUN_004d6ef8,0x004D6EF8,0x004D6F28,48
FUN_004d6f38,0x004D6F38,0x004D6F88,80
FUN_004d7008,0x004D7008,0x004D714C,208
entry_004d70fc,0x004D70FC,0x004D7138,60
entry_004d7138,0x004D7138,0x004D714C,20
FUN_004d71e8,0x004D71E8,0x004D73E0,388
entry_004d72b4,0x004D72B4,0x004D72C4,16
entry_004d72c4,0x004D72C4,0x004D72D4,16
entry_004d72d4,0x004D72D4,0x004D72F0,28
entry_004d72f0,0x004D72F0,0x004D72F4,4
entry_004d72f4,0x004D72F4,0x004D732C,56
entry_004d732c,0x004D732C,0x004D7394,104
entry_004d7394,0x004D7394,0x004D73B8,36
entry_004d73b8,0x004D73B8,0x004D73E0,40
FUN_004d73e8,0x004D73E8,0x004D7414,44
FUN_004d7428,0x004D7428,0x004D7444,28
FUN_004d7590,0x004D7590,0x004D75B0,32
FUN_004d7628,0x004D7628,0x004D7640,24
FUN_004d76b8,0x004D76B8,0x004D76D0,24
FUN_004d7710,0x004D7710,0x004D774C,60
FUN_004d78d8,0x004D78D8,0x004D7918,60
entry_004d78f0,0x004D78F0,0x004D78F8,8
entry_004d78f8,0x004D78F8,0x004D7918,32
FUN_004d7918,0x004D7918,0x004D7980,68
entry_004d797c,0x004D797C,0x004D7980,4
FUN_004d7988,0x004D7988,0x004D79AC,36
FUN_004d7a08,0x004D7A08,0x004D7A28,32
FUN_004d7a90,0x004D7A90,0x004D7B10,128
FUN_004d7b80,0x004D7B80,0x004D7BA4,36
FUN_004d7bf0,0x004D7BF0,0x004D7C34,68
entry_004d7c10,0x004D7C10,0x004D7C34,36
FUN_004d7fa8,0x004D7FA8,0x004D7FF4,68
entry_004d7ff0,0x004D7FF0,0x004D7FF4,4
FUN_004d8000,0x004D8000,0x004D801C,28
FUN_004d8030,0x004D8030,0x004D803C,12
FUN_004d80e0,0x004D80E0,0x004D8110,48
entry_004d810c,0x004D810C,0x004D8110,4
FUN_004d8128,0x004D8128,0x004D8160,56
entry_004d81d8,0x004D81D8,0x004D8330,344
FUN_004d8330,0x004D8330,0x004D83B4,132
entry_004d839c,0x004D839C,0x004D83B4,24
FUN_004d83c0,0x004D83C0,0x004D83E4,36
FUN_004d83f8,0x004D83F8,0x004D841C,36
entry_004d8520,0x004D8520,0x004D8538,24
FUN_004d8538,0x004D8538,0x004D8554,28
entry_004d8614,0x004D8614,0x004D8628,20
FUN_004d8628,0x004D8628,0x004D8684,92
entry_004d8888,0x004D8888,0x004D88B8,48
FUN_004d88b8,0x004D88B8,0x004D88EC,52
entry_004d8a10,0x004D8A10,0x004D8A30,32
FUN_004d8a30,0x004D8A30,0x004D8A74,68
entry_004d8b48,0x004D8B48,0x004D8B54,12
entry_004d8b54,0x004D8B54,0x004D8B88,52
entry_004d8b88,0x004D8B88,0x004D8C18,144
entry_004d8c18,0x004D8C18,0x004D8C30,24
entry_004d8c30,0x004D8C30,0x004D8C44,20
entry_004d8c44,0x004D8C44,0x004D8C70,44
FUN_004d8c70,0x004D8C70,0x004D8CBC,76
entry_004d8d90,0x004D8D90,0x004D8D98,8
entry_004d8d98,0x004D8D98,0x004D8DCC,52
entry_004d8dcc,0x004D8DCC,0x004D8E80,180
entry_004d8e80,0x004D8E80,0x004D8E98,24
entry_004d8e98,0x004D8E98,0x004D8EAC,20
entry_004d8eac,0x004D8EAC,0x004D8EE0,52
FUN_004d8ee0,0x004D8EE0,0x004D8F2C,76
entry_004d9000,0x004D9000,0x004D9008,8
entry_004d9008,0x004D9008,0x004D903C,52
entry_004d903c,0x004D903C,0x004D9144,264
entry_004d9144,0x004D9144,0x004D915C,24
entry_004d915c,0x004D915C,0x004D9170,20
entry_004d9170,0x004D9170,0x004D91A0,48
FUN_004d91a0,0x004D91A0,0x004D91EC,76
entry_004d9500,0x004D9500,0x004D9528,40
FUN_004d9528,0x004D9528,0x004D957C,84
entry_004d96d0,0x004D96D0,0x004D96E4,20
entry_004d96e4,0x004D96E4,0x004D9710,44
FUN_004d9710,0x004D9710,0x004D9750,64
FUN_004d98c0,0x004D98C0,0x004D98D0,16
FUN_004d98e0,0x004D98E0,0x004D9920,64
FUN_004d9a98,0x004D9A98,0x004D9AA8,16
FUN_004d9ab8,0x004D9AB8,0x004D9B00,72
FUN_004d9d38,0x004D9D38,0x004D9D64,44
entry_004d9e34,0x004D9E34,0x004D9E68,52
FUN_004d9e68,0x004D9E68,0x004D9E78,16
FUN_004d9e88,0x004D9E88,0x004D9EA8,32
entry_004d9ee4,0x004D9EE4,0x004D9F38,84
entry_004d9f38,0x004D9F38,0x004D9F50,24
FUN_004d9f50,0x004D9F50,0x004D9F84,52
entry_004da094,0x004DA094,0x004DA0B8,36
FUN_004da0b8,0x004DA0B8,0x004DA0EC,52
entry_004da1f0,0x004DA1F0,0x004DA210,32
FUN_004da210,0x004DA210,0x004DA250,64
FUN_004da3c8,0x004DA3C8,0x004DA410,72
FUN_004da618,0x004DA618,0x004DA654,60
FUN_004da820,0x004DA820,0x004DA830,16
FUN_004da840,0x004DA840,0x004DA87C,60
FUN_004da9f0,0x004DA9F0,0x004DAA40,80
FUN_004dac70,0x004DAC70,0x004DAC80,16
FUN_004dac90,0x004DAC90,0x004DACD4,68
entry_004dada8,0x004DADA8,0x004DADB4,12
entry_004dadb4,0x004DADB4,0x004DADE8,52
entry_004dade8,0x004DADE8,0x004DAE78,144
entry_004dae78,0x004DAE78,0x004DAE90,24
entry_004dae90,0x004DAE90,0x004DAEA4,20
entry_004daea4,0x004DAEA4,0x004DAED0,44
FUN_004daed0,0x004DAED0,0x004DAF1C,76
FUN_004db178,0x004DB178,0x004DB1B4,60
FUN_004db370,0x004DB370,0x004DB3B8,72
FUN_004db550,0x004DB550,0x004DB5A4,48
entry_004db58c,0x004DB58C,0x004DB5A4,24
FUN_004db5d8,0x004DB5D8,0x004DB640,96
entry_004db634,0x004DB634,0x004DB640,12
FUN_004db648,0x004DB648,0x004DB6C0,108
entry_004db6b8,0x004DB6B8,0x004DB6C0,8
FUN_004db6c8,0x004DB6C8,0x004DB738,100
entry_004db6ec,0x004DB6EC,0x004DB730,68
entry_004db730,0x004DB730,0x004DB738,8
FUN_004db740,0x004DB740,0x004DB754,20
FUN_004db760,0x004DB760,0x004DB848,132
entry_004db784,0x004DB784,0x004DB7E0,92
entry_004db7e0,0x004DB7E0,0x004DB7E8,8
entry_004db7e8,0x004DB7E8,0x004DB840,88
entry_004db840,0x004DB840,0x004DB848,8
FUN_004db850,0x004DB850,0x004DB8B8,88
entry_004db870,0x004DB870,0x004DB8B0,64
entry_004db8b0,0x004DB8B0,0x004DB8B8,8
FUN_004db8c0,0x004DB8C0,0x004DB928,88
entry_004db8e0,0x004DB8E0,0x004DB920,64
entry_004db920,0x004DB920,0x004DB928,8
FUN_004db930,0x004DB930,0x004DB998,88
entry_004db950,0x004DB950,0x004DB990,64
entry_004db990,0x004DB990,0x004DB998,8
FUN_004db9a0,0x004DB9A0,0x004DBA14,100
entry_004db9c4,0x004DB9C4,0x004DBA0C,72
entry_004dba0c,0x004DBA0C,0x004DBA14,8
FUN_004dba20,0x004DBA20,0x004DBA94,100
entry_004dba44,0x004DBA44,0x004DBA8C,72
entry_004dba8c,0x004DBA8C,0x004DBA94,8
FUN_004dbaa0,0x004DBAA0,0x004DBB98,80
entry_004dbb84,0x004DBB84,0x004DBB98,20
FUN_004dbba0,0x004DBBA0,0x004DBC24,132
entry_004dbc0c,0x004DBC0C,0x004DBC24,24
FUN_004dbc30,0x004DBC30,0x004DBC58,40
FUN_004dbc68,0x004DBC68,0x004DBE68,104
entry_004dbe48,0x004DBE48,0x004DBE68,32
FUN_004dbe70,0x004DBE70,0x004DC070,104
entry_004dc050,0x004DC050,0x004DC070,32
FUN_004dc078,0x004DC078,0x004DC100,52
entry_004dc0f4,0x004DC0F4,0x004DC100,12
FUN_004dc108,0x004DC108,0x004DC1A0,44
entry_004dc198,0x004DC198,0x004DC1A0,8
FUN_004dc1a8,0x004DC1A8,0x004DC230,52
entry_004dc224,0x004DC224,0x004DC230,12
FUN_004dc238,0x004DC238,0x004DC24C,20
FUN_004dc258,0x004DC258,0x004DC26C,20
FUN_004dc278,0x004DC278,0x004DC494,100
entry_004dc478,0x004DC478,0x004DC494,28
FUN_004dc4a0,0x004DC4A0,0x004DC4B8,24
FUN_004dc4c0,0x004DC4C0,0x004DC4D4,20
FUN_004dc4e0,0x004DC4E0,0x004DC5DC,88
entry_004dc5c4,0x004DC5C4,0x004DC5DC,24
FUN_004dc5e8,0x004DC5E8,0x004DC5FC,20
FUN_004dc630,0x004DC630,0x004DC714,152
entry_004dc668,0x004DC668,0x004DC6EC,132
entry_004dc6ec,0x004DC6EC,0x004DC700,20
entry_004dc700,0x004DC700,0x004DC714,20
FUN_004dc720,0x004DC720,0x004DC7F4,164
entry_004dc754,0x004DC754,0x004DC770,28
entry_004dc770,0x004DC770,0x004DC7A0,48
entry_004dc7a0,0x004DC7A0,0x004DC7E4,68
entry_004dc7e4,0x004DC7E4,0x004DC7F4,16
FUN_004dc800,0x004DC800,0x004DC94C,324
entry_004dc888,0x004DC888,0x004DC93C,180
entry_004dc93c,0x004DC93C,0x004DC940,4
entry_004dc940,0x004DC940,0x004DC94C,12
FUN_004dc958,0x004DC958,0x004DC978,32
FUN_004dc980,0x004DC980,0x004DC9C8,72
entry_004dc9c4,0x004DC9C4,0x004DC9C8,4
FUN_004dc9d0,0x004DC9D0,0x004DCAD8,208
entry_004dc9f8,0x004DC9F8,0x004DCA1C,36
entry_004dca1c,0x004DCA1C,0x004DCA24,8
entry_004dca24,0x004DCA24,0x004DCA44,32
entry_004dca44,0x004DCA44,0x004DCA68,36
entry_004dca68,0x004DCA68,0x004DCA8C,36
entry_004dca8c,0x004DCA8C,0x004DCACC,64
entry_004dcacc,0x004DCACC,0x004DCAD8,12
FUN_004dcae0,0x004DCAE0,0x004DCB38,88
FUN_004dcbc8,0x004DCBC8,0x004DCBD0,8
FUN_004dcc10,0x004DCC10,0x004DCC18,8
FUN_004dcc20,0x004DCC20,0x004DCC28,8
FUN_004dcc30,0x004DCC30,0x004DCCC4,148
FUN_004dcd18,0x004DCD18,0x004DCD20,8
FUN_004dcd28,0x004DCD28,0x004DCD50,40
entry_004dcd44,0x004DCD44,0x004DCD4C,8
entry_004dcd4c,0x004DCD4C,0x004DCD50,4
FUN_004dcdb8,0x004DCDB8,0x004DCDF0,56
entry_004dcde4,0x004DCDE4,0x004DCDF0,12
FUN_004dcdf8,0x004DCDF8,0x004DCFE4,432
entry_004dce74,0x004DCE74,0x004DCEB0,60
entry_004dceb0,0x004DCEB0,0x004DCEE0,48
entry_004dcee0,0x004DCEE0,0x004DCF18,56
entry_004dcf18,0x004DCF18,0x004DCF5C,68
entry_004dcf5c,0x004DCF5C,0x004DCF90,52
entry_004dcf90,0x004DCF90,0x004DCF94,4
entry_004dcf94,0x004DCF94,0x004DCFD0,60
entry_004dcfd0,0x004DCFD0,0x004DCFE4,20
FUN_004dd360,0x004DD360,0x004DD3A8,28
entry_004dd3a4,0x004DD3A4,0x004DD3A8,4
FUN_004dd3b0,0x004DD3B0,0x004DD3BC,12
FUN_004dd3c8,0x004DD3C8,0x004DD404,60
FUN_004dd438,0x004DD438,0x004DD440,8
FUN_004dd4c0,0x004DD4C0,0x004DD4C8,8
FUN_004dd4d0,0x004DD4D0,0x004DD4FC,44
FUN_004dd508,0x004DD508,0x004DD5FC,244
entry_004dd590,0x004DD590,0x004DD5B0,32
entry_004dd5b0,0x004DD5B0,0x004DD5C8,24
entry_004dd5c8,0x004DD5C8,0x004DD5D8,16
entry_004dd5d8,0x004DD5D8,0x004DD5DC,4
entry_004dd5dc,0x004DD5DC,0x004DD5FC,32
FUN_004dd608,0x004DD608,0x004DD610,8
FUN_004dd618,0x004DD618,0x004DD66C,84
FUN_004dd670,0x004DD670,0x004DD678,8
FUN_004dd680,0x004DD680,0x004DD688,8
FUN_004dd6c8,0x004DD6C8,0x004DD6D0,8
FUN_004dd6d8,0x004DD6D8,0x004DD6EC,20
FUN_004dd740,0x004DD740,0x004DD7E4,156
entry_004dd7d4,0x004DD7D4,0x004DD7E4,16
FUN_004dd830,0x004DD830,0x004DD838,8
FUN_004dd840,0x004DD840,0x004DD8A0,96
thunk_FUN_004dcdb8,0x004DD958,0x004DD960,8
FUN_004dd9d0,0x004DD9D0,0x004DDA18,72
FUN_004dda18,0x004DDA18,0x004DDA40,40
FUN_004dda40,0x004DDA40,0x004DDA8C,76
FUN_004dda90,0x004DDA90,0x004DDA98,8
FUN_004ddaa0,0x004DDAA0,0x004DDAA8,8
FUN_004ddae8,0x004DDAE8,0x004DDAF0,8
FUN_004ddaf8,0x004DDAF8,0x004DDBC4,192
entry_004ddbb8,0x004DDBB8,0x004DDBC4,12
FUN_004ddbd0,0x004DDBD0,0x004DDC38,68
entry_004ddc0c,0x004DDC0C,0x004DDC38,44
FUN_004ddc50,0x004DDC50,0x004DDC60,16
FUN_004ddc70,0x004DDC70,0x004DDDBC,116
entry_004ddcac,0x004DDCAC,0x004DDDA4,248
entry_004ddda4,0x004DDDA4,0x004DDDBC,24
FUN_004dddc8,0x004DDDC8,0x004DDE78,100
entry_004dddfc,0x004DDDFC,0x004DDE14,24
entry_004dde14,0x004DDE14,0x004DDE68,84
entry_004dde68,0x004DDE68,0x004DDE78,16
FUN_004ddeb0,0x004DDEB0,0x004DDEC4,20
entry_004ddf30,0x004DDF30,0x004DDF40,16
FUN_004ddf40,0x004DDF40,0x004DDF54,20
entry_004ddfac,0x004DDFAC,0x004DDFC0,20
FUN_004ddfc0,0x004DDFC0,0x004DE148,72
entry_004de138,0x004DE138,0x004DE148,16
FUN_004de1d8,0x004DE1D8,0x004DE1F4,28
entry_004de1ec,0x004DE1EC,0x004DE1F4,8
FUN_004de210,0x004DE210,0x004DE480,608
entry_004de270,0x004DE270,0x004DE2C4,84
entry_004de2c4,0x004DE2C4,0x004DE360,156
entry_004de360,0x004DE360,0x004DE390,48
entry_004de390,0x004DE390,0x004DE3AC,28
entry_004de3ac,0x004DE3AC,0x004DE3B0,4
entry_004de3b0,0x004DE3B0,0x004DE3C0,16
entry_004de3c0,0x004DE3C0,0x004DE3C4,4
entry_004de3c4,0x004DE3C4,0x004DE414,80
entry_004de414,0x004DE414,0x004DE478,100
entry_004de478,0x004DE478,0x004DE480,8
FUN_004de508,0x004DE508,0x004DE51C,20
FUN_004de588,0x004DE588,0x004DE5F0,96
entry_004de5a8,0x004DE5A8,0x004DE5F0,72
FUN_004de5f8,0x004DE5F8,0x004DE610,24
FUN_004de640,0x004DE640,0x004DE6D8,60
entry_004de66c,0x004DE66C,0x004DE6CC,96
entry_004de6cc,0x004DE6CC,0x004DE6D8,12
FUN_004de6e0,0x004DE6E0,0x004DE6F8,24
FUN_004de780,0x004DE780,0x004DE7A0,32
FUN_004de7e0,0x004DE7E0,0x004DE884,60
entry_004de80c,0x004DE80C,0x004DE878,108
entry_004de878,0x004DE878,0x004DE884,12
FUN_004de890,0x004DE890,0x004DE8A8,24
FUN_004de8e0,0x004DE8E0,0x004DE99C,60
entry_004de90c,0x004DE90C,0x004DE990,132
entry_004de990,0x004DE990,0x004DE99C,12
FUN_004de9a8,0x004DE9A8,0x004DE9C0,24
FUN_004de9f8,0x004DE9F8,0x004DEA24,44
entry_004deaa8,0x004DEAA8,0x004DEB10,104
FUN_004deb10,0x004DEB10,0x004DEB28,24
FUN_004deb60,0x004DEB60,0x004DEBC4,56
entry_004deb8c,0x004DEB8C,0x004DEBB8,44
entry_004debb8,0x004DEBB8,0x004DEBC4,12
FUN_004debd0,0x004DEBD0,0x004DEBE8,24
FUN_004dec20,0x004DEC20,0x004DED0C,88
entry_004dec60,0x004DEC60,0x004DECF8,152
entry_004decf8,0x004DECF8,0x004DED0C,20
FUN_004ded18,0x004DED18,0x004DED48,48
FUN_004ded98,0x004DED98,0x004DEDC8,48
FUN_004dee40,0x004DEE40,0x004DEEA8,104
FUN_004deeb0,0x004DEEB0,0x004DEEFC,76
entry_004deecc,0x004DEECC,0x004DEEE0,20
entry_004deee0,0x004DEEE0,0x004DEEFC,28
FUN_004def90,0x004DEF90,0x004DEFE4,84
entry_004defe0,0x004DEFE0,0x004DEFE4,4
FUN_004deff0,0x004DEFF0,0x004DF114,104
entry_004df030,0x004DF030,0x004DF0F4,196
entry_004df0f4,0x004DF0F4,0x004DF114,32
FUN_004df120,0x004DF120,0x004DF208,144
entry_004df15c,0x004DF15C,0x004DF174,24
entry_004df174,0x004DF174,0x004DF188,20
entry_004df188,0x004DF188,0x004DF1EC,100
entry_004df1ec,0x004DF1EC,0x004DF208,28
FUN_004df210,0x004DF210,0x004DF234,36
FUN_004df2b8,0x004DF2B8,0x004DF328,112
entry_004df2e4,0x004DF2E4,0x004DF2F0,12
entry_004df2f0,0x004DF2F0,0x004DF320,48
entry_004df320,0x004DF320,0x004DF328,8
FUN_004df330,0x004DF330,0x004DF354,36
FUN_004df3d8,0x004DF3D8,0x004DF488,136
entry_004df41c,0x004DF41C,0x004DF42C,16
entry_004df42c,0x004DF42C,0x004DF444,24
entry_004df444,0x004DF444,0x004DF474,48
entry_004df474,0x004DF474,0x004DF488,20
FUN_004df4e8,0x004DF4E8,0x004DF588,112
entry_004df518,0x004DF518,0x004DF528,16
entry_004df528,0x004DF528,0x004DF56C,68
entry_004df56c,0x004DF56C,0x004DF588,28
FUN_004df718,0x004DF718,0x004DF770,88
FUN_004dfe20,0x004DFE20,0x004DFE64,68
FUN_004e0070,0x004E0070,0x004E00F0,128
FUN_004e04f8,0x004E04F8,0x004E0508,16
FUN_004e0718,0x004E0718,0x004E0758,64
FUN_004e0958,0x004E0958,0x004E0C7C,116
entry_004e0c60,0x004E0C60,0x004E0C7C,28
FUN_004e0c88,0x004E0C88,0x004E0CFC,116
entry_004e0d80,0x004E0D80,0x004E0DC4,68
entry_004e0dc4,0x004E0DC4,0x004E0DF4,48
entry_004e0df4,0x004E0DF4,0x004E10B0,700
FUN_004e10b0,0x004E10B0,0x004E1144,100
entry_004e1138,0x004E1138,0x004E1144,12
FUN_004e1250,0x004E1250,0x004E12EC,156
FUN_004e17a8,0x004E17A8,0x004E1804,92
FUN_004e1920,0x004E1920,0x004E1970,80
FUN_004e1a88,0x004E1A88,0x004E1AC8,64
FUN_004e1c08,0x004E1C08,0x004E1CCC,164
entry_004e1c40,0x004E1C40,0x004E1C68,40
entry_004e1c68,0x004E1C68,0x004E1CB8,80
entry_004e1cb8,0x004E1CB8,0x004E1CC4,12
entry_004e1cc4,0x004E1CC4,0x004E1CCC,8
FUN_004e1cf0,0x004E1CF0,0x004E1D48,80
entry_004e1d20,0x004E1D20,0x004E1D48,40
FUN_004e1d80,0x004E1D80,0x004E1DEC,88
entry_004e1dd8,0x004E1DD8,0x004E1DE4,12
entry_004e1de4,0x004E1DE4,0x004E1DEC,8
FUN_004e1e18,0x004E1E18,0x004E1E44,44
FUN_004e20c8,0x004E20C8,0x004E223C,144
entry_004e21b8,0x004E21B8,0x004E2230,120
entry_004e2230,0x004E2230,0x004E223C,12
FUN_004e2f38,0x004E2F38,0x004E2F54,28
FUN_004e2fd8,0x004E2FD8,0x004E3170,200
entry_004e3018,0x004E3018,0x004E3024,12
entry_004e3024,0x004E3024,0x004E3040,28
entry_004e3040,0x004E3040,0x004E3074,52
entry_004e3074,0x004E3074,0x004E310C,152
entry_004e310c,0x004E310C,0x004E3158,76
entry_004e3158,0x004E3158,0x004E3170,24
FUN_004e3178,0x004E3178,0x004E31A8,48
FUN_004e3490,0x004E3490,0x004E34B4,36
FUN_004e3740,0x004E3740,0x004E3770,48
FUN_004e37e0,0x004E37E0,0x004E37FC,28
entry_004e388c,0x004E388C,0x004E3928,156
FUN_004e3928,0x004E3928,0x004E3978,80
FUN_004e3a68,0x004E3A68,0x004E3A80,24
entry_004e3b60,0x004E3B60,0x004E3D68,520
entry_004e3d68,0x004E3D68,0x004E3D78,16
FUN_004e3d78,0x004E3D78,0x004E3F3C,348
entry_004e3e08,0x004E3E08,0x004E3E14,12
entry_004e3e14,0x004E3E14,0x004E3E34,32
entry_004e3e34,0x004E3E34,0x004E3E48,20
entry_004e3e48,0x004E3E48,0x004E3E50,8
entry_004e3e50,0x004E3E50,0x004E3EC4,116
entry_004e3ec4,0x004E3EC4,0x004E3EE0,28
entry_004e3ee0,0x004E3EE0,0x004E3EEC,12
entry_004e3eec,0x004E3EEC,0x004E3F0C,32
entry_004e3f0c,0x004E3F0C,0x004E3F10,4
entry_004e3f10,0x004E3F10,0x004E3F3C,44
FUN_004e3f48,0x004E3F48,0x004E3F74,44
thunk_FUN_004e1d80,0x004E3F80,0x004E3F88,8
FUN_004e3f88,0x004E3F88,0x004E40D4,184
entry_004e3ff0,0x004E3FF0,0x004E3FFC,12
entry_004e3ffc,0x004E3FFC,0x004E4018,28
entry_004e4018,0x004E4018,0x004E40B0,152
entry_004e40b0,0x004E40B0,0x004E40D4,36
FUN_004e40e0,0x004E40E0,0x004E40E8,8
FUN_004e40e8,0x004E40E8,0x004E4130,72
entry_004e412c,0x004E412C,0x004E4130,4
FUN_004e4138,0x004E4138,0x004E4150,24
FUN_004e41c8,0x004E41C8,0x004E41E0,24
FUN_004e4260,0x004E4260,0x004E4288,40
FUN_004e4358,0x004E4358,0x004E4424,188
entry_004e43cc,0x004E43CC,0x004E4418,76
entry_004e4418,0x004E4418,0x004E4424,12
FUN_004e4660,0x004E4660,0x004E470C,88
entry_004e46fc,0x004E46FC,0x004E470C,16
FUN_004e4760,0x004E4760,0x004E4778,24
FUN_004e4828,0x004E4828,0x004E49D4,284
entry_004e4878,0x004E4878,0x004E4894,28
entry_004e4894,0x004E4894,0x004E48A4,16
entry_004e48a4,0x004E48A4,0x004E48B0,12
entry_004e48b0,0x004E48B0,0x004E48B8,8
entry_004e48b8,0x004E48B8,0x004E48F0,56
entry_004e48f0,0x004E48F0,0x004E4998,168
entry_004e4998,0x004E4998,0x004E49C0,40
entry_004e49c0,0x004E49C0,0x004E49D4,20
FUN_004e49e0,0x004E49E0,0x004E4A08,40
FUN_004e4c98,0x004E4C98,0x004E4E00,216
entry_004e4cd0,0x004E4CD0,0x004E4CE8,24
entry_004e4ce8,0x004E4CE8,0x004E4D04,28
entry_004e4d04,0x004E4D04,0x004E4D0C,8
entry_004e4d0c,0x004E4D0C,0x004E4D70,100
entry_004e4d70,0x004E4D70,0x004E4D74,4
entry_004e4d74,0x004E4D74,0x004E4DEC,120
entry_004e4dec,0x004E4DEC,0x004E4E00,20
FUN_004e4e08,0x004E4E08,0x004E4E6C,92
entry_004e4e48,0x004E4E48,0x004E4E64,28
entry_004e4e64,0x004E4E64,0x004E4E6C,8
FUN_004e4fd0,0x004E4FD0,0x004E4FE0,16
FUN_004e5080,0x004E5080,0x004E5081,1
FUN_004e50c8,0x004E50C8,0x004E5108,64
FUN_004e5110,0x004E5110,0x004E514C,60
FUN_004e5168,0x004E5168,0x004E51DC,116
FUN_004e51f8,0x004E51F8,0x004E5200,8
FUN_004e5278,0x004E5278,0x004E52A4,44
entry_004e5294,0x004E5294,0x004E52A0,12
entry_004e52a0,0x004E52A0,0x004E52A4,4
FUN_004e52c0,0x004E52C0,0x004E5330,112
entry_004e5324,0x004E5324,0x004E5328,4
entry_004e5328,0x004E5328,0x004E5330,8
FUN_004e5338,0x004E5338,0x004E53A4,84
entry_004e5398,0x004E5398,0x004E53A0,8
entry_004e53a0,0x004E53A0,0x004E53A4,4
FUN_004e53b0,0x004E53B0,0x004E53EC,60
entry_004e53e0,0x004E53E0,0x004E53EC,12
FUN_004e5450,0x004E5450,0x004E545C,12
FUN_004e5548,0x004E5548,0x004E560C,196
entry_004e5590,0x004E5590,0x004E55B0,32
entry_004e55b0,0x004E55B0,0x004E55C4,20
entry_004e55c4,0x004E55C4,0x004E55CC,8
entry_004e55cc,0x004E55CC,0x004E55D4,8
entry_004e55d4,0x004E55D4,0x004E55D8,4
entry_004e55d8,0x004E55D8,0x004E55E4,12
entry_004e55e4,0x004E55E4,0x004E55FC,24
entry_004e55fc,0x004E55FC,0x004E560C,16
FUN_004e5650,0x004E5650,0x004E565C,12
FUN_004e56d8,0x004E56D8,0x004E56F4,28
FUN_004e5700,0x004E5700,0x004E571C,28
FUN_004e5728,0x004E5728,0x004E57E8,152
entry_004e579c,0x004E579C,0x004E57A8,12
entry_004e57a8,0x004E57A8,0x004E57D4,44
entry_004e57d4,0x004E57D4,0x004E57E8,20
FUN_004e59b8,0x004E59B8,0x004E5A98,92
entry_004e5a88,0x004E5A88,0x004E5A98,16
FUN_004e5c78,0x004E5C78,0x004E5DA0,156
entry_004e5cd4,0x004E5CD4,0x004E5CDC,8
entry_004e5cdc,0x004E5CDC,0x004E5D88,172
entry_004e5d88,0x004E5D88,0x004E5D98,16
entry_004e5d98,0x004E5D98,0x004E5DA0,8
FUN_004e6098,0x004E6098,0x004E6150,184
entry_004e60ec,0x004E60EC,0x004E6114,40
entry_004e6114,0x004E6114,0x004E6128,20
entry_004e6128,0x004E6128,0x004E6140,24
entry_004e6140,0x004E6140,0x004E6144,4
entry_004e6144,0x004E6144,0x004E6150,12
FUN_004e6158,0x004E6158,0x004E61E0,68
entry_004e61c4,0x004E61C4,0x004E61DC,24
entry_004e61dc,0x004E61DC,0x004E61E0,4
FUN_004e63a8,0x004E63A8,0x004E63E8,64
FUN_004e6aa0,0x004E6AA0,0x004E6BF4,284
entry_004e6b98,0x004E6B98,0x004E6BCC,52
entry_004e6bcc,0x004E6BCC,0x004E6BE4,24
entry_004e6be4,0x004E6BE4,0x004E6BEC,8
entry_004e6bec,0x004E6BEC,0x004E6BF0,4
entry_004e6bf0,0x004E6BF0,0x004E6BF4,4
FUN_004e6e70,0x004E6E70,0x004E74E4,1652
entry_004e6ea8,0x004E6EA8,0x004E6EE4,60
entry_004e6ee4,0x004E6EE4,0x004E6EFC,24
entry_004e6efc,0x004E6EFC,0x004E6F04,8
entry_004e6f04,0x004E6F04,0x004E6F40,60
entry_004e6f40,0x004E6F40,0x004E6F7C,60
entry_004e6f7c,0x004E6F7C,0x004E6F94,24
entry_004e6f94,0x004E6F94,0x004E6FA4,16
entry_004e6fa4,0x004E6FA4,0x004E6FD0,44
entry_004e6fd0,0x004E6FD0,0x004E700C,60
entry_004e700c,0x004E700C,0x004E7024,24
entry_004e7024,0x004E7024,0x004E702C,8
entry_004e702c,0x004E702C,0x004E7060,52
entry_004e7060,0x004E7060,0x004E709C,60
entry_004e709c,0x004E709C,0x004E70B4,24
entry_004e70b4,0x004E70B4,0x004E70C0,12
entry_004e70c0,0x004E70C0,0x004E70F0,48
entry_004e70f0,0x004E70F0,0x004E712C,60
entry_004e712c,0x004E712C,0x004E7144,24
entry_004e7144,0x004E7144,0x004E714C,8
entry_004e714c,0x004E714C,0x004E7180,52
entry_004e7180,0x004E7180,0x004E71BC,60
entry_004e71bc,0x004E71BC,0x004E71D4,24
entry_004e71d4,0x004E71D4,0x004E71DC,8
entry_004e71dc,0x004E71DC,0x004E7208,44
entry_004e7208,0x004E7208,0x004E7244,60
entry_004e7244,0x004E7244,0x004E725C,24
entry_004e725c,0x004E725C,0x004E7264,8
entry_004e7264,0x004E7264,0x004E7298,52
entry_004e7298,0x004E7298,0x004E72D4,60
entry_004e72d4,0x004E72D4,0x004E72EC,24
entry_004e72ec,0x004E72EC,0x004E72F4,8
entry_004e72f4,0x004E72F4,0x004E7328,52
entry_004e7328,0x004E7328,0x004E7364,60
entry_004e7364,0x004E7364,0x004E737C,24
entry_004e737c,0x004E737C,0x004E7384,8
entry_004e7384,0x004E7384,0x004E73B8,52
entry_004e73b8,0x004E73B8,0x004E73F4,60
entry_004e73f4,0x004E73F4,0x004E740C,24
entry_004e740c,0x004E740C,0x004E7414,8
entry_004e7414,0x004E7414,0x004E7438,36
entry_004e7438,0x004E7438,0x004E7468,48
entry_004e7468,0x004E7468,0x004E74A0,56
entry_004e74a0,0x004E74A0,0x004E74B8,24
entry_004e74b8,0x004E74B8,0x004E74C4,12
entry_004e74c4,0x004E74C4,0x004E74D4,16
entry_004e74d4,0x004E74D4,0x004E74E4,16
FUN_004e7518,0x004E7518,0x004E92B8,7112
entry_004e7590,0x004E7590,0x004E75CC,60
entry_004e75cc,0x004E75CC,0x004E75E4,24
entry_004e75e4,0x004E75E4,0x004E75EC,8
entry_004e75ec,0x004E75EC,0x004E7620,52
entry_004e7620,0x004E7620,0x004E765C,60
entry_004e765c,0x004E765C,0x004E7674,24
entry_004e7674,0x004E7674,0x004E7680,12
entry_004e7680,0x004E7680,0x004E76B8,56
entry_004e76b8,0x004E76B8,0x004E76F4,60
entry_004e76f4,0x004E76F4,0x004E770C,24
entry_004e770c,0x004E770C,0x004E7714,8
entry_004e7714,0x004E7714,0x004E77D8,196
entry_004e77d8,0x004E77D8,0x004E7814,60
entry_004e7814,0x004E7814,0x004E782C,24
entry_004e782c,0x004E782C,0x004E7834,8
entry_004e7834,0x004E7834,0x004E7868,52
entry_004e7868,0x004E7868,0x004E78A4,60
entry_004e78a4,0x004E78A4,0x004E78BC,24
entry_004e78bc,0x004E78BC,0x004E78C4,8
entry_004e78c4,0x004E78C4,0x004E78F8,52
entry_004e78f8,0x004E78F8,0x004E7934,60
entry_004e7934,0x004E7934,0x004E794C,24
entry_004e794c,0x004E794C,0x004E7954,8
entry_004e7954,0x004E7954,0x004E7988,52
entry_004e7988,0x004E7988,0x004E79C4,60
entry_004e79c4,0x004E79C4,0x004E79DC,24
entry_004e79dc,0x004E79DC,0x004E79E8,12
entry_004e79e8,0x004E79E8,0x004E7A18,48
entry_004e7a18,0x004E7A18,0x004E7A54,60
entry_004e7a54,0x004E7A54,0x004E7A6C,24
entry_004e7a6c,0x004E7A6C,0x004E7A74,8
entry_004e7a74,0x004E7A74,0x004E7AA8,52
entry_004e7aa8,0x004E7AA8,0x004E7AE4,60
entry_004e7ae4,0x004E7AE4,0x004E7AFC,24
entry_004e7afc,0x004E7AFC,0x004E7B04,8
entry_004e7b04,0x004E7B04,0x004E7B38,52
entry_004e7b38,0x004E7B38,0x004E7B74,60
entry_004e7b74,0x004E7B74,0x004E7B8C,24
entry_004e7b8c,0x004E7B8C,0x004E7B94,8
entry_004e7b94,0x004E7B94,0x004E7BC8,52
entry_004e7bc8,0x004E7BC8,0x004E7C04,60
entry_004e7c04,0x004E7C04,0x004E7C1C,24
entry_004e7c1c,0x004E7C1C,0x004E7C24,8
entry_004e7c24,0x004E7C24,0x004E7C60,60
entry_004e7c60,0x004E7C60,0x004E7C9C,60
entry_004e7c9c,0x004E7C9C,0x004E7CB4,24
entry_004e7cb4,0x004E7CB4,0x004E7CBC,8
entry_004e7cbc,0x004E7CBC,0x004E7CF8,60
entry_004e7cf8,0x004E7CF8,0x004E7D34,60
entry_004e7d34,0x004E7D34,0x004E7D4C,24
entry_004e7d4c,0x004E7D4C,0x004E7D5C,16
entry_004e7d5c,0x004E7D5C,0x004E7D88,44
entry_004e7d88,0x004E7D88,0x004E7DC4,60
entry_004e7dc4,0x004E7DC4,0x004E7DDC,24
entry_004e7ddc,0x004E7DDC,0x004E7DE4,8
entry_004e7de4,0x004E7DE4,0x004E7E18,52
entry_004e7e18,0x004E7E18,0x004E7E54,60
entry_004e7e54,0x004E7E54,0x004E7E6C,24
entry_004e7e6c,0x004E7E6C,0x004E7E78,12
entry_004e7e78,0x004E7E78,0x004E7EA8,48
entry_004e7ea8,0x004E7EA8,0x004E7EE4,60
entry_004e7ee4,0x004E7EE4,0x004E7EFC,24
entry_004e7efc,0x004E7EFC,0x004E7F04,8
entry_004e7f04,0x004E7F04,0x004E7F38,52
entry_004e7f38,0x004E7F38,0x004E7F74,60
entry_004e7f74,0x004E7F74,0x004E7F8C,24
entry_004e7f8c,0x004E7F8C,0x004E7F94,8
entry_004e7f94,0x004E7F94,0x004E7FC0,44
entry_004e7fc0,0x004E7FC0,0x004E7FFC,60
entry_004e7ffc,0x004E7FFC,0x004E8014,24
entry_004e8014,0x004E8014,0x004E801C,8
entry_004e801c,0x004E801C,0x004E803C,32
entry_004e803c,0x004E803C,0x004E8070,52
entry_004e8070,0x004E8070,0x004E80AC,60
entry_004e80ac,0x004E80AC,0x004E80C4,24
entry_004e80c4,0x004E80C4,0x004E80CC,8
entry_004e80cc,0x004E80CC,0x004E8108,60
entry_004e8108,0x004E8108,0x004E8144,60
entry_004e8144,0x004E8144,0x004E815C,24
entry_004e815c,0x004E815C,0x004E816C,16
entry_004e816c,0x004E816C,0x004E8198,44
entry_004e8198,0x004E8198,0x004E81D4,60
entry_004e81d4,0x004E81D4,0x004E81EC,24
entry_004e81ec,0x004E81EC,0x004E81F4,8
entry_004e81f4,0x004E81F4,0x004E8228,52
entry_004e8228,0x004E8228,0x004E8264,60
entry_004e8264,0x004E8264,0x004E827C,24
entry_004e827c,0x004E827C,0x004E8288,12
entry_004e8288,0x004E8288,0x004E82B8,48
entry_004e82b8,0x004E82B8,0x004E82F4,60
entry_004e82f4,0x004E82F4,0x004E830C,24
entry_004e830c,0x004E830C,0x004E8314,8
entry_004e8314,0x004E8314,0x004E8348,52
entry_004e8348,0x004E8348,0x004E8384,60
entry_004e8384,0x004E8384,0x004E839C,24
entry_004e839c,0x004E839C,0x004E83A4,8
entry_004e83a4,0x004E83A4,0x004E83D0,44
entry_004e83d0,0x004E83D0,0x004E840C,60
entry_004e840c,0x004E840C,0x004E8424,24
entry_004e8424,0x004E8424,0x004E842C,8
entry_004e842c,0x004E842C,0x004E8450,36
entry_004e8450,0x004E8450,0x004E8480,48
entry_004e8480,0x004E8480,0x004E84BC,60
entry_004e84bc,0x004E84BC,0x004E84D4,24
entry_004e84d4,0x004E84D4,0x004E84DC,8
entry_004e84dc,0x004E84DC,0x004E84E0,4
entry_004e84e0,0x004E84E0,0x004E8518,56
entry_004e8518,0x004E8518,0x004E8554,60
entry_004e8554,0x004E8554,0x004E856C,24
entry_004e856c,0x004E856C,0x004E8578,12
entry_004e8578,0x004E8578,0x004E857C,4
entry_004e857c,0x004E857C,0x004E85B8,60
entry_004e85b8,0x004E85B8,0x004E85F4,60
entry_004e85f4,0x004E85F4,0x004E860C,24
entry_004e860c,0x004E860C,0x004E8614,8
entry_004e8614,0x004E8614,0x004E8648,52
entry_004e8648,0x004E8648,0x004E8684,60
entry_004e8684,0x004E8684,0x004E869C,24
entry_004e869c,0x004E869C,0x004E86A4,8
entry_004e86a4,0x004E86A4,0x004E86D8,52
entry_004e86d8,0x004E86D8,0x004E8714,60
entry_004e8714,0x004E8714,0x004E872C,24
entry_004e872c,0x004E872C,0x004E8734,8
entry_004e8734,0x004E8734,0x004E8768,52
entry_004e8768,0x004E8768,0x004E87A4,60
entry_004e87a4,0x004E87A4,0x004E87BC,24
entry_004e87bc,0x004E87BC,0x004E87C4,8
entry_004e87c4,0x004E87C4,0x004E87F0,44
entry_004e87f0,0x004E87F0,0x004E882C,60
entry_004e882c,0x004E882C,0x004E8844,24
entry_004e8844,0x004E8844,0x004E884C,8
entry_004e884c,0x004E884C,0x004E8880,52
entry_004e8880,0x004E8880,0x004E88BC,60
entry_004e88bc,0x004E88BC,0x004E88D4,24
entry_004e88d4,0x004E88D4,0x004E88DC,8
entry_004e88dc,0x004E88DC,0x004E8910,52
entry_004e8910,0x004E8910,0x004E894C,60
entry_004e894c,0x004E894C,0x004E8964,24
entry_004e8964,0x004E8964,0x004E896C,8
entry_004e896c,0x004E896C,0x004E8998,44
entry_004e8998,0x004E8998,0x004E89D4,60
entry_004e89d4,0x004E89D4,0x004E89EC,24
entry_004e89ec,0x004E89EC,0x004E89F4,8
entry_004e89f4,0x004E89F4,0x004E8A20,44
entry_004e8a20,0x004E8A20,0x004E8A5C,60
entry_004e8a5c,0x004E8A5C,0x004E8A74,24
entry_004e8a74,0x004E8A74,0x004E8A7C,8
entry_004e8a7c,0x004E8A7C,0x004E8A84,8
entry_004e8a84,0x004E8A84,0x004E8AA0,28
entry_004e8aa0,0x004E8AA0,0x004E8AD8,56
entry_004e8ad8,0x004E8AD8,0x004E8B14,60
entry_004e8b14,0x004E8B14,0x004E8B2C,24
entry_004e8b2c,0x004E8B2C,0x004E8B38,12
entry_004e8b38,0x004E8B38,0x004E8B3C,4
entry_004e8b3c,0x004E8B3C,0x004E8B70,52
entry_004e8b70,0x004E8B70,0x004E8BAC,60
entry_004e8bac,0x004E8BAC,0x004E8BC4,24
entry_004e8bc4,0x004E8BC4,0x004E8BCC,8
entry_004e8bcc,0x004E8BCC,0x004E8DAC,480
entry_004e8dac,0x004E8DAC,0x004E8E04,88
entry_004e8e04,0x004E8E04,0x004E8E18,20
entry_004e8e18,0x004E8E18,0x004E8E54,60
entry_004e8e54,0x004E8E54,0x004E8E6C,24
entry_004e8e6c,0x004E8E6C,0x004E8E70,4
entry_004e8e70,0x004E8E70,0x004E8ED0,96
entry_004e8ed0,0x004E8ED0,0x004E8F0C,60
entry_004e8f0c,0x004E8F0C,0x004E8F24,24
entry_004e8f24,0x004E8F24,0x004E8F34,16
entry_004e8f34,0x004E8F34,0x004E8F4C,24
entry_004e8f4c,0x004E8F4C,0x004E8F98,76
entry_004e8f98,0x004E8F98,0x004E8FA8,16
entry_004e8fa8,0x004E8FA8,0x004E8FE4,60
entry_004e8fe4,0x004E8FE4,0x004E8FFC,24
entry_004e8ffc,0x004E8FFC,0x004E906C,112
entry_004e906c,0x004E906C,0x004E9074,8
entry_004e9074,0x004E9074,0x004E90B0,60
entry_004e90b0,0x004E90B0,0x004E90EC,60
entry_004e90ec,0x004E90EC,0x004E9104,24
entry_004e9104,0x004E9104,0x004E9114,16
entry_004e9114,0x004E9114,0x004E912C,24
entry_004e912c,0x004E912C,0x004E9178,76
entry_004e9178,0x004E9178,0x004E9188,16
entry_004e9188,0x004E9188,0x004E91C4,60
entry_004e91c4,0x004E91C4,0x004E91DC,24
entry_004e91dc,0x004E91DC,0x004E9238,92
entry_004e9238,0x004E9238,0x004E9248,16
entry_004e9248,0x004E9248,0x004E9284,60
entry_004e9284,0x004E9284,0x004E929C,24
entry_004e929c,0x004E929C,0x004E92A0,4
entry_004e92a0,0x004E92A0,0x004E92A4,4
entry_004e92a4,0x004E92A4,0x004E92B8,20
FUN_004e92c0,0x004E92C0,0x004E9424,356
entry_004e9348,0x004E9348,0x004E9380,56
entry_004e9380,0x004E9380,0x004E93B0,48
entry_004e93b0,0x004E93B0,0x004E93E0,48
entry_004e93e0,0x004E93E0,0x004E93FC,28
entry_004e93fc,0x004E93FC,0x004E9400,4
entry_004e9400,0x004E9400,0x004E941C,28
entry_004e941c,0x004E941C,0x004E9424,8
FUN_004e96a0,0x004E96A0,0x004E96B8,24
FUN_004e9898,0x004E9898,0x004E98A8,16
FUN_004e9948,0x004E9948,0x004E99A4,92
FUN_004e9a10,0x004E9A10,0x004E9A5C,76
entry_004e9a50,0x004E9A50,0x004E9A5C,12
FUN_004e9a68,0x004E9A68,0x004E9AA0,56
FUN_004e9aa8,0x004E9AA8,0x004E9B14,68
entry_004e9afc,0x004E9AFC,0x004E9B14,24
FUN_004e9be8,0x004E9BE8,0x004E9C1C,52
entry_004e9c18,0x004E9C18,0x004E9C1C,4
FUN_004e9c30,0x004E9C30,0x004E9CB8,136
entry_004e9c58,0x004E9C58,0x004E9CB8,96
FUN_004e9d10,0x004E9D10,0x004E9D58,72
FUN_004e9d98,0x004E9D98,0x004E9EA4,152
entry_004e9df8,0x004E9DF8,0x004E9E6C,116
entry_004e9e6c,0x004E9E6C,0x004E9E80,20
entry_004e9e80,0x004E9E80,0x004E9E90,16
entry_004e9e90,0x004E9E90,0x004E9EA4,20
FUN_004e9eb0,0x004E9EB0,0x004EA08C,160
entry_004e9f14,0x004E9F14,0x004E9FFC,232
entry_004e9ffc,0x004E9FFC,0x004EA064,104
entry_004ea064,0x004EA064,0x004EA08C,40
FUN_004ea098,0x004EA098,0x004EA0A8,16
FUN_004ea150,0x004EA150,0x004EA158,8
FUN_004ea200,0x004EA200,0x004EA224,36
FUN_004ea2b8,0x004EA2B8,0x004EA2DC,36
FUN_004ea3b8,0x004EA3B8,0x004EA3DC,36
FUN_004ea860,0x004EA860,0x004EA8C8,104
FUN_004ea918,0x004EA918,0x004EA9D0,176
entry_004ea978,0x004EA978,0x004EA9C0,72
entry_004ea9c0,0x004EA9C0,0x004EA9D0,16
FUN_004ea9d8,0x004EA9D8,0x004EAA64,140
entry_004eaa18,0x004EAA18,0x004EAA64,76
FUN_004eab68,0x004EAB68,0x004EABCC,100
FUN_004ead28,0x004EAD28,0x004EAD70,72
FUN_004eadf8,0x004EADF8,0x004EAE40,72
FUN_004eae60,0x004EAE60,0x004EAEAC,76
FUN_004eaec8,0x004EAEC8,0x004EAF10,72
FUN_004eaf30,0x004EAF30,0x004EAF7C,76
FUN_004eaf98,0x004EAF98,0x004EB07C,204
entry_004eb01c,0x004EB01C,0x004EB074,88
entry_004eb074,0x004EB074,0x004EB07C,8
FUN_004eb0e0,0x004EB0E0,0x004EB130,80
entry_004eb0f0,0x004EB0F0,0x004EB10C,28
entry_004eb10c,0x004EB10C,0x004EB128,28
entry_004eb128,0x004EB128,0x004EB130,8
FUN_004eb138,0x004EB138,0x004EB164,44
FUN_004eb1b0,0x004EB1B0,0x004EB1EC,60
FUN_004eb248,0x004EB248,0x004EB274,44
FUN_004eb3c0,0x004EB3C0,0x004EB3FC,60
FUN_004eb470,0x004EB470,0x004EB4EC,124
entry_004eb4bc,0x004EB4BC,0x004EB4C4,8
entry_004eb4c4,0x004EB4C4,0x004EB4D0,12
entry_004eb4d0,0x004EB4D0,0x004EB4E0,16
entry_004eb4e0,0x004EB4E0,0x004EB4EC,12
FUN_004eb518,0x004EB518,0x004EB84C,760
entry_004eb580,0x004EB580,0x004EB5B0,48
entry_004eb5b0,0x004EB5B0,0x004EB5F4,68
entry_004eb5f4,0x004EB5F4,0x004EB61C,40
entry_004eb61c,0x004EB61C,0x004EB654,56
entry_004eb654,0x004EB654,0x004EB658,4
entry_004eb658,0x004EB658,0x004EB674,28
entry_004eb674,0x004EB674,0x004EB688,20
entry_004eb688,0x004EB688,0x004EB6B4,44
entry_004eb6b4,0x004EB6B4,0x004EB6D0,28
entry_004eb6d0,0x004EB6D0,0x004EB718,72
entry_004eb718,0x004EB718,0x004EB728,16
entry_004eb728,0x004EB728,0x004EB748,32
entry_004eb748,0x004EB748,0x004EB75C,20
entry_004eb75c,0x004EB75C,0x004EB770,20
entry_004eb770,0x004EB770,0x004EB7BC,76
entry_004eb7bc,0x004EB7BC,0x004EB7E8,44
entry_004eb7e8,0x004EB7E8,0x004EB80C,36
entry_004eb80c,0x004EB80C,0x004EB820,20
entry_004eb820,0x004EB820,0x004EB840,32
entry_004eb840,0x004EB840,0x004EB844,4
entry_004eb844,0x004EB844,0x004EB84C,8
entry_004eb878,0x004EB878,0x004EB880,8
entry_004eb880,0x004EB880,0x004EB8D0,80
FUN_004eb8d0,0x004EB8D0,0x0072B9C8,1840
entry_004eb8d8,0x004EB8D8,0x004EB8E4,12
entry_004eb8e4,0x004EB8E4,0x004EB8FC,24
entry_004eb8fc,0x004EB8FC,0x004EB918,28
FUN_004eb918,0x004EB918,0x0062B95C,80
entry_004eb944,0x004EB944,0x004EB94C,8
entry_004eb94c,0x004EB94C,0x004EB960,20
FUN_004eb960,0x004EB960,0x005EC8F8,1204
FUN_004eb9a0,0x004EB9A0,0x004EB9A1,1
FUN_004eb9e8,0x004EB9E8,0x004EB9E9,1
entry_004eba44,0x004EBA44,0x004EBB08,196
FUN_004ebb08,0x004EBB08,0x004EBB18,16
FUN_004ebb20,0x004EBB20,0x004EBB28,8
FUN_004ebb50,0x004EBB50,0x004EBB51,1
FUN_004ebbc8,0x004EBBC8,0x0066BC64,532
FUN_004ebc68,0x004EBC68,0x004EBC6C,4
FUN_004ebd10,0x004EBD10,0x004EBD14,4
FUN_004ebdb8,0x004EBDB8,0x004EBDBC,4
FUN_004ebe60,0x004EBE60,0x004EBEB0,80
FUN_004ebed8,0x004EBED8,0x004EBF80,168
FUN_004ebf88,0x004EBF88,0x004EC040,184
FUN_004ec048,0x004EC048,0x004EC0B0,104
FUN_004ec0b0,0x004EC0B0,0x004EC1AC,252
FUN_004ec5e8,0x004EC5E8,0x004EC654,108
FUN_004ed388,0x004ED388,0x004ED668,288
entry_004ed3d0,0x004ED3D0,0x004ED3E4,20
entry_004ed3e4,0x004ED3E4,0x004ED41C,56
entry_004ed41c,0x004ED41C,0x004ED4E8,204
entry_004ed4e8,0x004ED4E8,0x004ED510,40
entry_004ed510,0x004ED510,0x004ED528,24
entry_004ed528,0x004ED528,0x004ED53C,20
entry_004ed53c,0x004ED53C,0x004ED578,60
entry_004ed578,0x004ED578,0x004ED660,232
entry_004ed660,0x004ED660,0x004ED908,680
FUN_004ed908,0x004ED908,0x004EDE68,572
entry_004ed958,0x004ED958,0x004ED96C,20
entry_004ed96c,0x004ED96C,0x004ED9A4,56
entry_004ed9a4,0x004ED9A4,0x004ED9B0,12
entry_004ed9b0,0x004ED9B0,0x004ED9D8,40
entry_004ed9d8,0x004ED9D8,0x004ED9F0,24
entry_004ed9f0,0x004ED9F0,0x004EDA04,20
entry_004eda04,0x004EDA04,0x004EDA38,52
entry_004eda38,0x004EDA38,0x004EDB08,208
entry_004edb08,0x004EDB08,0x004EDBE8,224
entry_004edbe8,0x004EDBE8,0x004EDC28,64
entry_004edc28,0x004EDC28,0x004EDC48,32
entry_004edc48,0x004EDC48,0x004EDC5C,20
entry_004edc5c,0x004EDC5C,0x004EDC98,60
entry_004edc98,0x004EDC98,0x004EDCA8,16
entry_004edca8,0x004EDCA8,0x004EDCE0,56
entry_004edce0,0x004EDCE0,0x004EDE60,384
entry_004ede60,0x004EDE60,0x004EDE64,4
entry_004ede64,0x004EDE64,0x004EDE70,12
FUN_004ede70,0x004EDE70,0x004EDF10,160
entry_004edef4,0x004EDEF4,0x004EDF18,36
FUN_004edf18,0x004EDF18,0x004EDFF8,224
entry_004edf60,0x004EDF60,0x004EDFCC,108
entry_004edfcc,0x004EDFCC,0x004EE000,52
FUN_004ee000,0x004EE000,0x004EE110,272
entry_004ee070,0x004EE070,0x004EE088,24
entry_004ee088,0x004EE088,0x004EE0E8,96
entry_004ee0e8,0x004EE0E8,0x004EE0FC,20
entry_004ee0fc,0x004EE0FC,0x004EE100,4
entry_004ee100,0x004EE100,0x004EE118,24
FUN_004ee118,0x004EE118,0x004EE144,44
FUN_004ee190,0x004EE190,0x004EE2B0,284
entry_004ee210,0x004EE210,0x004EE228,24
entry_004ee228,0x004EE228,0x004EE288,96
entry_004ee288,0x004EE288,0x004EE29C,20
entry_004ee29c,0x004EE29C,0x004EE2A0,4
entry_004ee2a0,0x004EE2A0,0x004EE2B8,24
FUN_004ee2b8,0x004EE2B8,0x004EE2CC,20
FUN_004ee2d0,0x004EE2D0,0x004EE2FC,44
FUN_004ee320,0x004EE320,0x004EE358,56
entry_004ee350,0x004EE350,0x004EE378,40
FUN_004ee378,0x004EE378,0x004EE394,28
entry_004ee390,0x004EE390,0x004EE3A0,16
FUN_004ee3a0,0x004EE3A0,0x004EE3BC,28
FUN_004ee3c8,0x004EE3C8,0x004EE3E8,32
FUN_004ee610,0x004EE610,0x004EE648,56
entry_004ee640,0x004EE640,0x004EE678,56
FUN_004ee678,0x004EE678,0x004EE6D4,80
entry_004ee6c4,0x004EE6C4,0x004EE6E0,28
FUN_004ee6e0,0x004EE6E0,0x004EE708,40
FUN_004ee768,0x004EE768,0x004EE790,36
entry_004ee788,0x004EE788,0x004EE848,192
FUN_004ee848,0x004EE848,0x004EE8D8,68
entry_004ee8c8,0x004EE8C8,0x004EE8D8,16
FUN_004ee8d8,0x004EE8D8,0x004EE8F8,32
FUN_004ee900,0x004EE900,0x004EE908,8
FUN_004eebe0,0x004EEBE0,0x004EECA0,140
entry_004eec00,0x004EEC00,0x004EEC54,84
entry_004eec54,0x004EEC54,0x004EEC78,36
entry_004eec78,0x004EEC78,0x004EEC88,16
entry_004eec88,0x004EEC88,0x004EECB0,40
FUN_004eecb0,0x004EECB0,0x004EEDE4,204
entry_004eed30,0x004EED30,0x004EED3C,12
entry_004eed3c,0x004EED3C,0x004EEDC0,132
entry_004eedc0,0x004EEDC0,0x004EEDF0,48
FUN_004eedf0,0x004EEDF0,0x004EEE80,132
entry_004eee20,0x004EEE20,0x004EEE50,48
entry_004eee50,0x004EEE50,0x004EEE78,40
entry_004eee78,0x004EEE78,0x004EEE80,8
FUN_004eee80,0x004EEE80,0x004EEEE4,100
FUN_004eeee8,0x004EEEE8,0x004EEF08,32
FUN_004eef98,0x004EEF98,0x004EEF99,1
FUN_004eefa0,0x004EEFA0,0x004EF1C8,420
entry_004ef018,0x004EF018,0x004EF070,88
entry_004ef070,0x004EF070,0x004EF08C,28
entry_004ef08c,0x004EF08C,0x004EF0B0,36
entry_004ef0b0,0x004EF0B0,0x004EF0D0,32
entry_004ef0d0,0x004EF0D0,0x004EF0D8,8
entry_004ef0d8,0x004EF0D8,0x004EF0DC,4
entry_004ef0dc,0x004EF0DC,0x004EF164,136
entry_004ef164,0x004EF164,0x004EF184,32
entry_004ef184,0x004EF184,0x004EF330,428
FUN_004ef330,0x004EF330,0x004EF338,8
FUN_004ef480,0x004EF480,0x004EF488,8
FUN_004ef5e0,0x004EF5E0,0x004EF68C,120
entry_004ef634,0x004EF634,0x004EF644,16
entry_004ef644,0x004EF644,0x004EF648,4
entry_004ef648,0x004EF648,0x004EF698,80
FUN_004ef698,0x004EF698,0x004EF6EC,72
entry_004ef6d8,0x004EF6D8,0x004EF6F8,32
FUN_004ef6f8,0x004EF6F8,0x004EF71C,36
FUN_004ef728,0x004EF728,0x004EF75C,52
FUN_004ef768,0x004EF768,0x004EF7E0,80
entry_004ef7dc,0x004EF7DC,0x004EF7E8,12
FUN_004ef7e8,0x004EF7E8,0x004EF8B8,132
entry_004ef818,0x004EF818,0x004EF864,76
entry_004ef864,0x004EF864,0x004EF8C0,92
FUN_004ef8c0,0x004EF8C0,0x004EF8FC,48
entry_004ef8f8,0x004EF8F8,0x004EF980,136
FUN_004ef980,0x004EF980,0x004EFA50,184
entry_004ef9d8,0x004EF9D8,0x004EFA30,88
entry_004efa30,0x004EFA30,0x004EFBE0,432
FUN_004efbe0,0x004EFBE0,0x004EFC28,72
FUN_004efc38,0x004EFC38,0x004EFC8C,84
FUN_004efca0,0x004EFCA0,0x004EFEFC,128
entry_004efd54,0x004EFD54,0x004EFEF4,416
entry_004efef4,0x004EFEF4,0x004EFF28,52
FUN_004eff28,0x004EFF28,0x004F0058,128
entry_004f0050,0x004F0050,0x004F0068,24
FUN_004f0068,0x004F0068,0x004F0080,24
FUN_004f0188,0x004F0188,0x004F01CC,68
FUN_004f01d8,0x004F01D8,0x004F0284,168
entry_004f0200,0x004F0200,0x004F0230,48
entry_004f0230,0x004F0230,0x004F0234,4
entry_004f0234,0x004F0234,0x004F0258,36
entry_004f0258,0x004F0258,0x004F027C,36
entry_004f027c,0x004F027C,0x004F0290,20
FUN_004f0290,0x004F0290,0x004F0324,140
entry_004f02ec,0x004F02EC,0x004F0300,20
entry_004f0300,0x004F0300,0x004F0320,32
entry_004f0320,0x004F0320,0x004F0330,16
FUN_004f0330,0x004F0330,0x004F0350,32
FUN_004f0360,0x004F0360,0x004F03A4,68
FUN_004f03b8,0x004F03B8,0x004F0450,148
entry_004f0438,0x004F0438,0x004F0444,12
entry_004f0444,0x004F0444,0x004F044C,8
entry_004f044c,0x004F044C,0x004F0458,12
FUN_004f0458,0x004F0458,0x004F0494,60
entry_004f0470,0x004F0470,0x004F0490,32
entry_004f0490,0x004F0490,0x004F04A0,16
FUN_004f04a0,0x004F04A0,0x004F04CC,44
entry_004f04a8,0x004F04A8,0x004F04F8,80
FUN_004f04f8,0x004F04F8,0x004F05E8,240
entry_004f0540,0x004F0540,0x004F0588,72
entry_004f0588,0x004F0588,0x004F05C4,60
entry_004f05c4,0x004F05C4,0x004F05C8,4
entry_004f05c8,0x004F05C8,0x004F05E0,24
entry_004f05e0,0x004F05E0,0x004F05F0,16
FUN_004f05f0,0x004F05F0,0x004F0B60,1180
entry_004f0638,0x004F0638,0x004F06F8,192
entry_004f06f8,0x004F06F8,0x004F0718,32
entry_004f0718,0x004F0718,0x004F0738,32
entry_004f0738,0x004F0738,0x004F0748,16
entry_004f0748,0x004F0748,0x004F0758,16
entry_004f0758,0x004F0758,0x004F0780,40
entry_004f0780,0x004F0780,0x004F07A0,32
entry_004f07a0,0x004F07A0,0x004F0800,96
entry_004f0800,0x004F0800,0x004F0804,4
entry_004f0804,0x004F0804,0x004F0808,4
entry_004f0808,0x004F0808,0x004F0838,48
entry_004f0838,0x004F0838,0x004F083C,4
entry_004f083c,0x004F083C,0x004F0854,24
entry_004f0854,0x004F0854,0x004F0870,28
entry_004f0870,0x004F0870,0x004F0898,40
entry_004f0898,0x004F0898,0x004F08F8,96
entry_004f08f8,0x004F08F8,0x004F08FC,4
entry_004f08fc,0x004F08FC,0x004F0900,4
entry_004f0900,0x004F0900,0x004F0930,48
entry_004f0930,0x004F0930,0x004F0948,24
entry_004f0948,0x004F0948,0x004F094C,4
entry_004f094c,0x004F094C,0x004F0958,12
entry_004f0958,0x004F0958,0x004F0970,24
entry_004f0970,0x004F0970,0x004F0990,32
entry_004f0990,0x004F0990,0x004F09F0,96
entry_004f09f0,0x004F09F0,0x004F09F4,4
entry_004f09f4,0x004F09F4,0x004F09F8,4
entry_004f09f8,0x004F09F8,0x004F0A28,48
entry_004f0a28,0x004F0A28,0x004F0A2C,4
entry_004f0a2c,0x004F0A2C,0x004F0A44,24
entry_004f0a44,0x004F0A44,0x004F0A88,68
entry_004f0a88,0x004F0A88,0x004F0AE8,96
entry_004f0ae8,0x004F0AE8,0x004F0AEC,4
entry_004f0aec,0x004F0AEC,0x004F0AF0,4
entry_004f0af0,0x004F0AF0,0x004F0B20,48
entry_004f0b20,0x004F0B20,0x004F0B38,24
entry_004f0b38,0x004F0B38,0x004F0B48,16
entry_004f0b48,0x004F0B48,0x004F0B68,32
FUN_004f0b68,0x004F0B68,0x004F0BA0,56
FUN_004f0bd0,0x004F0BD0,0x004F0C00,48
FUN_004f0c00,0x004F0C00,0x004F0C38,56
FUN_004f0c68,0x004F0C68,0x004F0C98,48
FUN_004f0c98,0x004F0C98,0x004F0CC0,40
FUN_004f0ea0,0x004F0EA0,0x004F0EBC,28
FUN_004f1008,0x004F1008,0x004F1034,44
FUN_004f11b0,0x004F11B0,0x004F12B8,156
entry_004f1218,0x004F1218,0x004F1220,8
entry_004f1220,0x004F1220,0x004F1224,4
entry_004f1224,0x004F1224,0x004F12AC,136
entry_004f12ac,0x004F12AC,0x004F12C0,20
FUN_004f12c0,0x004F12C0,0x004F13D8,272
entry_004f1308,0x004F1308,0x004F1330,40
entry_004f1330,0x004F1330,0x004F1340,16
entry_004f1340,0x004F1340,0x004F1354,20
entry_004f1354,0x004F1354,0x004F1368,20
entry_004f1368,0x004F1368,0x004F1380,24
entry_004f1380,0x004F1380,0x004F1398,24
entry_004f1398,0x004F1398,0x004F13A8,16
entry_004f13a8,0x004F13A8,0x004F13C0,24
entry_004f13c0,0x004F13C0,0x004F13C8,8
entry_004f13c8,0x004F13C8,0x004F13E0,24
FUN_004f13e0,0x004F13E0,0x004F1824,256
entry_004f1428,0x004F1428,0x004F1470,72
entry_004f1470,0x004F1470,0x004F1490,32
entry_004f1490,0x004F1490,0x004F14F4,100
entry_004f14f4,0x004F14F4,0x004F155C,104
entry_004f155c,0x004F155C,0x004F1808,684
entry_004f1808,0x004F1808,0x004F1810,8
entry_004f1810,0x004F1810,0x004F1830,32
FUN_004f1830,0x004F1830,0x004F19E0,120
entry_004f19c4,0x004F19C4,0x004F19F0,44
FUN_004f19f0,0x004F19F0,0x004F1A10,32
entry_004f1a0c,0x004F1A0C,0x004F1A20,20
FUN_004f1a20,0x004F1A20,0x004F1A68,36
entry_004f1a60,0x004F1A60,0x004F1A80,32
FUN_004f1a80,0x004F1A80,0x004F1A8C,12
FUN_004f1af0,0x004F1AF0,0x004F1AFC,12
FUN_004f1c20,0x004F1C20,0x004F1C30,16
FUN_004f1d70,0x004F1D70,0x004F1D80,16
FUN_004f1d90,0x004F1D90,0x004F1DD0,64
entry_004f1dc8,0x004F1DC8,0x004F1DCC,4
entry_004f1dcc,0x004F1DCC,0x004F1DF0,36
FUN_004f1df0,0x004F1DF0,0x004F1E00,16
FUN_004f2080,0x004F2080,0x004F209C,28
FUN_004f20b0,0x004F20B0,0x004F20CC,28
FUN_004f20e0,0x004F20E0,0x004F20FC,28
FUN_004f2110,0x004F2110,0x004F2120,16
FUN_004f2130,0x004F2130,0x004F216C,60
entry_004f213c,0x004F213C,0x004F2158,28
entry_004f2158,0x004F2158,0x004F2180,40
FUN_004f2180,0x004F2180,0x004F219C,28
FUN_004f21b0,0x004F21B0,0x004F21FC,76
entry_004f21d0,0x004F21D0,0x004F21F4,36
entry_004f21f4,0x004F21F4,0x004F2210,28
FUN_004f2210,0x004F2210,0x004F223C,44
entry_004f2214,0x004F2214,0x004F2218,4
entry_004f2218,0x004F2218,0x004F2250,56
FUN_004f2250,0x004F2250,0x004F2294,68
FUN_004f22a0,0x004F22A0,0x004F22B4,20
FUN_004f2400,0x004F2400,0x004F2430,48
entry_004f242c,0x004F242C,0x004F2440,20
FUN_004f2440,0x004F2440,0x004F2454,20
FUN_004f2610,0x004F2610,0x004F2664,84
entry_004f2644,0x004F2644,0x004F265C,24
entry_004f265c,0x004F265C,0x004F2660,4
entry_004f2660,0x004F2660,0x004F2680,32
FUN_004f2680,0x004F2680,0x004F268C,12
FUN_004f27f0,0x004F27F0,0x004F287C,140
entry_004f2800,0x004F2800,0x004F2824,36
entry_004f2824,0x004F2824,0x004F2838,20
entry_004f2838,0x004F2838,0x004F2858,32
entry_004f2858,0x004F2858,0x004F286C,20
entry_004f286c,0x004F286C,0x004F2890,36
FUN_004f2890,0x004F2890,0x004F289C,12
FUN_004f2c10,0x004F2C10,0x004F2CB8,160
entry_004f2c84,0x004F2C84,0x004F2C98,20
entry_004f2c98,0x004F2C98,0x004F2C9C,4
entry_004f2c9c,0x004F2C9C,0x004F2CB0,20
entry_004f2cb0,0x004F2CB0,0x004F2CB4,4
entry_004f2cb4,0x004F2CB4,0x004F2CD0,28
FUN_004f2cd0,0x004F2CD0,0x004F2D68,144
entry_004f2d34,0x004F2D34,0x004F2D4C,24
entry_004f2d4c,0x004F2D4C,0x004F2D60,20
entry_004f2d60,0x004F2D60,0x004F2D64,4
entry_004f2d64,0x004F2D64,0x004F2D90,44
FUN_004f2d90,0x004F2D90,0x004F2DE0,76
entry_004f2dc4,0x004F2DC4,0x004F2DD8,20
entry_004f2dd8,0x004F2DD8,0x004F2DDC,4
entry_004f2ddc,0x004F2DDC,0x004F2DF0,20
FUN_004f2df0,0x004F2DF0,0x004F2DF8,8
FUN_004f2e50,0x004F2E50,0x004F2E58,8
FUN_004f2f20,0x004F2F20,0x004F2F48,40
FUN_004f32c0,0x004F32C0,0x004F32C1,1
FUN_004f32d0,0x004F32D0,0x004F32DC,12
FUN_004f33c0,0x004F33C0,0x004F33C1,1
FUN_004f33d0,0x004F33D0,0x004F33D1,1
FUN_004f33e0,0x004F33E0,0x004F33E8,8
FUN_004f3530,0x004F3530,0x004F3540,16
FUN_004f3a80,0x004F3A80,0x004F3AA4,36
FUN_004f3b60,0x004F3B60,0x004F3B70,16
FUN_004f4b50,0x004F4B50,0x004F4B54,4
FUN_004f4b60,0x004F4B60,0x004F4B61,1
FUN_004f4b70,0x004F4B70,0x004F4B78,8
FUN_004f4b80,0x004F4B80,0x004F4B88,8
FUN_004f4b90,0x004F4B90,0x004F4B98,8
FUN_004f4bf0,0x004F4BF0,0x004F4C58,104
entry_004f4c3c,0x004F4C3C,0x004F4C50,20
entry_004f4c50,0x004F4C50,0x004F4C54,4
entry_004f4c54,0x004F4C54,0x004F4C70,28
FUN_004f4c70,0x004F4C70,0x004F4CD0,96
entry_004f4cc8,0x004F4CC8,0x004F4CCC,4
entry_004f4ccc,0x004F4CCC,0x004F4CF0,36
FUN_004f4cf0,0x004F4CF0,0x004F4D58,104
entry_004f4d3c,0x004F4D3C,0x004F4D50,20
entry_004f4d50,0x004F4D50,0x004F4D54,4
entry_004f4d54,0x004F4D54,0x004F4D70,28
FUN_004f4d70,0x004F4D70,0x004F4DD0,96
entry_004f4dc8,0x004F4DC8,0x004F4DCC,4
entry_004f4dcc,0x004F4DCC,0x004F4DE0,20
FUN_004f4de0,0x004F4DE0,0x004F4E48,104
entry_004f4e2c,0x004F4E2C,0x004F4E40,20
entry_004f4e40,0x004F4E40,0x004F4E44,4
entry_004f4e44,0x004F4E44,0x004F4E60,28
FUN_004f4e60,0x004F4E60,0x004F4EC0,96
entry_004f4eb8,0x004F4EB8,0x004F4EBC,4
entry_004f4ebc,0x004F4EBC,0x004F4F00,68
FUN_004f4f00,0x004F4F00,0x004F4F0C,12
FUN_004f5030,0x004F5030,0x004F503C,12
FUN_004f5160,0x004F5160,0x004F5161,1
FUN_004f5170,0x004F5170,0x004F5178,8
FUN_004f5200,0x004F5200,0x004F5208,8
FUN_004f5800,0x004F5800,0x004F5804,4
FUN_004f5810,0x004F5810,0x004F5818,8
FUN_004f58f0,0x004F58F0,0x004F58F1,1
FUN_004f5a10,0x004F5A10,0x004F5A24,20
FUN_004f5c20,0x004F5C20,0x004F5C21,1
FUN_004f5c30,0x004F5C30,0x004F5C44,20
FUN_004f5e40,0x004F5E40,0x004F5E48,8
FUN_004f6160,0x004F6160,0x004F6168,8
FUN_004f6240,0x004F6240,0x004F6241,1
FUN_004f6250,0x004F6250,0x004F62A8,88
entry_004f62a0,0x004F62A0,0x004F62B0,16
FUN_004f62b0,0x004F62B0,0x004F62C4,20
FUN_004f64c0,0x004F64C0,0x004F64CC,12
FUN_004f65d0,0x004F65D0,0x004F65D1,1
FUN_004f65f0,0x004F65F0,0x004F660C,28
FUN_004f6750,0x004F6750,0x004F6758,8
FUN_004f67f0,0x004F67F0,0x004F67FC,12
FUN_004f6920,0x004F6920,0x004F6934,20
FUN_004f6a50,0x004F6A50,0x004F6A94,68
entry_004f6a8c,0x004F6A8C,0x004F6A90,4
entry_004f6a90,0x004F6A90,0x004F6C50,448
FUN_004f6c50,0x004F6C50,0x004F6CC0,112
entry_004f6c88,0x004F6C88,0x004F6CBC,52
entry_004f6cbc,0x004F6CBC,0x004F6CD0,20
FUN_004f6cd0,0x004F6CD0,0x004F6D50,128
entry_004f6d0c,0x004F6D0C,0x004F6D48,60
entry_004f6d48,0x004F6D48,0x004F6D4C,4
entry_004f6d4c,0x004F6D4C,0x004F6D60,20
FUN_004f6d60,0x004F6D60,0x004F6D6C,12
FUN_004f6e30,0x004F6E30,0x004F6E31,1
FUN_004f6e40,0x004F6E40,0x004F6E4C,12
FUN_004f6ee0,0x004F6EE0,0x004F6F1C,60
entry_004f6f14,0x004F6F14,0x004F6F18,4
entry_004f6f18,0x004F6F18,0x004F6F30,24
FUN_004f6f30,0x004F6F30,0x004F6F6C,60
entry_004f6f68,0x004F6F68,0x004F6F80,24
FUN_004f6f80,0x004F6F80,0x004F6FC8,72
entry_004f6fc0,0x004F6FC0,0x004F6FC4,4
entry_004f6fc4,0x004F6FC4,0x004F6FD0,12
FUN_004f6fd0,0x004F6FD0,0x004F6FE4,20
FUN_004f70a0,0x004F70A0,0x004F70B4,20
FUN_004f7170,0x004F7170,0x004F7184,20
FUN_004f7240,0x004F7240,0x004F7254,20
FUN_004f7310,0x004F7310,0x004F7324,20
FUN_004f73e0,0x004F73E0,0x004F73F4,20
FUN_004f74b0,0x004F74B0,0x004F74B8,8
FUN_004f7560,0x004F7560,0x004F7568,8
FUN_004f7620,0x004F7620,0x004F7780,352
entry_004f7664,0x004F7664,0x004F76A0,60
entry_004f76a0,0x004F76A0,0x004F76D4,52
entry_004f76d4,0x004F76D4,0x004F76E0,12
entry_004f76e0,0x004F76E0,0x004F7704,36
entry_004f7704,0x004F7704,0x004F776C,104
entry_004f776c,0x004F776C,0x004F7770,4
entry_004f7770,0x004F7770,0x004F7778,8
entry_004f7778,0x004F7778,0x004F777C,4
entry_004f777c,0x004F777C,0x004F7790,20
FUN_004f7790,0x004F7790,0x004F7864,172
entry_004f77c8,0x004F77C8,0x004F77E4,28
entry_004f77e4,0x004F77E4,0x004F7824,64
entry_004f7824,0x004F7824,0x004F785C,56
entry_004f785c,0x004F785C,0x004F7860,4
entry_004f7860,0x004F7860,0x004F7880,32
FUN_004f7880,0x004F7880,0x004F78E0,72
entry_004f78d8,0x004F78D8,0x004F78F0,24
FUN_004f78f0,0x004F78F0,0x004F7918,40
entry_004f7910,0x004F7910,0x004F7914,4
entry_004f7914,0x004F7914,0x004F7920,12
FUN_004f7920,0x004F7920,0x004F7928,8
FUN_004f7a10,0x004F7A10,0x004F7A38,40
entry_004f7a34,0x004F7A34,0x004F7A40,12
FUN_004f7a40,0x004F7A40,0x004F7A74,52
entry_004f7a6c,0x004F7A6C,0x004F7A70,4
entry_004f7a70,0x004F7A70,0x004F7A80,16
FUN_004f7a80,0x004F7A80,0x004F7A94,20
FUN_004f7b60,0x004F7B60,0x004F7B6C,12
FUN_004f7cb0,0x004F7CB0,0x004F7CB8,8
FUN_004f7d40,0x004F7D40,0x004F7D48,8
FUN_004f7de0,0x004F7DE0,0x004F7DEC,12
FUN_004f7f50,0x004F7F50,0x004F7F5C,12
FUN_004f80c0,0x004F80C0,0x004F80C8,8
FUN_004f8160,0x004F8160,0x004F8168,8
FUN_004f85d0,0x004F85D0,0x004F85DC,12
FUN_004f87a0,0x004F87A0,0x004F87AC,12
FUN_004f89e0,0x004F89E0,0x004F89F0,16
FUN_004f8b50,0x004F8B50,0x004F8B60,16
FUN_004f8cb0,0x004F8CB0,0x004F8CC4,20
FUN_004f8da0,0x004F8DA0,0x004F8DA8,8
FUN_004f8f20,0x004F8F20,0x004F8F28,8
FUN_004f8fe0,0x004F8FE0,0x004F8FF0,16
FUN_004f9a50,0x004F9A50,0x004F9A58,8
FUN_004f9ae0,0x004F9AE0,0x004F9AE8,8
FUN_004f9b70,0x004F9B70,0x004F9B7C,12
FUN_004f9c50,0x004F9C50,0x004F9C58,8
FUN_004f9d00,0x004F9D00,0x004F9D80,128
entry_004f9d3c,0x004F9D3C,0x004F9D54,24
entry_004f9d54,0x004F9D54,0x004F9D60,12
entry_004f9d60,0x004F9D60,0x004F9D74,20
entry_004f9d74,0x004F9D74,0x004F9D7C,8
entry_004f9d7c,0x004F9D7C,0x004F9D90,20
FUN_004f9d90,0x004F9D90,0x004F9DB4,36
FUN_004f9e10,0x004F9E10,0x004F9E14,4
FUN_004f9e20,0x004F9E20,0x004F9E2C,12
FUN_004f9f50,0x004F9F50,0x004F9F6C,28
FUN_004f9ff0,0x004F9FF0,0x004FA00C,28
FUN_004fa030,0x004FA030,0x004FA031,1
FUN_004fa040,0x004FA040,0x004FA048,8
FUN_004fa110,0x004FA110,0x004FA118,8
FUN_004fa3a0,0x004FA3A0,0x004FA3B4,20
FUN_004fa4c0,0x004FA4C0,0x004FA4CC,12
FUN_004fa5a0,0x004FA5A0,0x004FA5AC,12
FUN_004fa9f0,0x004FA9F0,0x004FAA00,16
FUN_004faab0,0x004FAAB0,0x004FAE28,888
entry_004fab2c,0x004FAB2C,0x004FAB84,88
entry_004fab84,0x004FAB84,0x004FABDC,88
entry_004fabdc,0x004FABDC,0x004FAC34,88
entry_004fac34,0x004FAC34,0x004FAC8C,88
entry_004fac8c,0x004FAC8C,0x004FACE4,88
entry_004face4,0x004FACE4,0x004FAD3C,88
entry_004fad3c,0x004FAD3C,0x004FAD94,88
entry_004fad94,0x004FAD94,0x004FADEC,88
entry_004fadec,0x004FADEC,0x004FAE08,28
entry_004fae08,0x004FAE08,0x004FAE0C,4
entry_004fae0c,0x004FAE0C,0x004FAE20,20
entry_004fae20,0x004FAE20,0x004FAE24,4
entry_004fae24,0x004FAE24,0x004FAE40,28
FUN_004fae40,0x004FAE40,0x004FAE44,4
FUN_004fae50,0x004FAE50,0x004FAE54,4
FUN_004fae60,0x004FAE60,0x004FAE61,1
FUN_004fae70,0x004FAE70,0x004FAE74,4
FUN_004fae80,0x004FAE80,0x004FAE84,4
FUN_004fae90,0x004FAE90,0x004FAE94,4
FUN_004faea0,0x004FAEA0,0x004FAEA4,4
FUN_004faeb0,0x004FAEB0,0x004FAEB4,4
FUN_004faec0,0x004FAEC0,0x004FAEC4,4
FUN_004faed0,0x004FAED0,0x004FAED4,4
FUN_004faee0,0x004FAEE0,0x004FAEE4,4
FUN_004faef0,0x004FAEF0,0x004FAEF4,4
FUN_004faf00,0x004FAF00,0x004FAF04,4
FUN_004faf10,0x004FAF10,0x004FAF14,4
FUN_004faf20,0x004FAF20,0x004FAF24,4
FUN_004faf30,0x004FAF30,0x004FAF34,4
FUN_004faf40,0x004FAF40,0x004FAF44,4
FUN_004faf50,0x004FAF50,0x004FAF84,52
FUN_004fb150,0x004FB150,0x004FB34C,508
entry_004fb1b4,0x004FB1B4,0x004FB1C0,12
entry_004fb1c0,0x004FB1C0,0x004FB1D8,24
entry_004fb1d8,0x004FB1D8,0x004FB1E0,8
entry_004fb1e0,0x004FB1E0,0x004FB1F8,24
entry_004fb1f8,0x004FB1F8,0x004FB204,12
entry_004fb204,0x004FB204,0x004FB21C,24
entry_004fb21c,0x004FB21C,0x004FB224,8
entry_004fb224,0x004FB224,0x004FB240,28
entry_004fb240,0x004FB240,0x004FB24C,12
entry_004fb24c,0x004FB24C,0x004FB264,24
entry_004fb264,0x004FB264,0x004FB26C,8
entry_004fb26c,0x004FB26C,0x004FB288,28
entry_004fb288,0x004FB288,0x004FB294,12
entry_004fb294,0x004FB294,0x004FB2AC,24
entry_004fb2ac,0x004FB2AC,0x004FB2B4,8
entry_004fb2b4,0x004FB2B4,0x004FB2D0,28
entry_004fb2d0,0x004FB2D0,0x004FB2DC,12
entry_004fb2dc,0x004FB2DC,0x004FB2F4,24
entry_004fb2f4,0x004FB2F4,0x004FB2FC,8
entry_004fb2fc,0x004FB2FC,0x004FB318,28
entry_004fb318,0x004FB318,0x004FB320,8
entry_004fb320,0x004FB320,0x004FB324,4
entry_004fb324,0x004FB324,0x004FB344,32
entry_004fb344,0x004FB344,0x004FB370,44
FUN_004fb370,0x004FB370,0x004FB384,20
FUN_004fb4d0,0x004FB4D0,0x004FB4DC,12
FUN_004fb5f0,0x004FB5F0,0x004FB5FC,12
FUN_004fb720,0x004FB720,0x004FB72C,12
FUN_004fb7d0,0x004FB7D0,0x004FB7D8,8
FUN_004fb850,0x004FB850,0x004FB85C,12
FUN_004fb9c0,0x004FB9C0,0x004FB9C1,1
FUN_004fb9d0,0x004FB9D0,0x004FBA28,84
entry_004fba0c,0x004FBA0C,0x004FBA20,20
entry_004fba20,0x004FBA20,0x004FBA24,4
entry_004fba24,0x004FBA24,0x004FBA70,76
FUN_004fba70,0x004FBA70,0x004FBA7C,12
FUN_004fbb20,0x004FBB20,0x004FBB28,8
FUN_004fbba0,0x004FBBA0,0x004FBBAC,12
FUN_004fbd10,0x004FBD10,0x004FBD11,1
FUN_004fbd20,0x004FBD20,0x004FBD78,84
entry_004fbd5c,0x004FBD5C,0x004FBD70,20
entry_004fbd70,0x004FBD70,0x004FBD74,4
entry_004fbd74,0x004FBD74,0x004FBDC0,76
FUN_004fbdc0,0x004FBDC0,0x004FBDCC,12
FUN_004fbe70,0x004FBE70,0x004FBE78,8
FUN_004fbef0,0x004FBEF0,0x004FBEFC,12
FUN_004fc060,0x004FC060,0x004FC061,1
FUN_004fc070,0x004FC070,0x004FC0C8,84
entry_004fc0ac,0x004FC0AC,0x004FC0C0,20
entry_004fc0c0,0x004FC0C0,0x004FC0C4,4
entry_004fc0c4,0x004FC0C4,0x004FC110,76
FUN_004fc110,0x004FC110,0x004FC11C,12
FUN_004fc1c0,0x004FC1C0,0x004FC1C8,8
FUN_004fc240,0x004FC240,0x004FC24C,12
FUN_004fc410,0x004FC410,0x004FC420,16
FUN_004fc510,0x004FC510,0x004FC51C,12
FUN_004fc5e0,0x004FC5E0,0x004FC5EC,12
FUN_004fc8e0,0x004FC8E0,0x004FC8EC,12
FUN_004fc990,0x004FC990,0x004FC998,8
FUN_004fca10,0x004FCA10,0x004FCA1C,12
FUN_004fcbd0,0x004FCBD0,0x004FCBDC,12
FUN_004fcc80,0x004FCC80,0x004FCC88,8
FUN_004fcd00,0x004FCD00,0x004FCD0C,12
FUN_004fcea0,0x004FCEA0,0x004FCEAC,12
FUN_004fcf50,0x004FCF50,0x004FCF58,8
FUN_004fcfd0,0x004FCFD0,0x004FCFDC,12
FUN_004fd180,0x004FD180,0x004FD18C,12
FUN_004fd230,0x004FD230,0x004FD238,8
FUN_004fd2b0,0x004FD2B0,0x004FD2BC,12
FUN_004fd400,0x004FD400,0x004FD401,1
FUN_004fd410,0x004FD410,0x004FD468,84
entry_004fd44c,0x004FD44C,0x004FD460,20
entry_004fd460,0x004FD460,0x004FD464,4
entry_004fd464,0x004FD464,0x004FD490,44
FUN_004fd490,0x004FD490,0x004FD4A0,16
FUN_004fd4b0,0x004FD4B0,0x004FD4BC,12
FUN_004fd560,0x004FD560,0x004FD568,8
FUN_004fd5e0,0x004FD5E0,0x004FD5EC,12
FUN_004fd790,0x004FD790,0x004FD79C,12
FUN_004fd840,0x004FD840,0x004FD848,8
FUN_004fd8c0,0x004FD8C0,0x004FD8CC,12
FUN_004fda90,0x004FDA90,0x004FDA9C,12
FUN_004fdb60,0x004FDB60,0x004FDB74,20
FUN_004fddb0,0x004FDDB0,0x004FDDC4,20
FUN_004fe000,0x004FE000,0x004FE014,20
FUN_004fe2b0,0x004FE2B0,0x004FE2E4,52
entry_004fe2cc,0x004FE2CC,0x004FE2F0,36
FUN_004fe2f0,0x004FE2F0,0x004FE304,20
FUN_004fe320,0x004FE320,0x004FE354,52
entry_004fe34c,0x004FE34C,0x004FE360,20
FUN_004fe360,0x004FE360,0x004FE3EC,64
entry_004fe3e4,0x004FE3E4,0x004FE400,28
FUN_004fe400,0x004FE400,0x004FE4A0,160
entry_004fe430,0x004FE430,0x004FE460,48
entry_004fe460,0x004FE460,0x004FE480,32
entry_004fe480,0x004FE480,0x004FE484,4
entry_004fe484,0x004FE484,0x004FE498,20
entry_004fe498,0x004FE498,0x004FE4B0,24
FUN_004fe4b0,0x004FE4B0,0x004FE4C4,20
FUN_004fe4e0,0x004FE4E0,0x004FE514,52
entry_004fe50c,0x004FE50C,0x004FE520,20
FUN_004fe520,0x004FE520,0x004FE5AC,64
entry_004fe5a4,0x004FE5A4,0x004FE5C0,28
FUN_004fe5c0,0x004FE5C0,0x004FE61C,84
entry_004fe610,0x004FE610,0x004FE614,4
entry_004fe614,0x004FE614,0x004FE630,28
FUN_004fe630,0x004FE630,0x004FE664,52
entry_004fe65c,0x004FE65C,0x004FE670,20
FUN_004fe670,0x004FE670,0x004FE6FC,64
entry_004fe6f4,0x004FE6F4,0x004FE710,28
FUN_004fe710,0x004FE710,0x004FE7B0,160
entry_004fe740,0x004FE740,0x004FE770,48
entry_004fe770,0x004FE770,0x004FE790,32
entry_004fe790,0x004FE790,0x004FE794,4
entry_004fe794,0x004FE794,0x004FE7A8,20
entry_004fe7a8,0x004FE7A8,0x004FE7C0,24
FUN_004fe7c0,0x004FE7C0,0x004FE804,68
entry_004fe7fc,0x004FE7FC,0x004FE810,20
FUN_004fe810,0x004FE810,0x004FE82C,28
FUN_004fee50,0x004FEE50,0x004FEE58,8
FUN_004ff200,0x004FF200,0x004FF201,1
FUN_004ff230,0x004FF230,0x004FF238,8
FUN_004ff320,0x004FF320,0x004FF32C,12
FUN_004ff5c0,0x004FF5C0,0x004FF650,132
entry_004ff610,0x004FF610,0x004FF61C,12
entry_004ff61c,0x004FF61C,0x004FF628,12
entry_004ff628,0x004FF628,0x004FF648,32
entry_004ff648,0x004FF648,0x004FF660,24
FUN_004ff660,0x004FF660,0x004FF674,20
FUN_004ffb00,0x004FFB00,0x004FFB34,52
entry_004ffb2c,0x004FFB2C,0x004FFB40,20
FUN_004ffb40,0x004FFB40,0x004FFBCC,64
entry_004ffbc4,0x004FFBC4,0x004FFBE0,28
FUN_004ffbe0,0x004FFBE0,0x004FFC80,160
entry_004ffc10,0x004FFC10,0x004FFC40,48
entry_004ffc40,0x004FFC40,0x004FFC60,32
entry_004ffc60,0x004FFC60,0x004FFC64,4
entry_004ffc64,0x004FFC64,0x004FFC78,20
entry_004ffc78,0x004FFC78,0x004FFC90,24
FUN_004ffc90,0x004FFC90,0x004FFC98,8
FUN_004fff00,0x004FFF00,0x004FFF34,52
entry_004fff2c,0x004FFF2C,0x004FFF40,20
FUN_004fff40,0x004FFF40,0x004FFFCC,64
entry_004fffc4,0x004FFFC4,0x004FFFE0,28
FUN_004fffe0,0x004FFFE0,0x00500084,164
entry_00500014,0x00500014,0x00500044,48
entry_00500044,0x00500044,0x00500064,32
entry_00500064,0x00500064,0x00500068,4
entry_00500068,0x00500068,0x0050007C,20
entry_0050007c,0x0050007C,0x005000A0,36
FUN_005000a0,0x005000A0,0x0050012C,64
entry_00500124,0x00500124,0x00500140,28
FUN_00500140,0x00500140,0x005001E4,164
entry_00500174,0x00500174,0x005001A4,48
entry_005001a4,0x005001A4,0x005001C4,32
entry_005001c4,0x005001C4,0x005001C8,4
entry_005001c8,0x005001C8,0x005001DC,20
entry_005001dc,0x005001DC,0x00500200,36
FUN_00500200,0x00500200,0x0050034C,312
entry_0050026c,0x0050026C,0x00500284,24
entry_00500284,0x00500284,0x005002AC,40
entry_005002ac,0x005002AC,0x005002CC,32
entry_005002cc,0x005002CC,0x00500318,76
entry_00500318,0x00500318,0x0050032C,20
entry_0050032c,0x0050032C,0x00500344,24
entry_00500344,0x00500344,0x00500348,4
entry_00500348,0x00500348,0x00500360,24
FUN_00500360,0x00500360,0x00500368,8
FUN_00500420,0x00500420,0x0050047C,88
entry_00500450,0x00500450,0x0050045C,12
entry_0050045c,0x0050045C,0x00500478,28
entry_00500478,0x00500478,0x00500490,24
FUN_00500490,0x00500490,0x00500560,128
entry_005004d0,0x005004D0,0x00500528,88
entry_00500528,0x00500528,0x00500548,32
entry_00500548,0x00500548,0x00500558,16
entry_00500558,0x00500558,0x00500570,24
FUN_00500570,0x00500570,0x005006BC,60
entry_00500698,0x00500698,0x005006A4,12
entry_005006a4,0x005006A4,0x005006B4,16
entry_005006b4,0x005006B4,0x005006D0,28
FUN_005006d0,0x005006D0,0x0050070C,60
FUN_00500780,0x00500780,0x005007A0,32
FUN_00500960,0x00500960,0x0050096C,12
FUN_00500b00,0x00500B00,0x00500B08,8
FUN_00500c70,0x00500C70,0x00500CB0,64
entry_00500ca8,0x00500CA8,0x00500CAC,4
entry_00500cac,0x00500CAC,0x00500CC0,20
FUN_00500cc0,0x00500CC0,0x00500CCC,12
FUN_00500da0,0x00500DA0,0x00500DB4,20
FUN_00500f10,0x00500F10,0x00500F44,52
entry_00500f3c,0x00500F3C,0x00500F70,52
FUN_00500f70,0x00500F70,0x0050101C,172
entry_00500fa0,0x00500FA0,0x00500FB8,24
entry_00500fb8,0x00500FB8,0x00500FC0,8
entry_00500fc0,0x00500FC0,0x00500FCC,12
entry_00500fcc,0x00500FCC,0x00500FD4,8
entry_00500fd4,0x00500FD4,0x00501014,64
entry_00501014,0x00501014,0x00501030,28
FUN_00501030,0x00501030,0x00501084,84
entry_00501078,0x00501078,0x00501080,8
entry_00501080,0x00501080,0x005010A0,32
FUN_005010a0,0x005010A0,0x005010A8,8
FUN_00501180,0x00501180,0x00501188,8
FUN_00501350,0x00501350,0x00501448,128
entry_00501378,0x00501378,0x00501380,8
entry_00501380,0x00501380,0x00501444,196
entry_00501444,0x00501444,0x00501460,28
FUN_00501460,0x00501460,0x00501478,24
FUN_00501620,0x00501620,0x00501638,24
FUN_005017f0,0x005017F0,0x00501870,128
entry_00501818,0x00501818,0x00501830,24
entry_00501830,0x00501830,0x00501838,8
entry_00501838,0x00501838,0x00501844,12
entry_00501844,0x00501844,0x0050184C,8
entry_0050184c,0x0050184C,0x00501880,52
FUN_00501880,0x00501880,0x00501894,20
FUN_00501bf0,0x00501BF0,0x00501BFC,12
FUN_00501fb0,0x00501FB0,0x00501FBC,12
FUN_005022e0,0x005022E0,0x005022F4,20
FUN_005023d0,0x005023D0,0x005023DC,12
FUN_00502690,0x00502690,0x005026A0,16
FUN_00502980,0x00502980,0x00502988,8
FUN_00502ad0,0x00502AD0,0x00502AEC,28
FUN_00502de0,0x00502DE0,0x00502DE8,8
FUN_00502f90,0x00502F90,0x00503014,132
entry_00503010,0x00503010,0x00503020,16
FUN_00503020,0x00503020,0x0050302C,12
FUN_005033d0,0x005033D0,0x00503420,80
entry_0050341c,0x0050341C,0x00503430,20
FUN_00503430,0x00503430,0x0050343C,12
FUN_00503700,0x00503700,0x005037A4,164
entry_00503748,0x00503748,0x00503768,32
entry_00503768,0x00503768,0x00503774,12
entry_00503774,0x00503774,0x0050379C,40
entry_0050379c,0x0050379C,0x005037B0,20
FUN_005037b0,0x005037B0,0x00503854,164
entry_005037f8,0x005037F8,0x00503818,32
entry_00503818,0x00503818,0x00503824,12
entry_00503824,0x00503824,0x0050384C,40
entry_0050384c,0x0050384C,0x00503860,20
FUN_00503860,0x00503860,0x00503868,8
FUN_00503960,0x00503960,0x00503974,20
FUN_00503af0,0x00503AF0,0x00503BB0,192
entry_00503b14,0x00503B14,0x00503B50,60
entry_00503b50,0x00503B50,0x00503B74,36
entry_00503b74,0x00503B74,0x00503B80,12
entry_00503b80,0x00503B80,0x00503BA4,36
entry_00503ba4,0x00503BA4,0x00503BAC,8
entry_00503bac,0x00503BAC,0x00503BC0,20
FUN_00503bc0,0x00503BC0,0x00503CAC,236
entry_00503c0c,0x00503C0C,0x00503C40,52
entry_00503c40,0x00503C40,0x00503C60,32
entry_00503c60,0x00503C60,0x00503C6C,12
entry_00503c6c,0x00503C6C,0x00503C98,44
entry_00503c98,0x00503C98,0x00503CA4,12
entry_00503ca4,0x00503CA4,0x00503CA8,4
entry_00503ca8,0x00503CA8,0x00503CC0,24
FUN_00503cc0,0x00503CC0,0x00503CD0,16
FUN_00503e60,0x00503E60,0x00503E8C,44
FUN_00503ee0,0x00503EE0,0x00503F18,52
entry_00503f14,0x00503F14,0x00503F30,28
FUN_00503f30,0x00503F30,0x00503F90,88
entry_00503f8c,0x00503F8C,0x00503FA0,20
FUN_00503fa0,0x00503FA0,0x00503FD0,40
entry_00503fcc,0x00503FCC,0x00504020,84
FUN_00504020,0x00504020,0x00504080,88
entry_0050407c,0x0050407C,0x00504090,20
FUN_00504090,0x00504090,0x005040C0,40
entry_005040bc,0x005040BC,0x005040F0,52
FUN_005040f0,0x005040F0,0x00504188,152
entry_0050414c,0x0050414C,0x0050417C,48
entry_0050417c,0x0050417C,0x005041C0,68
FUN_005041c0,0x005041C0,0x005041E4,36
FUN_00504210,0x00504210,0x005043A0,400
entry_0050425c,0x0050425C,0x00504274,24
entry_00504274,0x00504274,0x005042A4,48
entry_005042a4,0x005042A4,0x005042C0,28
entry_005042c0,0x005042C0,0x005042EC,44
entry_005042ec,0x005042EC,0x005042F4,8
entry_005042f4,0x005042F4,0x005042FC,8
entry_005042fc,0x005042FC,0x00504318,28
entry_00504318,0x00504318,0x00504348,48
entry_00504348,0x00504348,0x00504368,32
entry_00504368,0x00504368,0x00504374,12
entry_00504374,0x00504374,0x005043B0,60
FUN_005043b0,0x005043B0,0x005043B8,8
FUN_00504510,0x00504510,0x005045C0,176
entry_00504574,0x00504574,0x0050458C,24
entry_0050458c,0x0050458C,0x005045A8,28
entry_005045a8,0x005045A8,0x005045BC,20
entry_005045bc,0x005045BC,0x005045D0,20
FUN_005045d0,0x005045D0,0x005045E4,20
FUN_005047f0,0x005047F0,0x00504800,16
FUN_00504a20,0x00504A20,0x00504A30,16
FUN_00504dc0,0x00504DC0,0x00505220,984
entry_00504e20,0x00504E20,0x00504E2C,12
entry_00504e2c,0x00504E2C,0x00504E78,76
entry_00504e78,0x00504E78,0x00504E7C,4
entry_00504e7c,0x00504E7C,0x00504EB8,60
entry_00504eb8,0x00504EB8,0x00504EF4,60
entry_00504ef4,0x00504EF4,0x00504F04,16
entry_00504f04,0x00504F04,0x00504F78,116
entry_00504f78,0x00504F78,0x00504FC8,80
entry_00504fc8,0x00504FC8,0x00504FEC,36
entry_00504fec,0x00504FEC,0x0050503C,80
entry_0050503c,0x0050503C,0x00505060,36
entry_00505060,0x00505060,0x00505064,4
entry_00505064,0x00505064,0x005050A0,60
entry_005050a0,0x005050A0,0x005050C0,32
entry_005050c0,0x005050C0,0x005050CC,12
entry_005050cc,0x005050CC,0x00505140,116
entry_00505140,0x00505140,0x00505174,52
entry_00505174,0x00505174,0x005051A0,44
entry_005051a0,0x005051A0,0x005051DC,60
entry_005051dc,0x005051DC,0x005051E8,12
entry_005051e8,0x005051E8,0x00505200,24
entry_00505200,0x00505200,0x0050521C,28
entry_0050521c,0x0050521C,0x00505230,20
FUN_00505230,0x00505230,0x005052B4,100
entry_0050528c,0x0050528C,0x005052AC,32
entry_005052ac,0x005052AC,0x005052B0,4
entry_005052b0,0x005052B0,0x005052D0,32
FUN_005052d0,0x005052D0,0x005052DC,12
FUN_00505910,0x00505910,0x00505920,16
FUN_00505cc0,0x00505CC0,0x00505D04,68
FUN_00505d60,0x00505D60,0x00505D61,1
FUN_00505d70,0x00505D70,0x00505E64,244
entry_00505dec,0x00505DEC,0x00505E44,88
entry_00505e44,0x00505E44,0x00505E48,4
entry_00505e48,0x00505E48,0x00505E5C,20
entry_00505e5c,0x00505E5C,0x00505E60,4
entry_00505e60,0x00505E60,0x00505E80,32
FUN_00505e80,0x00505E80,0x00505FF0,368
entry_00505fc4,0x00505FC4,0x00506000,60
FUN_00506000,0x00506000,0x00506008,8
FUN_00506130,0x00506130,0x00506144,20
FUN_005062b0,0x005062B0,0x00506340,144
entry_005062e8,0x005062E8,0x00506300,24
entry_00506300,0x00506300,0x0050632C,44
entry_0050632c,0x0050632C,0x00506350,36
FUN_00506350,0x00506350,0x00506388,56
FUN_005065e0,0x005065E0,0x005065E8,8
FUN_00506680,0x00506680,0x00506688,8
FUN_00506700,0x00506700,0x00506748,72
entry_00506744,0x00506744,0x00506760,28
FUN_00506760,0x00506760,0x00506790,48
FUN_005067a0,0x005067A0,0x005067A8,8
FUN_00506820,0x00506820,0x00506874,52
entry_0050686c,0x0050686C,0x00506880,20
FUN_00506880,0x00506880,0x005068B4,52
entry_00506894,0x00506894,0x005068B0,28
entry_005068b0,0x005068B0,0x005068C0,16
FUN_005068c0,0x005068C0,0x005068C8,8
FUN_00506a70,0x00506A70,0x00506A78,8
FUN_00506af0,0x00506AF0,0x00506AF8,8
FUN_00506e50,0x00506E50,0x00506EA8,88
FUN_00506ec0,0x00506EC0,0x00506F04,68
FUN_00507060,0x00507060,0x0050706C,12
FUN_005072b0,0x005072B0,0x005072B8,8
FUN_00507350,0x00507350,0x00507424,212
entry_005073a4,0x005073A4,0x005073D4,48
entry_005073d4,0x005073D4,0x005073F4,32
entry_005073f4,0x005073F4,0x005073F8,4
entry_005073f8,0x005073F8,0x0050741C,36
entry_0050741c,0x0050741C,0x00507420,4
entry_00507420,0x00507420,0x00507430,16
FUN_00507430,0x00507430,0x00507508,216
entry_00507480,0x00507480,0x005074B0,48
entry_005074b0,0x005074B0,0x005074D8,40
entry_005074d8,0x005074D8,0x005074DC,4
entry_005074dc,0x005074DC,0x00507500,36
entry_00507500,0x00507500,0x00507504,4
entry_00507504,0x00507504,0x00507530,44
FUN_00507530,0x00507530,0x005075B4,132
entry_0050758c,0x0050758C,0x005075B0,36
entry_005075b0,0x005075B0,0x005075D0,32
FUN_005075d0,0x005075D0,0x00507658,136
entry_00507630,0x00507630,0x00507654,36
entry_00507654,0x00507654,0x00507670,28
FUN_00507670,0x00507670,0x0050768C,28
FUN_005076a0,0x005076A0,0x005076BC,28
FUN_005076d0,0x005076D0,0x005076F0,32
entry_005076ec,0x005076EC,0x00507700,20
FUN_00507700,0x00507700,0x00507720,32
entry_0050771c,0x0050771C,0x00507730,20
FUN_00507730,0x00507730,0x00507778,64
entry_00507768,0x00507768,0x00507774,12
entry_00507774,0x00507774,0x00507780,12
FUN_00507780,0x00507780,0x00507788,8
FUN_00507920,0x00507920,0x005079BC,100
entry_00507978,0x00507978,0x005079B4,60
entry_005079b4,0x005079B4,0x005079F0,60
FUN_005079f0,0x005079F0,0x00507AB0,88
entry_00507aac,0x00507AAC,0x00507AC0,20
FUN_00507ac0,0x00507AC0,0x00507AF0,48
entry_00507aec,0x00507AEC,0x00507B00,20
FUN_00507b00,0x00507B00,0x00507B10,16
FUN_00507db0,0x00507DB0,0x00507DE4,52
FUN_00507e50,0x00507E50,0x00508040,492
entry_00507e8c,0x00507E8C,0x00507EA4,24
entry_00507ea4,0x00507EA4,0x00507EC0,28
entry_00507ec0,0x00507EC0,0x00507F18,88
entry_00507f18,0x00507F18,0x00507F1C,4
entry_00507f1c,0x00507F1C,0x00507F24,8
entry_00507f24,0x00507F24,0x00507F28,4
entry_00507f28,0x00507F28,0x00507F60,56
entry_00507f60,0x00507F60,0x00507FA0,64
entry_00507fa0,0x00507FA0,0x00507FE4,68
entry_00507fe4,0x00507FE4,0x00507FFC,24
entry_00507ffc,0x00507FFC,0x00508028,44
entry_00508028,0x00508028,0x00508030,8
entry_00508030,0x00508030,0x00508050,32
FUN_00508050,0x00508050,0x00508054,4
FUN_00508060,0x00508060,0x00508064,4
FUN_00508070,0x00508070,0x00508071,1
FUN_00508080,0x00508080,0x00508081,1
FUN_00508090,0x00508090,0x00508098,8
FUN_005082a0,0x005082A0,0x005082D0,48
FUN_00508310,0x00508310,0x00508344,52
entry_00508340,0x00508340,0x00508350,16
FUN_00508350,0x00508350,0x00508470,228
entry_0050846c,0x0050846C,0x00508480,20
FUN_00508480,0x00508480,0x0050848C,12
FUN_00508590,0x00508590,0x005085E4,84
entry_005085e0,0x005085E0,0x005085F0,16
FUN_005085f0,0x005085F0,0x00508644,84
entry_00508640,0x00508640,0x00508650,16
FUN_00508650,0x00508650,0x0050869C,76
entry_0050868c,0x0050868C,0x00508694,8
entry_00508694,0x00508694,0x00508698,4
entry_00508698,0x00508698,0x005086B0,24
FUN_005086b0,0x005086B0,0x005086B8,8
FUN_00508820,0x00508820,0x0050882C,12
FUN_00508920,0x00508920,0x0050892C,12
FUN_005089c0,0x005089C0,0x005089C8,8
FUN_00508a80,0x00508A80,0x00508A90,16
FUN_00508bd0,0x00508BD0,0x00508BE8,24
FUN_00508d20,0x00508D20,0x00508D5C,60
entry_00508d58,0x00508D58,0x00508DA0,72
FUN_00508da0,0x00508DA0,0x00508E20,128
entry_00508df4,0x00508DF4,0x00508E18,36
entry_00508e18,0x00508E18,0x00508E1C,4
entry_00508e1c,0x00508E1C,0x00508E30,20
FUN_00508e30,0x00508E30,0x00508ECC,156
FUN_00508f30,0x00508F30,0x00508FCC,156
FUN_00509030,0x00509030,0x0050903C,12
FUN_005090e0,0x005090E0,0x005090E8,8
FUN_00509160,0x00509160,0x0050916C,12
FUN_00509330,0x00509330,0x00509370,64
FUN_005093a0,0x005093A0,0x005093E0,64
FUN_00509400,0x00509400,0x00509420,32
FUN_00509430,0x00509430,0x00509450,32
FUN_00509460,0x00509460,0x00509480,32
FUN_00509490,0x00509490,0x005094B0,32
FUN_005094c0,0x005094C0,0x005094E0,32
FUN_005094f0,0x005094F0,0x00509510,32
FUN_00509520,0x00509520,0x00509540,32
FUN_00509550,0x00509550,0x00509570,32
FUN_00509580,0x00509580,0x005095A4,36
FUN_005095b0,0x005095B0,0x005095D4,36
FUN_005095e0,0x005095E0,0x0050963C,92
FUN_00509650,0x00509650,0x005096C0,112
FUN_005096d0,0x005096D0,0x0050970C,60
entry_00509704,0x00509704,0x00509708,4
entry_00509708,0x00509708,0x00509720,24
FUN_00509720,0x00509720,0x00509738,24
FUN_00509770,0x00509770,0x005097AC,60
entry_005097a4,0x005097A4,0x005097A8,4
entry_005097a8,0x005097A8,0x005097C0,24
FUN_005097c0,0x005097C0,0x005097D8,24
FUN_00509810,0x00509810,0x00509830,32
entry_00509824,0x00509824,0x0050982C,8
entry_0050982c,0x0050982C,0x00509840,20
FUN_00509840,0x00509840,0x005098B0,112
entry_00509874,0x00509874,0x00509898,36
entry_00509898,0x00509898,0x0050989C,4
entry_0050989c,0x0050989C,0x005098A8,12
entry_005098a8,0x005098A8,0x005098AC,4
entry_005098ac,0x005098AC,0x005098C0,20
FUN_005098c0,0x005098C0,0x00509930,112
entry_005098f4,0x005098F4,0x00509918,36
entry_00509918,0x00509918,0x0050991C,4
entry_0050991c,0x0050991C,0x00509928,12
entry_00509928,0x00509928,0x0050992C,4
entry_0050992c,0x0050992C,0x00509940,20
FUN_00509940,0x00509940,0x00509954,20
FUN_00509a70,0x00509A70,0x00509A78,8
FUN_00509b50,0x00509B50,0x00509B5C,12
FUN_00509c20,0x00509C20,0x00509C70,80
entry_00509c68,0x00509C68,0x00509C6C,4
entry_00509c6c,0x00509C6C,0x00509C80,20
FUN_00509c80,0x00509C80,0x00509CD0,80
entry_00509cc8,0x00509CC8,0x00509CCC,4
entry_00509ccc,0x00509CCC,0x00509CE0,20
FUN_00509ce0,0x00509CE0,0x00509DB0,68
entry_00509da8,0x00509DA8,0x00509DAC,4
entry_00509dac,0x00509DAC,0x00509DC0,20
FUN_00509dc0,0x00509DC0,0x00509DD0,16
FUN_00509f40,0x00509F40,0x00509F48,8
FUN_00509f50,0x00509F50,0x00509F64,20
FUN_0050a090,0x0050A090,0x0050A091,1
FUN_0050a0b0,0x0050A0B0,0x0050A158,80
entry_0050a0f0,0x0050A0F0,0x0050A0F4,4
entry_0050a0f4,0x0050A0F4,0x0050A154,96
entry_0050a154,0x0050A154,0x0050A170,28
FUN_0050a170,0x0050A170,0x0050A194,36
entry_0050a190,0x0050A190,0x0050A1A0,16
FUN_0050a1a0,0x0050A1A0,0x0050A1C4,36
entry_0050a1c0,0x0050A1C0,0x0050A1D0,16
FUN_0050a1d0,0x0050A1D0,0x0050A1F4,36
entry_0050a1f0,0x0050A1F0,0x0050A200,16
FUN_0050a200,0x0050A200,0x0050A224,36
entry_0050a220,0x0050A220,0x0050A230,16
FUN_0050a230,0x0050A230,0x0050A23C,12
FUN_0050a370,0x0050A370,0x0050A378,8
FUN_0050a420,0x0050A420,0x0050A440,32
entry_0050a43c,0x0050A43C,0x0050A450,20
FUN_0050a450,0x0050A450,0x0050A494,60
entry_0050a48c,0x0050A48C,0x0050A4A0,20
FUN_0050a4a0,0x0050A4A0,0x0050A4A8,8
FUN_0050a630,0x0050A630,0x0050A648,24
FUN_0050a830,0x0050A830,0x0050A878,64
entry_0050a85c,0x0050A85C,0x0050A870,20
entry_0050a870,0x0050A870,0x0050A874,4
entry_0050a874,0x0050A874,0x0050A880,12
FUN_0050a880,0x0050A880,0x0050A881,1
FUN_0050a890,0x0050A890,0x0050A8B4,36
entry_0050a8b0,0x0050A8B0,0x0050A8C0,16
FUN_0050a8c0,0x0050A8C0,0x0050A8C4,4
FUN_0050a8d0,0x0050A8D0,0x0050A8D1,1
FUN_0050a8e0,0x0050A8E0,0x0050A900,32
entry_0050a8fc,0x0050A8FC,0x0050A910,20
FUN_0050a910,0x0050A910,0x0050A9F4,228
entry_0050a95c,0x0050A95C,0x0050A9B4,88
entry_0050a9b4,0x0050A9B4,0x0050A9C4,16
entry_0050a9c4,0x0050A9C4,0x0050A9EC,40
entry_0050a9ec,0x0050A9EC,0x0050AA00,20
FUN_0050aa00,0x0050AA00,0x0050AAE4,228
entry_0050aa4c,0x0050AA4C,0x0050AAA4,88
entry_0050aaa4,0x0050AAA4,0x0050AAB4,16
entry_0050aab4,0x0050AAB4,0x0050AADC,40
entry_0050aadc,0x0050AADC,0x0050AB10,52
FUN_0050ab10,0x0050AB10,0x0050AB50,64
entry_0050ab4c,0x0050AB4C,0x0050AB60,20
FUN_0050ab60,0x0050AB60,0x0050AB68,8
FUN_0050abf0,0x0050ABF0,0x0050AD28,312
entry_0050ac4c,0x0050AC4C,0x0050AC78,44
entry_0050ac78,0x0050AC78,0x0050AC84,12
entry_0050ac84,0x0050AC84,0x0050ACAC,40
entry_0050acac,0x0050ACAC,0x0050AD14,104
entry_0050ad14,0x0050AD14,0x0050AD18,4
entry_0050ad18,0x0050AD18,0x0050AD20,8
entry_0050ad20,0x0050AD20,0x0050AD24,4
entry_0050ad24,0x0050AD24,0x0050AD40,28
FUN_0050ad40,0x0050AD40,0x0050AECC,360
entry_0050ad7c,0x0050AD7C,0x0050ADC4,72
entry_0050adc4,0x0050ADC4,0x0050AE20,92
entry_0050ae20,0x0050AE20,0x0050AE2C,12
entry_0050ae2c,0x0050AE2C,0x0050AEA8,124
entry_0050aea8,0x0050AEA8,0x0050AEC8,32
entry_0050aec8,0x0050AEC8,0x0050AEE0,24
FUN_0050aee0,0x0050AEE0,0x0050AF98,116
entry_0050af94,0x0050AF94,0x0050AFE0,76
FUN_0050afe0,0x0050AFE0,0x0050AFE1,1
FUN_0050aff0,0x0050AFF0,0x0050AFF8,8
FUN_0050b220,0x0050B220,0x0050B2F4,212
FUN_0050b300,0x0050B300,0x0050B3D4,212
FUN_0050b3e0,0x0050B3E0,0x0050B400,32
FUN_0050b470,0x0050B470,0x0050B484,20
FUN_0050b7e0,0x0050B7E0,0x0050B7EC,12
FUN_0050b910,0x0050B910,0x0050B91C,12
FUN_0050ba50,0x0050BA50,0x0050BBA4,340
entry_0050bac4,0x0050BAC4,0x0050BB00,60
entry_0050bb00,0x0050BB00,0x0050BB48,72
entry_0050bb48,0x0050BB48,0x0050BB64,28
entry_0050bb64,0x0050BB64,0x0050BBA0,60
entry_0050bba0,0x0050BBA0,0x0050BBC0,32
FUN_0050bbc0,0x0050BBC0,0x0050BF84,52
entry_0050bf80,0x0050BF80,0x0050BFA0,32
FUN_0050bfa0,0x0050BFA0,0x0050BFAC,12
FUN_0050c0e0,0x0050C0E0,0x0050C1BC,220
entry_0050c14c,0x0050C14C,0x0050C184,56
entry_0050c184,0x0050C184,0x0050C190,12
entry_0050c190,0x0050C190,0x0050C1B4,36
entry_0050c1b4,0x0050C1B4,0x0050C1D0,28
FUN_0050c1d0,0x0050C1D0,0x0050C2EC,252
entry_0050c248,0x0050C248,0x0050C28C,68
entry_0050c28c,0x0050C28C,0x0050C298,12
entry_0050c298,0x0050C298,0x0050C2E8,80
entry_0050c2e8,0x0050C2E8,0x0050C300,24
FUN_0050c300,0x0050C300,0x0050C301,1
FUN_0050c310,0x0050C310,0x0050C734,1060
entry_0050c38c,0x0050C38C,0x0050C3E4,88
entry_0050c3e4,0x0050C3E4,0x0050C43C,88
entry_0050c43c,0x0050C43C,0x0050C494,88
entry_0050c494,0x0050C494,0x0050C4EC,88
entry_0050c4ec,0x0050C4EC,0x0050C544,88
entry_0050c544,0x0050C544,0x0050C59C,88
entry_0050c59c,0x0050C59C,0x0050C5F4,88
entry_0050c5f4,0x0050C5F4,0x0050C64C,88
entry_0050c64c,0x0050C64C,0x0050C6A4,88
entry_0050c6a4,0x0050C6A4,0x0050C6FC,88
entry_0050c6fc,0x0050C6FC,0x0050C714,24
entry_0050c714,0x0050C714,0x0050C718,4
entry_0050c718,0x0050C718,0x0050C72C,20
entry_0050c72c,0x0050C72C,0x0050C730,4
entry_0050c730,0x0050C730,0x0050C750,32
FUN_0050c750,0x0050C750,0x0050C9CC,636
FUN_0050c9e0,0x0050C9E0,0x0050C9E4,4
FUN_0050c9f0,0x0050C9F0,0x0050CA00,16
FUN_0050d090,0x0050D090,0x0050D098,8
FUN_0050d180,0x0050D180,0x0050D1D8,84
entry_0050d1bc,0x0050D1BC,0x0050D1D0,20
entry_0050d1d0,0x0050D1D0,0x0050D1D4,4
entry_0050d1d4,0x0050D1D4,0x0050D1F0,28
FUN_0050d1f0,0x0050D1F0,0x0050D1F8,8
FUN_0050d4a0,0x0050D4A0,0x0050D4B4,20
FUN_0050d6d0,0x0050D6D0,0x0050D6E0,16
FUN_0050d6f0,0x0050D6F0,0x0050D6F8,8
FUN_0050d7e0,0x0050D7E0,0x0050D7E8,8
FUN_0050d8d0,0x0050D8D0,0x0050D8D8,8
FUN_0050d9d0,0x0050D9D0,0x0050D9DC,12
FUN_0050daf0,0x0050DAF0,0x0050DBB0,192
entry_0050db38,0x0050DB38,0x0050DB78,64
entry_0050db78,0x0050DB78,0x0050DB84,12
entry_0050db84,0x0050DB84,0x0050DBAC,40
entry_0050dbac,0x0050DBAC,0x0050DBC0,20
FUN_0050dbc0,0x0050DBC0,0x0050DBCC,12
FUN_0050df40,0x0050DF40,0x0050DFF0,176
entry_0050df98,0x0050DF98,0x0050DFB0,24
entry_0050dfb0,0x0050DFB0,0x0050DFBC,12
entry_0050dfbc,0x0050DFBC,0x0050DFE4,40
entry_0050dfe4,0x0050DFE4,0x0050E000,28
FUN_0050e000,0x0050E000,0x0050E1EC,492
entry_0050e080,0x0050E080,0x0050E0AC,44
entry_0050e0ac,0x0050E0AC,0x0050E0C4,24
entry_0050e0c4,0x0050E0C4,0x0050E0F0,44
entry_0050e0f0,0x0050E0F0,0x0050E0F4,4
entry_0050e0f4,0x0050E0F4,0x0050E100,12
entry_0050e100,0x0050E100,0x0050E168,104
entry_0050e168,0x0050E168,0x0050E19C,52
entry_0050e19c,0x0050E19C,0x0050E1B8,28
entry_0050e1b8,0x0050E1B8,0x0050E1E4,44
entry_0050e1e4,0x0050E1E4,0x0050E200,28
FUN_0050e200,0x0050E200,0x0050E2A8,168
entry_0050e250,0x0050E250,0x0050E26C,28
entry_0050e26c,0x0050E26C,0x0050E278,12
entry_0050e278,0x0050E278,0x0050E29C,36
entry_0050e29c,0x0050E29C,0x0050E2C0,36
FUN_0050e2c0,0x0050E2C0,0x0050E2CC,12
FUN_0050e3b0,0x0050E3B0,0x0050E3B8,8
FUN_0050e470,0x0050E470,0x0050E47C,12
FUN_0050e550,0x0050E550,0x0050E558,8
FUN_0050e630,0x0050E630,0x0050E6CC,156
entry_0050e6ac,0x0050E6AC,0x0050E6B0,4
entry_0050e6b0,0x0050E6B0,0x0050E6C4,20
entry_0050e6c4,0x0050E6C4,0x0050E6C8,4
entry_0050e6c8,0x0050E6C8,0x0050E6E0,24
FUN_0050e6e0,0x0050E6E0,0x0050E720,64
entry_0050e718,0x0050E718,0x0050E730,24
FUN_0050e730,0x0050E730,0x0050E738,8
FUN_0050e860,0x0050E860,0x0050E86C,12
FUN_0050e960,0x0050E960,0x0050E968,8
FUN_0050ea30,0x0050EA30,0x0050EA38,8
FUN_0050eb10,0x0050EB10,0x0050EB20,16
FUN_0050ec70,0x0050EC70,0x0050EC7C,12
FUN_0050ed20,0x0050ED20,0x0050ED2C,12
FUN_0050ee80,0x0050EE80,0x0050EE81,1
FUN_0050ee90,0x0050EE90,0x0050EEE8,84
entry_0050eecc,0x0050EECC,0x0050EEE0,20
entry_0050eee0,0x0050EEE0,0x0050EEE4,4
entry_0050eee4,0x0050EEE4,0x0050EF30,76
FUN_0050ef30,0x0050EF30,0x0050EF40,16
FUN_0050f1f0,0x0050F1F0,0x0050F1F1,1
FUN_0050f200,0x0050F200,0x0050F214,20
entry_0050f220,0x0050F220,0x0050F230,16
entry_0050f230,0x0050F230,0x0050F2A0,112
FUN_0050f2a0,0x0050F2A0,0x0050F304,100
entry_0050f2fc,0x0050F2FC,0x0050F300,4
entry_0050f300,0x0050F300,0x0050F310,16
FUN_0050f310,0x0050F310,0x0050F374,100
entry_0050f36c,0x0050F36C,0x0050F370,4
entry_0050f370,0x0050F370,0x0050F380,16
FUN_0050f380,0x0050F380,0x0050F398,24
FUN_0050f3a0,0x0050F3A0,0x0050F73C,176
entry_0050f3e0,0x0050F3E0,0x0050F42C,76
entry_0050f42c,0x0050F42C,0x0050F738,780
entry_0050f738,0x0050F738,0x0050F750,24
FUN_0050f750,0x0050F750,0x0050F758,8
FUN_0050f9f0,0x0050F9F0,0x0050FA74,124
entry_0050fa14,0x0050FA14,0x0050FA70,92
entry_0050fa70,0x0050FA70,0x0050FA80,16
FUN_0050fa80,0x0050FA80,0x0050FA90,16
FUN_0050fba0,0x0050FBA0,0x0050FBC0,32
entry_0050fbbc,0x0050FBBC,0x0050FBD0,20
FUN_0050fbd0,0x0050FBD0,0x0050FBF0,32
entry_0050fbec,0x0050FBEC,0x0050FC00,20
FUN_0050fc00,0x0050FC00,0x0050FC2C,44
entry_0050fc28,0x0050FC28,0x0050FC40,24
FUN_0050fc40,0x0050FC40,0x0050FC64,36
entry_0050fc60,0x0050FC60,0x0050FC70,16
FUN_0050fc70,0x0050FC70,0x0050FC7C,12
FUN_0050fdb0,0x0050FDB0,0x0050FDB1,1
FUN_0050fdc0,0x0050FDC0,0x0050FDC1,1
FUN_0050fdd0,0x0050FDD0,0x0050FDD1,1
FUN_0050fde0,0x0050FDE0,0x0050FDE1,1
FUN_0050fe10,0x0050FE10,0x0050FE1C,12
FUN_0050feb0,0x0050FEB0,0x0050FEBC,12
FUN_0050ff50,0x0050FF50,0x0050FF5C,12
FUN_0050fff0,0x0050FFF0,0x0050FFFC,12
FUN_00510090,0x00510090,0x00510098,8
FUN_00510250,0x00510250,0x00510264,20
FUN_00510410,0x00510410,0x00510418,8
FUN_005104f0,0x005104F0,0x005104F8,8
FUN_005105d0,0x005105D0,0x005105D8,8
FUN_005105e0,0x005105E0,0x005105E1,1
FUN_005105f0,0x005105F0,0x005105F1,1
FUN_00510600,0x00510600,0x00510608,8
FUN_00510610,0x00510610,0x00510611,1
FUN_00510620,0x00510620,0x00510640,32
entry_0051063c,0x0051063C,0x00510660,36
FUN_00510660,0x00510660,0x00510680,32
entry_0051067c,0x0051067C,0x00510690,20
FUN_00510690,0x00510690,0x005106B4,36
entry_005106b0,0x005106B0,0x005106C0,16
FUN_005106c0,0x005106C0,0x00510718,64
entry_00510708,0x00510708,0x00510714,12
entry_00510714,0x00510714,0x00510730,28
FUN_00510730,0x00510730,0x00510760,40
entry_0051075c,0x0051075C,0x00510770,20
FUN_00510770,0x00510770,0x00510771,1
FUN_00510780,0x00510780,0x005107CC,68
entry_005107b0,0x005107B0,0x005107F0,64
FUN_005107f0,0x005107F0,0x00510804,20
FUN_00510810,0x00510810,0x00510824,20
FUN_00510830,0x00510830,0x005108A8,120
entry_00510874,0x00510874,0x00510884,16
entry_00510884,0x00510884,0x0051088C,8
entry_0051088c,0x0051088C,0x005108A4,24
entry_005108a4,0x005108A4,0x005108C0,28
FUN_005108c0,0x005108C0,0x005108CC,12
FUN_00510a10,0x00510A10,0x00510AD0,192
entry_00510a44,0x00510A44,0x00510A64,32
entry_00510a64,0x00510A64,0x00510A80,28
entry_00510a80,0x00510A80,0x00510AC0,64
entry_00510ac0,0x00510AC0,0x00510AC8,8
entry_00510ac8,0x00510AC8,0x00510ACC,4
entry_00510acc,0x00510ACC,0x00510B00,52
FUN_00510b00,0x00510B00,0x00510B08,8
FUN_00510c60,0x00510C60,0x00510CE8,136
FUN_00510d00,0x00510D00,0x00510D08,8
FUN_00510de0,0x00510DE0,0x00510DEC,12
FUN_00510f20,0x00510F20,0x00511064,324
entry_00510f64,0x00510F64,0x00510FA0,60
entry_00510fa0,0x00510FA0,0x00511028,136
entry_00511028,0x00511028,0x00511034,12
entry_00511034,0x00511034,0x0051105C,40
entry_0051105c,0x0051105C,0x00511080,36
FUN_00511080,0x00511080,0x00511081,1
FUN_00511090,0x00511090,0x0051113C,172
entry_005110d4,0x005110D4,0x005110F4,32
entry_005110f4,0x005110F4,0x00511100,12
entry_00511100,0x00511100,0x00511128,40
entry_00511128,0x00511128,0x00511138,16
entry_00511138,0x00511138,0x00511150,24
FUN_00511150,0x00511150,0x005111E8,152
entry_00511194,0x00511194,0x005111B4,32
entry_005111b4,0x005111B4,0x005111C0,12
entry_005111c0,0x005111C0,0x005111E4,36
entry_005111e4,0x005111E4,0x00511200,28
FUN_00511200,0x00511200,0x005112B8,184
entry_00511244,0x00511244,0x00511298,84
entry_00511298,0x00511298,0x0051129C,4
entry_0051129c,0x0051129C,0x005112B0,20
entry_005112b0,0x005112B0,0x005112B4,4
entry_005112b4,0x005112B4,0x005112D0,28
FUN_005112d0,0x005112D0,0x00511314,68
FUN_00511350,0x00511350,0x00511358,8
FUN_00511420,0x00511420,0x00511421,1
FUN_00511430,0x00511430,0x00511534,260
entry_0051147c,0x0051147C,0x005114E8,108
entry_005114e8,0x005114E8,0x005114F4,12
entry_005114f4,0x005114F4,0x00511504,16
entry_00511504,0x00511504,0x0051152C,40
entry_0051152c,0x0051152C,0x00511550,36
FUN_00511550,0x00511550,0x00511670,272
entry_005115ac,0x005115AC,0x005115F4,72
entry_005115f4,0x005115F4,0x00511600,12
entry_00511600,0x00511600,0x0051164C,76
entry_0051164c,0x0051164C,0x0051166C,32
entry_0051166c,0x0051166C,0x00511680,20
FUN_00511680,0x00511680,0x00511718,152
entry_005116f8,0x005116F8,0x005116FC,4
entry_005116fc,0x005116FC,0x00511710,20
entry_00511710,0x00511710,0x00511714,4
entry_00511714,0x00511714,0x00511730,28
FUN_00511730,0x00511730,0x00511758,40
FUN_00511770,0x00511770,0x00511778,8
FUN_00511800,0x00511800,0x0051180C,12
FUN_005118a0,0x005118A0,0x005118A8,8
FUN_00511940,0x00511940,0x0051194C,12
FUN_005119f0,0x005119F0,0x00511A44,84
entry_00511a3c,0x00511A3C,0x00511A40,4
entry_00511a40,0x00511A40,0x00511A60,32
FUN_00511a60,0x00511A60,0x00511A98,56
FUN_00511ab0,0x00511AB0,0x00511AFC,44
entry_00511af4,0x00511AF4,0x00511B10,28
FUN_00511b10,0x00511B10,0x00511B4C,60
entry_00511b44,0x00511B44,0x00511B48,4
entry_00511b48,0x00511B48,0x00511B60,24
FUN_00511b60,0x00511B60,0x00511BB0,76
entry_00511b80,0x00511B80,0x00511BA8,40
entry_00511ba8,0x00511BA8,0x00511BD0,40
FUN_00511bd0,0x00511BD0,0x00511BD8,8
FUN_00511cf0,0x00511CF0,0x00511D9C,172
entry_00511d34,0x00511D34,0x00511D58,36
entry_00511d58,0x00511D58,0x00511D5C,4
entry_00511d5c,0x00511D5C,0x00511D70,20
entry_00511d70,0x00511D70,0x00511D98,40
entry_00511d98,0x00511D98,0x00511DB0,24
FUN_00511db0,0x00511DB0,0x00511DB8,8
FUN_00511f60,0x00511F60,0x00511F68,8
FUN_00512080,0x00512080,0x00512081,1
FUN_00512090,0x00512090,0x00512118,136
entry_005120d4,0x005120D4,0x005120EC,24
entry_005120ec,0x005120EC,0x00512114,40
entry_00512114,0x00512114,0x00512130,28
FUN_00512130,0x00512130,0x00512131,1
FUN_00512140,0x00512140,0x00512148,8
FUN_00512480,0x00512480,0x0051249C,28
FUN_005124b0,0x005124B0,0x00512534,132
entry_00512520,0x00512520,0x00512530,16
entry_00512530,0x00512530,0x00512630,256
FUN_00512630,0x00512630,0x00512644,20
FUN_00512ab0,0x00512AB0,0x00512AC0,16
FUN_005131a0,0x005131A0,0x00513250,176
entry_0051324c,0x0051324C,0x00513260,20
FUN_00513260,0x00513260,0x00513284,36
FUN_005132f0,0x005132F0,0x0051330C,28
FUN_00513320,0x00513320,0x0051335C,60
entry_00513354,0x00513354,0x00513358,4
entry_00513358,0x00513358,0x00513370,24
FUN_00513370,0x00513370,0x005133EC,44
entry_005133e4,0x005133E4,0x00513400,28
FUN_00513400,0x00513400,0x00513440,64
entry_00513438,0x00513438,0x0051343C,4
entry_0051343c,0x0051343C,0x00513450,20
FUN_00513450,0x00513450,0x00513451,1
FUN_00513460,0x00513460,0x00513468,8
FUN_005134e0,0x005134E0,0x005134EC,12
FUN_00513670,0x00513670,0x00513684,20
FUN_00513780,0x00513780,0x005137D8,84
entry_005137bc,0x005137BC,0x005137D0,20
entry_005137d0,0x005137D0,0x005137D4,4
entry_005137d4,0x005137D4,0x005137F0,28
FUN_005137f0,0x005137F0,0x00513828,56
entry_0051380c,0x0051380C,0x00513830,36
FUN_00513830,0x00513830,0x00513840,16
FUN_00513850,0x00513850,0x005138CC,124
entry_005138ac,0x005138AC,0x005138B0,4
entry_005138b0,0x005138B0,0x005138C4,20
entry_005138c4,0x005138C4,0x005138C8,4
entry_005138c8,0x005138C8,0x005138E0,24
FUN_005138e0,0x005138E0,0x005138EC,12
FUN_00513990,0x00513990,0x0051399C,12
FUN_00513a50,0x00513A50,0x00513A5C,12
FUN_00513c50,0x00513C50,0x00513CBC,108
entry_00513c70,0x00513C70,0x00513CD0,96
FUN_00513cd0,0x00513CD0,0x00513D2C,92
FUN_00513d60,0x00513D60,0x00513D74,20
FUN_00513ea0,0x00513EA0,0x00513EB4,20
FUN_00513fc0,0x00513FC0,0x00513FC8,8
FUN_005149b0,0x005149B0,0x005149C0,16
FUN_00514c40,0x00514C40,0x00514C50,16
FUN_00514ee0,0x00514EE0,0x00514EE8,8
FUN_00514f70,0x00514F70,0x00514FD8,96
entry_00514fd0,0x00514FD0,0x00514FF0,32
FUN_00514ff0,0x00514FF0,0x00514FF8,8
FUN_005154a0,0x005154A0,0x005154BC,28
FUN_00515820,0x00515820,0x0051582C,12
FUN_00515cc0,0x00515CC0,0x00515D2C,104
entry_00515cfc,0x00515CFC,0x00515D1C,32
entry_00515d1c,0x00515D1C,0x00515D28,12
entry_00515d28,0x00515D28,0x00515D40,24
FUN_00515d40,0x00515D40,0x00515E78,252
entry_00515e70,0x00515E70,0x00515E74,4
entry_00515e74,0x00515E74,0x00515F30,188
FUN_00515f30,0x00515F30,0x00515F3C,12
FUN_00516200,0x00516200,0x00516214,20
FUN_00516450,0x00516450,0x0051645C,12
FUN_005165f0,0x005165F0,0x00516604,20
FUN_00516830,0x00516830,0x00516838,8
FUN_00516a30,0x00516A30,0x00516AE4,180
entry_00516a78,0x00516A78,0x00516A9C,36
entry_00516a9c,0x00516A9C,0x00516AB4,24
entry_00516ab4,0x00516AB4,0x00516ABC,8
entry_00516abc,0x00516ABC,0x00516AE0,36
entry_00516ae0,0x00516AE0,0x00516B00,32
FUN_00516b00,0x00516B00,0x00516B0C,12
FUN_00516be0,0x00516BE0,0x00516BF0,16
FUN_00516ec0,0x00516EC0,0x00516EC8,8
FUN_005171e0,0x005171E0,0x00517224,68
FUN_00517230,0x00517230,0x00517274,68
FUN_00517280,0x00517280,0x00517294,20
FUN_005172a0,0x005172A0,0x005172B4,20
FUN_005172c0,0x005172C0,0x005172C8,8
FUN_005174a0,0x005174A0,0x005174C0,32
FUN_005177e0,0x005177E0,0x00517800,32
FUN_005179d0,0x005179D0,0x005179E4,20
FUN_00518060,0x00518060,0x00518074,20
FUN_005186e0,0x005186E0,0x00518844,136
entry_00518748,0x00518748,0x0051883C,244
entry_0051883c,0x0051883C,0x00518860,36
FUN_00518860,0x00518860,0x00518868,8
FUN_00518e80,0x00518E80,0x00518E88,8
FUN_00519a60,0x00519A60,0x00519C24,212
entry_00519a94,0x00519A94,0x00519AB4,32
entry_00519ab4,0x00519AB4,0x00519AE4,48
entry_00519ae4,0x00519AE4,0x00519B04,32
entry_00519b04,0x00519B04,0x00519B18,20
entry_00519b18,0x00519B18,0x00519BC0,168
entry_00519bc0,0x00519BC0,0x00519C1C,92
entry_00519c1c,0x00519C1C,0x00519C20,4
entry_00519c20,0x00519C20,0x00519C30,16
FUN_00519c30,0x00519C30,0x00519D88,224
entry_00519c64,0x00519C64,0x00519C84,32
entry_00519c84,0x00519C84,0x00519CB8,52
entry_00519cb8,0x00519CB8,0x00519D24,108
entry_00519d24,0x00519D24,0x00519D44,32
entry_00519d44,0x00519D44,0x00519D48,4
entry_00519d48,0x00519D48,0x00519D70,40
entry_00519d70,0x00519D70,0x00519D80,16
entry_00519d80,0x00519D80,0x00519D84,4
entry_00519d84,0x00519D84,0x00519DA0,28
FUN_00519da0,0x00519DA0,0x00519DE0,64
FUN_00519df0,0x00519DF0,0x00519E20,48
FUN_00519f30,0x00519F30,0x00519F58,40
entry_00519f54,0x00519F54,0x00519F60,12
FUN_00519f60,0x00519F60,0x00519F68,8
FUN_0051a100,0x0051A100,0x0051A110,16
FUN_0051a810,0x0051A810,0x0051A81C,12
FUN_0051aa80,0x0051AA80,0x0051AA88,8
FUN_0051aca0,0x0051ACA0,0x0051ACF4,84
entry_0051acd8,0x0051ACD8,0x0051ACE0,8
entry_0051ace0,0x0051ACE0,0x0051AD00,32
FUN_0051ad00,0x0051AD00,0x0051ADB0,68
entry_0051ad2c,0x0051AD2C,0x0051ADAC,128
entry_0051adac,0x0051ADAC,0x0051AE90,228
FUN_0051ae90,0x0051AE90,0x0051AEE0,40
entry_0051aedc,0x0051AEDC,0x0051AEF0,20
FUN_0051aef0,0x0051AEF0,0x0051AF28,32
entry_0051af24,0x0051AF24,0x0051AF30,12
FUN_0051af30,0x0051AF30,0x0051AF50,32
FUN_0051af60,0x0051AF60,0x0051AF74,20
FUN_0051afb0,0x0051AFB0,0x0051B094,48
entry_0051b08c,0x0051B08C,0x0051B0A0,20
FUN_0051b0a0,0x0051B0A0,0x0051B0AC,12
FUN_0051b290,0x0051B290,0x0051B3A4,276
entry_0051b350,0x0051B350,0x0051B358,8
entry_0051b358,0x0051B358,0x0051B374,28
entry_0051b374,0x0051B374,0x0051B38C,24
entry_0051b38c,0x0051B38C,0x0051B3A0,20
entry_0051b3a0,0x0051B3A0,0x0051B3C0,32
FUN_0051b3c0,0x0051B3C0,0x0051B4AC,236
entry_0051b40c,0x0051B40C,0x0051B424,24
entry_0051b424,0x0051B424,0x0051B450,44
entry_0051b450,0x0051B450,0x0051B468,24
entry_0051b468,0x0051B468,0x0051B480,24
entry_0051b480,0x0051B480,0x0051B498,24
entry_0051b498,0x0051B498,0x0051B4A8,16
entry_0051b4a8,0x0051B4A8,0x0051B4C0,24
FUN_0051b4c0,0x0051B4C0,0x0051B4CC,12
FUN_0051b7e0,0x0051B7E0,0x0051B7EC,12
FUN_0051ba00,0x0051BA00,0x0051BA10,16
FUN_0051bc00,0x0051BC00,0x0051BC08,8
FUN_0051c080,0x0051C080,0x0051C0E4,100
entry_0051c0a4,0x0051C0A4,0x0051C0BC,24
entry_0051c0bc,0x0051C0BC,0x0051C0D8,28
entry_0051c0d8,0x0051C0D8,0x0051C0F0,24
FUN_0051c0f0,0x0051C0F0,0x0051C0FC,12
FUN_0051c5a0,0x0051C5A0,0x0051C5D8,56
entry_0051c5bc,0x0051C5BC,0x0051C5E0,36
FUN_0051c5e0,0x0051C5E0,0x0051C670,140
entry_0051c618,0x0051C618,0x0051C634,28
entry_0051c634,0x0051C634,0x0051C654,32
entry_0051c654,0x0051C654,0x0051C668,20
entry_0051c668,0x0051C668,0x0051C66C,4
entry_0051c66c,0x0051C66C,0x0051C680,20
FUN_0051c680,0x0051C680,0x0051C70C,140
entry_0051c6d4,0x0051C6D4,0x0051C6F8,36
entry_0051c6f8,0x0051C6F8,0x0051C700,8
entry_0051c700,0x0051C700,0x0051C704,4
entry_0051c704,0x0051C704,0x0051C708,4
entry_0051c708,0x0051C708,0x0051C720,24
FUN_0051c720,0x0051C720,0x0051C730,16
thunk_FUN_0051e700,0x0051C7C0,0x0051C7C8,8
thunk_FUN_0051e780,0x0051C7D0,0x0051C7D8,8
thunk_FUN_0051db90,0x0051C7E0,0x0051C7E8,8
FUN_0051c7f0,0x0051C7F0,0x0051C83C,76
entry_0051c814,0x0051C814,0x0051C850,60
FUN_0051c850,0x0051C850,0x0051C85C,12
FUN_0051c9e0,0x0051C9E0,0x0051C9F4,20
FUN_0051cbb0,0x0051CBB0,0x0051CBC4,20
FUN_0051cdd0,0x0051CDD0,0x0051CDE0,16
FUN_0051cf90,0x0051CF90,0x0051CFF0,96
entry_0051cfb8,0x0051CFB8,0x0051CFDC,36
entry_0051cfdc,0x0051CFDC,0x0051CFEC,16
entry_0051cfec,0x0051CFEC,0x0051D000,20
FUN_0051d000,0x0051D000,0x0051D014,20
FUN_0051d440,0x0051D440,0x0051D45C,28
FUN_0051d720,0x0051D720,0x0051D730,16
FUN_0051d7b0,0x0051D7B0,0x0051D7C0,16
FUN_0051d890,0x0051D890,0x0051D8F0,96
entry_0051d8c4,0x0051D8C4,0x0051D8EC,40
entry_0051d8ec,0x0051D8EC,0x0051D900,20
FUN_0051d900,0x0051D900,0x0051D90C,12
FUN_0051dad0,0x0051DAD0,0x0051DAE4,20
FUN_0051db90,0x0051DB90,0x0051DB9C,12
FUN_0051dc70,0x0051DC70,0x0051DC78,8
FUN_0051dd00,0x0051DD00,0x0051DD0C,12
FUN_0051ddf0,0x0051DDF0,0x0051DDF8,8
FUN_0051de80,0x0051DE80,0x0051DE88,8
FUN_0051dfe0,0x0051DFE0,0x0051DFEC,12
FUN_0051e080,0x0051E080,0x0051E088,8
FUN_0051e120,0x0051E120,0x0051E190,112
entry_0051e154,0x0051E154,0x0051E158,4
entry_0051e158,0x0051E158,0x0051E16C,20
entry_0051e16c,0x0051E16C,0x0051E188,28
entry_0051e188,0x0051E188,0x0051E1A0,24
FUN_0051e1a0,0x0051E1A0,0x0051E1A8,8
FUN_0051e2a0,0x0051E2A0,0x0051E2B0,16
FUN_0051e3b0,0x0051E3B0,0x0051E3BC,12
FUN_0051e4c0,0x0051E4C0,0x0051E4D4,20
FUN_0051e570,0x0051E570,0x0051E5E4,116
entry_0051e5a4,0x0051E5A4,0x0051E5A8,4
entry_0051e5a8,0x0051E5A8,0x0051E5BC,20
entry_0051e5bc,0x0051E5BC,0x0051E5E0,36
entry_0051e5e0,0x0051E5E0,0x0051E600,32
FUN_0051e600,0x0051E600,0x0051E670,112
entry_0051e634,0x0051E634,0x0051E638,4
entry_0051e638,0x0051E638,0x0051E64C,20
entry_0051e64c,0x0051E64C,0x0051E66C,32
entry_0051e66c,0x0051E66C,0x0051E680,20
FUN_0051e680,0x0051E680,0x0051E6E8,104
entry_0051e6b4,0x0051E6B4,0x0051E6B8,4
entry_0051e6b8,0x0051E6B8,0x0051E6CC,20
entry_0051e6cc,0x0051E6CC,0x0051E6E0,20
entry_0051e6e0,0x0051E6E0,0x0051E700,32
FUN_0051e700,0x0051E700,0x0051E768,104
entry_0051e734,0x0051E734,0x0051E738,4
entry_0051e738,0x0051E738,0x0051E74C,20
entry_0051e74c,0x0051E74C,0x0051E760,20
entry_0051e760,0x0051E760,0x0051E780,32
FUN_0051e780,0x0051E780,0x0051E7E8,104
entry_0051e7b4,0x0051E7B4,0x0051E7B8,4
entry_0051e7b8,0x0051E7B8,0x0051E7CC,20
entry_0051e7cc,0x0051E7CC,0x0051E7E0,20
entry_0051e7e0,0x0051E7E0,0x0051EAF0,784
FUN_0051eaf0,0x0051EAF0,0x0051EB58,104
FUN_0051ebd0,0x0051EBD0,0x0051EBEC,28
FUN_0051ee50,0x0051EE50,0x0051EE58,8
FUN_0051ee70,0x0051EE70,0x0051EE84,20
FUN_0051eea0,0x0051EEA0,0x0051EEB4,20
FUN_0051eed0,0x0051EED0,0x0051EED8,8
FUN_0051ef30,0x0051EF30,0x0051EF54,36
FUN_0051ef60,0x0051EF60,0x0051EF7C,28
FUN_0051f070,0x0051F070,0x0051F210,416
entry_0051f098,0x0051F098,0x0051F0B8,32
entry_0051f0b8,0x0051F0B8,0x0051F0D4,28
entry_0051f0d4,0x0051F0D4,0x0051F134,96
entry_0051f134,0x0051F134,0x0051F158,36
entry_0051f158,0x0051F158,0x0051F174,28
entry_0051f174,0x0051F174,0x0051F1F4,128
entry_0051f1f4,0x0051F1F4,0x0051F220,44
FUN_0051f220,0x0051F220,0x0051F22C,12
FUN_0051f330,0x0051F330,0x0051F35C,44
FUN_0051f370,0x0051F370,0x0051F440,208
FUN_0051f450,0x0051F450,0x0051F56C,284
entry_0051f4cc,0x0051F4CC,0x0051F4F8,44
entry_0051f4f8,0x0051F4F8,0x0051F564,108
entry_0051f564,0x0051F564,0x0051F568,4
entry_0051f568,0x0051F568,0x0051F580,24
FUN_0051f580,0x0051F580,0x0051F590,16
FUN_0051fd90,0x0051FD90,0x0051FDC4,52
FUN_0051fdd0,0x0051FDD0,0x0051FDF0,32
entry_0051fdec,0x0051FDEC,0x0051FE00,20
FUN_0051fe00,0x0051FE00,0x0051FE08,8
FUN_0051fea0,0x0051FEA0,0x0051FF20,128
entry_0051fed4,0x0051FED4,0x0051FF20,76
FUN_0051ff20,0x0051FF20,0x0051FF2C,12
FUN_00520090,0x00520090,0x00520108,120
entry_005200c8,0x005200C8,0x005200E0,24
entry_005200e0,0x005200E0,0x005202F0,528
FUN_005202f0,0x005202F0,0x005202FC,12
FUN_005218f0,0x005218F0,0x00521920,48
entry_00521914,0x00521914,0x0052191C,8
entry_0052191c,0x0052191C,0x00521930,20
FUN_00521930,0x00521930,0x00521938,8
FUN_00521a20,0x00521A20,0x00521A80,96
FUN_00521aa0,0x00521AA0,0x00521AFC,92
FUN_00521b10,0x00521B10,0x00521B64,84
FUN_00521b80,0x00521B80,0x00521B88,8
FUN_00521e60,0x00521E60,0x00521E74,20
FUN_00521f90,0x00521F90,0x00521FA4,20
FUN_005220b0,0x005220B0,0x005220C4,20
FUN_005221d0,0x005221D0,0x00522228,84
entry_0052220c,0x0052220C,0x00522220,20
entry_00522220,0x00522220,0x00522224,4
entry_00522224,0x00522224,0x00522240,28
FUN_00522240,0x00522240,0x00522298,84
entry_0052227c,0x0052227C,0x00522290,20
entry_00522290,0x00522290,0x00522294,4
entry_00522294,0x00522294,0x005222B0,28
FUN_005222b0,0x005222B0,0x00522308,84
entry_005222ec,0x005222EC,0x00522300,20
entry_00522300,0x00522300,0x00522304,4
entry_00522304,0x00522304,0x00522320,28
FUN_00522320,0x00522320,0x00522360,64
entry_00522344,0x00522344,0x00522370,44
FUN_00522370,0x00522370,0x005223B0,64
entry_00522394,0x00522394,0x005223C0,44
FUN_005223c0,0x005223C0,0x00522400,64
entry_005223e4,0x005223E4,0x00522420,60
FUN_00522420,0x00522420,0x00522520,256
entry_0052247c,0x0052247C,0x00522490,20
entry_00522490,0x00522490,0x0052251C,140
entry_0052251c,0x0052251C,0x00522530,20
FUN_00522530,0x00522530,0x00522538,8
FUN_005225f0,0x005225F0,0x00522648,88
entry_00522640,0x00522640,0x00522644,4
entry_00522644,0x00522644,0x00522660,28
FUN_00522660,0x00522660,0x005226F8,152
entry_005226f4,0x005226F4,0x00522730,60
FUN_00522730,0x00522730,0x00522750,32
entry_0052274c,0x0052274C,0x00522760,20
FUN_00522760,0x00522760,0x0052278C,44
entry_00522784,0x00522784,0x005227A0,28
FUN_005227a0,0x005227A0,0x005227CC,44
entry_005227c4,0x005227C4,0x005227E0,28
FUN_005227e0,0x005227E0,0x0052280C,44
entry_00522804,0x00522804,0x00522820,28
FUN_00522820,0x00522820,0x0052284C,44
entry_00522844,0x00522844,0x00522860,28
FUN_00522860,0x00522860,0x00522880,32
entry_0052287c,0x0052287C,0x00522890,20
FUN_00522890,0x00522890,0x0052291C,64
entry_005228c0,0x005228C0,0x00522914,84
entry_00522914,0x00522914,0x00522A50,316
FUN_00522a50,0x00522A50,0x00522A64,20
FUN_00522e30,0x00522E30,0x00522E58,40
FUN_00522f10,0x00522F10,0x00522FD0,192
entry_00522f24,0x00522F24,0x00522F38,20
entry_00522f38,0x00522F38,0x00522F50,24
entry_00522f50,0x00522F50,0x00522F58,8
entry_00522f58,0x00522F58,0x00522F74,28
entry_00522f74,0x00522F74,0x00522FB0,60
entry_00522fb0,0x00522FB0,0x00522FB4,4
entry_00522fb4,0x00522FB4,0x00522FC0,12
entry_00522fc0,0x00522FC0,0x00523130,368
FUN_00523130,0x00523130,0x00523138,8
FUN_00523390,0x00523390,0x005233DC,76
entry_005233c4,0x005233C4,0x005233D8,20
entry_005233d8,0x005233D8,0x005233F0,24
FUN_005233f0,0x005233F0,0x0052348C,156
entry_00523414,0x00523414,0x00523428,20
entry_00523428,0x00523428,0x00523450,40
entry_00523450,0x00523450,0x00523478,40
entry_00523478,0x00523478,0x0052347C,4
entry_0052347c,0x0052347C,0x00523484,8
entry_00523484,0x00523484,0x005234A0,28
FUN_005234a0,0x005234A0,0x005234AC,12
FUN_00523510,0x00523510,0x0052351C,12
FUN_00523890,0x00523890,0x005238A4,20
FUN_00523cd0,0x00523CD0,0x00523CF8,40
entry_00523cf4,0x00523CF4,0x00523D00,12
FUN_00523d00,0x00523D00,0x00523D0C,12
FUN_00523f90,0x00523F90,0x00523FA0,16
FUN_00524150,0x00524150,0x00524190,64
entry_0052418c,0x0052418C,0x005241A0,20
FUN_005241a0,0x005241A0,0x005241AC,12
FUN_00524330,0x00524330,0x00524338,8
FUN_005246d0,0x005246D0,0x00524718,72
entry_005246fc,0x005246FC,0x00524714,24
entry_00524714,0x00524714,0x00524730,28
FUN_00524730,0x00524730,0x00524744,20
FUN_00524ac0,0x00524AC0,0x00524AD0,16
FUN_00524c70,0x00524C70,0x00524DA4,308
entry_00524cc0,0x00524CC0,0x00524CD8,24
entry_00524cd8,0x00524CD8,0x00524CE8,16
entry_00524ce8,0x00524CE8,0x00524D04,28
entry_00524d04,0x00524D04,0x00524D18,20
entry_00524d18,0x00524D18,0x00524D20,8
entry_00524d20,0x00524D20,0x00524D9C,124
entry_00524d9c,0x00524D9C,0x00524DA0,4
entry_00524da0,0x00524DA0,0x00524DE0,64
FUN_00524de0,0x00524DE0,0x00524E5C,124
entry_00524e24,0x00524E24,0x00524E58,52
entry_00524e58,0x00524E58,0x00524E70,24
FUN_00524e70,0x00524E70,0x00524E90,32
entry_00524e8c,0x00524E8C,0x00524EA0,20
FUN_00524ea0,0x00524EA0,0x00524EA8,8
FUN_005250d0,0x005250D0,0x00525168,40
entry_00525164,0x00525164,0x00525170,12
FUN_00525170,0x00525170,0x005251A8,48
entry_005251a4,0x005251A4,0x005251D0,44
FUN_005251d0,0x005251D0,0x00525208,48
entry_00525204,0x00525204,0x00525210,12
FUN_00525210,0x00525210,0x00525258,48
entry_00525254,0x00525254,0x00525280,44
FUN_00525280,0x00525280,0x005254B4,76
entry_005252b4,0x005252B4,0x005254AC,504
entry_005254ac,0x005254AC,0x005254C0,20
FUN_005254c0,0x005254C0,0x00525584,40
entry_00525580,0x00525580,0x00525590,16
FUN_00525590,0x00525590,0x005255B0,32
entry_005255ac,0x005255AC,0x005255C0,20
FUN_005255c0,0x005255C0,0x005255E4,36
entry_005255e0,0x005255E0,0x005255F0,16
FUN_005255f0,0x005255F0,0x005255F8,8
FUN_00525810,0x00525810,0x00525828,24
entry_00525824,0x00525824,0x00525830,12
FUN_00525830,0x00525830,0x00525870,64
entry_00525868,0x00525868,0x0052586C,4
entry_0052586c,0x0052586C,0x00525880,20
FUN_00525880,0x00525880,0x005258A0,32
entry_0052589c,0x0052589C,0x005258B0,20
FUN_005258b0,0x005258B0,0x005258C0,16
FUN_00525cf0,0x00525CF0,0x00525CFC,12
FUN_00526330,0x00526330,0x0052633C,12
FUN_00526e00,0x00526E00,0x00526E08,8
FUN_00526e40,0x00526E40,0x00526E4C,12
FUN_00527070,0x00527070,0x0052707C,12
FUN_00527710,0x00527710,0x00527718,8
FUN_00527b40,0x00527B40,0x00527B80,64
FUN_00527b90,0x00527B90,0x00527BDC,76
entry_00527bd4,0x00527BD4,0x00527BF0,28
FUN_00527bf0,0x00527BF0,0x00527C28,56
entry_00527c20,0x00527C20,0x00527C40,32
FUN_00527c40,0x00527C40,0x00527CA0,96
entry_00527c78,0x00527C78,0x00527CB0,56
FUN_00527cb0,0x00527CB0,0x00527D34,48
entry_00527d30,0x00527D30,0x00527D50,32
FUN_00527d50,0x00527D50,0x00527D58,8
FUN_00527f60,0x00527F60,0x00527F68,8
FUN_00528260,0x00528260,0x00528268,8
FUN_00528340,0x00528340,0x00528388,40
entry_00528384,0x00528384,0x005283A0,28
FUN_005283a0,0x005283A0,0x0052845C,108
entry_00528454,0x00528454,0x00528470,28
FUN_00528470,0x00528470,0x00528478,8
FUN_005285d0,0x005285D0,0x0052862C,92
FUN_00528640,0x00528640,0x00528698,88
FUN_005286b0,0x005286B0,0x00528714,100
FUN_005287e0,0x005287E0,0x005287E8,8
FUN_00528960,0x00528960,0x00528968,8
entry_00528b24,0x00528B24,0x00528BC0,156
entry_00528bc0,0x00528BC0,0x00528EC0,768
FUN_00528ec0,0x00528EC0,0x00528EC8,8
FUN_005294b0,0x005294B0,0x00529560,168
entry_00529558,0x00529558,0x00529570,24
FUN_00529570,0x00529570,0x00529630,176
entry_00529620,0x00529620,0x00529650,48
FUN_00529650,0x00529650,0x005296A8,88
entry_00529698,0x00529698,0x005296A4,12
entry_005296a4,0x005296A4,0x005296C0,28
FUN_005296c0,0x005296C0,0x005296C8,8
FUN_00529870,0x00529870,0x005299F8,252
entry_00529948,0x00529948,0x0052995C,20
entry_0052995c,0x0052995C,0x005299F0,148
entry_005299f0,0x005299F0,0x00529A10,32
FUN_00529a10,0x00529A10,0x00529AC0,176
entry_00529ab8,0x00529AB8,0x00529AE0,40
FUN_00529ae0,0x00529AE0,0x00529B9C,188
entry_00529b94,0x00529B94,0x00529BB0,28
FUN_00529bb0,0x00529BB0,0x00529C80,208
entry_00529c78,0x00529C78,0x00529CA0,40
FUN_00529ca0,0x00529CA0,0x00529CA8,8
FUN_0052aa80,0x0052AA80,0x0052AA88,8
FUN_0052b390,0x0052B390,0x0052B6B0,120
entry_0052b3f8,0x0052B3F8,0x0052B6A8,688
entry_0052b6a8,0x0052B6A8,0x0052B6D0,40
FUN_0052b6d0,0x0052B6D0,0x0052B850,248
entry_0052b758,0x0052B758,0x0052B760,8
entry_0052b760,0x0052B760,0x0052B7A4,68
entry_0052b7a4,0x0052B7A4,0x0052B7B8,20
entry_0052b7b8,0x0052B7B8,0x0052B848,144
entry_0052b848,0x0052B848,0x0052B860,24
FUN_0052b860,0x0052B860,0x0052BA14,300
entry_0052b8c8,0x0052B8C8,0x0052B8D0,8
entry_0052b8d0,0x0052B8D0,0x0052B8F4,36
entry_0052b8f4,0x0052B8F4,0x0052B8FC,8
entry_0052b8fc,0x0052B8FC,0x0052B920,36
entry_0052b920,0x0052B920,0x0052B928,8
entry_0052b928,0x0052B928,0x0052B96C,68
entry_0052b96c,0x0052B96C,0x0052B980,20
entry_0052b980,0x0052B980,0x0052BA10,144
entry_0052ba10,0x0052BA10,0x0052BA20,16
FUN_0052ba20,0x0052BA20,0x0052BA58,56
entry_0052ba54,0x0052BA54,0x0052BA70,28
FUN_0052ba70,0x0052BA70,0x0052BBE0,76
entry_0052ba88,0x0052BA88,0x0052BBD8,336
entry_0052bbd8,0x0052BBD8,0x0052BC00,40
FUN_0052bc00,0x0052BC00,0x0052BE38,124
entry_0052bc2c,0x0052BC2C,0x0052BC68,60
entry_0052bc68,0x0052BC68,0x0052BE34,460
entry_0052be34,0x0052BE34,0x0052BE50,28
FUN_0052be50,0x0052BE50,0x0052BE58,8
FUN_0052c050,0x0052C050,0x0052C05C,12
FUN_0052c420,0x0052C420,0x0052C460,64
entry_0052c458,0x0052C458,0x0052C470,24
FUN_0052c470,0x0052C470,0x0052C4C0,80
FUN_0052c500,0x0052C500,0x0052C540,64
entry_0052c538,0x0052C538,0x0052C550,24
FUN_0052c550,0x0052C550,0x0052C5DC,100
entry_0052c5d4,0x0052C5D4,0x0052C5F0,28
FUN_0052c5f0,0x0052C5F0,0x0052C660,112
entry_0052c658,0x0052C658,0x0052C670,24
FUN_0052c670,0x0052C670,0x0052C7BC,192
entry_0052c70c,0x0052C70C,0x0052C720,20
entry_0052c720,0x0052C720,0x0052C7B4,148
entry_0052c7b4,0x0052C7B4,0x0052C7D0,28
FUN_0052c7d0,0x0052C7D0,0x0052C7D8,8
FUN_0052cab0,0x0052CAB0,0x0052CCEC,56
entry_0052cce4,0x0052CCE4,0x0052CD00,28
FUN_0052cd00,0x0052CD00,0x0052CE8C,100
entry_0052ce84,0x0052CE84,0x0052CEA0,28
FUN_0052cea0,0x0052CEA0,0x0052CFC4,152
entry_0052cf18,0x0052CF18,0x0052CF2C,20
entry_0052cf2c,0x0052CF2C,0x0052CFC0,148
entry_0052cfc0,0x0052CFC0,0x0052CFD0,16
FUN_0052cfd0,0x0052CFD0,0x0052CFD8,8
FUN_0052d300,0x0052D300,0x0052D30C,12
FUN_0052e100,0x0052E100,0x0052E10C,12
FUN_0052e470,0x0052E470,0x0052E478,8
FUN_0052e840,0x0052E840,0x0052E848,8
FUN_0052ea10,0x0052EA10,0x0052EA18,8
FUN_0052ebe0,0x0052EBE0,0x0052EBE8,8
FUN_0052f0f0,0x0052F0F0,0x0052F108,24
FUN_0052f5b0,0x0052F5B0,0x0052F5B8,8
FUN_0052f990,0x0052F990,0x0052F998,8
FUN_0052feb0,0x0052FEB0,0x0052FEB8,8
FUN_00530290,0x00530290,0x00530668,524
entry_005302f4,0x005302F4,0x0053031C,40
entry_0053031c,0x0053031C,0x00530350,52
entry_00530350,0x00530350,0x00530378,40
entry_00530378,0x00530378,0x0053039C,36
entry_0053039c,0x0053039C,0x005303C4,40
entry_005303c4,0x005303C4,0x0053048C,200
entry_0053048c,0x0053048C,0x00530568,220
entry_00530568,0x00530568,0x00530580,24
entry_00530580,0x00530580,0x005305B8,56
entry_005305b8,0x005305B8,0x005305CC,20
entry_005305cc,0x005305CC,0x00530660,148
entry_00530660,0x00530660,0x00530680,32
FUN_00530680,0x00530680,0x005306A8,40
entry_005306a4,0x005306A4,0x005306B0,12
FUN_005306b0,0x005306B0,0x0053071C,108
entry_00530714,0x00530714,0x00530730,28
FUN_00530730,0x00530730,0x00530880,64
entry_00530878,0x00530878,0x00530890,24
FUN_00530890,0x00530890,0x005308C8,56
entry_005308b4,0x005308B4,0x005308D0,28
FUN_005308d0,0x005308D0,0x0053094C,96
entry_00530930,0x00530930,0x00530944,20
entry_00530944,0x00530944,0x00530960,28
FUN_00530960,0x00530960,0x00530A4C,92
entry_00530a40,0x00530A40,0x00530AA0,96
FUN_00530aa0,0x00530AA0,0x00530ACC,44
entry_00530ac4,0x00530AC4,0x00530AE0,28
FUN_00530ae0,0x00530AE0,0x00530B34,84
entry_00530b18,0x00530B18,0x00530B2C,20
entry_00530b2c,0x00530B2C,0x00530C00,212
FUN_00530c00,0x00530C00,0x00530C08,8
FUN_00530ca0,0x00530CA0,0x00530CB8,24
FUN_00530d00,0x00530D00,0x00530D28,40
entry_00530d24,0x00530D24,0x00530D30,12
FUN_00530d30,0x00530D30,0x00530D31,1
FUN_00530d40,0x00530D40,0x00530D4C,12
FUN_00530d60,0x00530D60,0x00530D88,40
entry_00530d84,0x00530D84,0x00530DB0,44
FUN_00530db0,0x00530DB0,0x00530DD8,40
entry_00530dd4,0x00530DD4,0x00530E00,44
FUN_00530e00,0x00530E00,0x00530ECC,68
entry_00530ec8,0x00530EC8,0x00530F00,56
FUN_00530f00,0x00530F00,0x00531074,292
entry_00530f74,0x00530F74,0x00530F90,28
entry_00530f90,0x00530F90,0x00530FB4,36
entry_00530fb4,0x00530FB4,0x00530FD8,36
entry_00530fd8,0x00530FD8,0x00530FF8,32
entry_00530ff8,0x00530FF8,0x00531014,28
entry_00531014,0x00531014,0x0053106C,88
entry_0053106c,0x0053106C,0x00531090,36
FUN_00531090,0x00531090,0x0053109C,12
FUN_005313c0,0x005313C0,0x00531414,84
entry_005313e0,0x005313E0,0x00531404,36
entry_00531404,0x00531404,0x0053140C,8
entry_0053140c,0x0053140C,0x00531410,4
entry_00531410,0x00531410,0x00531420,16
FUN_00531420,0x00531420,0x0053142C,12
FUN_00531570,0x00531570,0x00531578,8
FUN_00531700,0x00531700,0x005317AC,172
entry_0053173c,0x0053173C,0x00531758,28
entry_00531758,0x00531758,0x005317A4,76
entry_005317a4,0x005317A4,0x005317A8,4
entry_005317a8,0x005317A8,0x005317C0,24
FUN_005317c0,0x005317C0,0x005318C4,260
entry_0053180c,0x0053180C,0x00531824,24
entry_00531824,0x00531824,0x00531854,48
entry_00531854,0x00531854,0x00531870,28
entry_00531870,0x00531870,0x0053189C,44
entry_0053189c,0x0053189C,0x005318A4,8
entry_005318a4,0x005318A4,0x005318BC,24
entry_005318bc,0x005318BC,0x005318C0,4
entry_005318c0,0x005318C0,0x005319D0,272
FUN_005319d0,0x005319D0,0x00531A04,52
entry_005319fc,0x005319FC,0x00531A10,20
FUN_00531a10,0x00531A10,0x00531A44,52
entry_00531a3c,0x00531A3C,0x00531A50,20
FUN_00531a50,0x00531A50,0x00531A94,68
entry_00531a78,0x00531A78,0x00531A90,24
entry_00531a90,0x00531A90,0x00531AA0,16
FUN_00531aa0,0x00531AA0,0x00531AC0,32
entry_00531abc,0x00531ABC,0x00531AD0,20
FUN_00531ad0,0x00531AD0,0x00531AF0,32
entry_00531aec,0x00531AEC,0x00531B00,20
FUN_00531b00,0x00531B00,0x00531B2C,44
entry_00531b24,0x00531B24,0x00531B40,28
FUN_00531b40,0x00531B40,0x00531B60,32
entry_00531b5c,0x00531B5C,0x00531B70,20
FUN_00531b70,0x00531B70,0x00531B90,32
entry_00531b8c,0x00531B8C,0x00531BA0,20
FUN_00531ba0,0x00531BA0,0x00531BCC,44
entry_00531bc4,0x00531BC4,0x00531BE0,28
FUN_00531be0,0x00531BE0,0x00531C58,120
entry_00531c10,0x00531C10,0x00531C20,16
entry_00531c20,0x00531C20,0x00531C54,52
entry_00531c54,0x00531C54,0x00531C70,28
FUN_00531c70,0x00531C70,0x00531CB4,68
FUN_00531cd0,0x00531CD0,0x00531CE0,16
FUN_00531e10,0x00531E10,0x00531E20,16
FUN_00531e60,0x00531E60,0x005320C4,592
entry_00531ec4,0x00531EC4,0x00531FA4,224
entry_00531fa4,0x00531FA4,0x00531FA8,4
entry_00531fa8,0x00531FA8,0x00531FB0,8
entry_00531fb0,0x00531FB0,0x00531FBC,12
entry_00531fbc,0x00531FBC,0x00531FC8,12
entry_00531fc8,0x00531FC8,0x00531FF4,44
entry_00531ff4,0x00531FF4,0x0053201C,40
entry_0053201c,0x0053201C,0x00532058,60
entry_00532058,0x00532058,0x00532078,32
entry_00532078,0x00532078,0x005320C0,72
entry_005320c0,0x005320C0,0x005320E0,32
FUN_005320e0,0x005320E0,0x00532170,144
entry_00532150,0x00532150,0x00532154,4
entry_00532154,0x00532154,0x0053215C,8
entry_0053215c,0x0053215C,0x00532160,4
entry_00532160,0x00532160,0x00532180,32
FUN_00532180,0x00532180,0x0053218C,12
FUN_00532880,0x00532880,0x00532894,20
FUN_00532c30,0x00532C30,0x00532D78,328
FUN_00532f40,0x00532F40,0x00532F4C,12
FUN_00533490,0x00533490,0x0053349C,12
FUN_00533a60,0x00533A60,0x00533AA0,64
entry_00533a84,0x00533A84,0x00533AB0,44
FUN_00533ab0,0x00533AB0,0x00533B48,148
entry_00533af0,0x00533AF0,0x00533B0C,28
entry_00533b0c,0x00533B0C,0x00533B2C,32
entry_00533b2c,0x00533B2C,0x00533B40,20
entry_00533b40,0x00533B40,0x00533B44,4
entry_00533b44,0x00533B44,0x00533B60,28
FUN_00533b60,0x00533B60,0x00533BA0,64
entry_00533b84,0x00533B84,0x00533BB0,44
FUN_00533bb0,0x00533BB0,0x00533C48,148
entry_00533bf0,0x00533BF0,0x00533C0C,28
entry_00533c0c,0x00533C0C,0x00533C2C,32
entry_00533c2c,0x00533C2C,0x00533C40,20
entry_00533c40,0x00533C40,0x00533C44,4
entry_00533c44,0x00533C44,0x00533C60,28
FUN_00533c60,0x00533C60,0x00533CB0,76
entry_00533c94,0x00533C94,0x00533CA8,20
entry_00533ca8,0x00533CA8,0x00533CAC,4
entry_00533cac,0x00533CAC,0x00533CD0,36
FUN_00533cd0,0x00533CD0,0x00533CE4,20
FUN_00533e00,0x00533E00,0x00533E48,72
entry_00533e28,0x00533E28,0x00533E30,8
entry_00533e30,0x00533E30,0x00533E38,8
entry_00533e38,0x00533E38,0x00533E50,24
FUN_00533e50,0x00533E50,0x00533E5C,12
FUN_00534020,0x00534020,0x00534164,304
entry_0053404c,0x0053404C,0x005340E4,152
entry_005340e4,0x005340E4,0x005340F0,12
entry_005340f0,0x005340F0,0x005340FC,12
entry_005340fc,0x005340FC,0x00534104,8
entry_00534104,0x00534104,0x0053410C,8
entry_0053410c,0x0053410C,0x00534114,8
entry_00534114,0x00534114,0x0053411C,8
entry_0053411c,0x0053411C,0x00534124,8
entry_00534124,0x00534124,0x0053412C,8
entry_0053412c,0x0053412C,0x00534134,8
entry_00534134,0x00534134,0x00534140,12
entry_00534140,0x00534140,0x0053414C,12
entry_0053414c,0x0053414C,0x00534154,8
entry_00534154,0x00534154,0x00534158,4
entry_00534158,0x00534158,0x00534160,8
entry_00534160,0x00534160,0x005341C0,96
FUN_005341c0,0x005341C0,0x00534220,96
entry_0053421c,0x0053421C,0x00534240,36
FUN_00534240,0x00534240,0x00534280,64
FUN_00534290,0x00534290,0x00534330,160
entry_005342cc,0x005342CC,0x005342D0,4
entry_005342d0,0x005342D0,0x005342F4,36
entry_005342f4,0x005342F4,0x00534308,20
entry_00534308,0x00534308,0x00534320,24
entry_00534320,0x00534320,0x00534328,8
entry_00534328,0x00534328,0x0053432C,4
entry_0053432c,0x0053432C,0x005343F0,196
FUN_005343f0,0x005343F0,0x005343F8,8
FUN_005347b0,0x005347B0,0x005347B8,8
FUN_005348f0,0x005348F0,0x00534A18,148
entry_00534954,0x00534954,0x00534A10,188
entry_00534a10,0x00534A10,0x00534A14,4
entry_00534a14,0x00534A14,0x00534AB0,156
FUN_00534ab0,0x00534AB0,0x00534AC0,16
FUN_00534ca0,0x00534CA0,0x00534CA8,8
FUN_00534e10,0x00534E10,0x00534E30,32
FUN_00534e60,0x00534E60,0x00534E80,32
FUN_00534e90,0x00534E90,0x00534ED0,64
entry_00534ec8,0x00534EC8,0x00534ECC,4
entry_00534ecc,0x00534ECC,0x00534EE0,20
FUN_00534ee0,0x00534EE0,0x00535068,392
entry_00534f10,0x00534F10,0x00535080,368
FUN_00535080,0x00535080,0x00535090,16
FUN_005352e0,0x005352E0,0x005352EC,12
FUN_005354d0,0x005354D0,0x005354DC,12
FUN_00535f60,0x00535F60,0x00535FB0,80
entry_00535f8c,0x00535F8C,0x00535FC0,52
FUN_00535fc0,0x00535FC0,0x005360B0,240
entry_00535fec,0x00535FEC,0x00536018,44
entry_00536018,0x00536018,0x00536044,44
entry_00536044,0x00536044,0x0053608C,72
entry_0053608c,0x0053608C,0x005360C0,52
FUN_005360c0,0x005360C0,0x005360C8,8
FUN_005369a0,0x005369A0,0x005369C8,40
entry_005369b8,0x005369B8,0x005369D0,24
FUN_005369d0,0x005369D0,0x005369F8,40
entry_005369f4,0x005369F4,0x00536A00,12
FUN_00536a00,0x00536A00,0x00536A74,28
entry_00536a70,0x00536A70,0x00536A80,16
FUN_00536a80,0x00536A80,0x00536AB4,28
entry_00536ab0,0x00536AB0,0x00536AC0,16
FUN_00536ac0,0x00536AC0,0x00536B0C,28
entry_00536b08,0x00536B08,0x00536B20,24
FUN_00536b20,0x00536B20,0x00536B34,20
FUN_00536b40,0x00536B40,0x00536B58,24
entry_00536b54,0x00536B54,0x00536B60,12
FUN_00536b60,0x00536B60,0x00536B61,1
FUN_00536b70,0x00536B70,0x00536B78,8
FUN_00536ba0,0x00536BA0,0x00536BA8,8
FUN_00536d60,0x00536D60,0x00536E4C,152
entry_00536d8c,0x00536D8C,0x00536E2C,160
entry_00536e2c,0x00536E2C,0x00536E34,8
entry_00536e34,0x00536E34,0x00536E44,16
entry_00536e44,0x00536E44,0x00536E60,28
FUN_00536e60,0x00536E60,0x00536EAC,76
entry_00536ea8,0x00536EA8,0x00536EC0,24
FUN_00536ec0,0x00536EC0,0x00536EC8,8
FUN_005370a0,0x005370A0,0x005370A8,8
FUN_00537100,0x00537100,0x005371A8,168
entry_00537134,0x00537134,0x0053718C,88
entry_0053718c,0x0053718C,0x005371A4,24
entry_005371a4,0x005371A4,0x005371B0,12
FUN_005371b0,0x005371B0,0x005371B8,8
FUN_00537310,0x00537310,0x00537328,24
FUN_00537420,0x00537420,0x00537430,16
FUN_005375e0,0x005375E0,0x005375FC,28
entry_005375f8,0x005375F8,0x00537610,24
FUN_00537610,0x00537610,0x00537674,100
FUN_005376a0,0x005376A0,0x005376AC,12
FUN_00537720,0x00537720,0x00537748,40
FUN_00537760,0x00537760,0x0053779C,60
entry_00537794,0x00537794,0x005377D0,60
FUN_005377d0,0x005377D0,0x00537860,72
entry_00537858,0x00537858,0x00537870,24
FUN_00537870,0x00537870,0x00537990,140
entry_005378b0,0x005378B0,0x00537988,216
entry_00537988,0x00537988,0x005379A0,24
FUN_005379a0,0x005379A0,0x005379F4,84
FUN_00537a10,0x00537A10,0x00537A74,48
entry_00537a70,0x00537A70,0x00537A80,16
FUN_00537a80,0x00537A80,0x00537A8C,12
FUN_00537b00,0x00537B00,0x00537B28,40
FUN_00537b40,0x00537B40,0x00537B7C,60
entry_00537b74,0x00537B74,0x00537BB0,60
FUN_00537bb0,0x00537BB0,0x00537BCC,28
entry_00537bc8,0x00537BC8,0x00537BE0,24
FUN_00537be0,0x00537BE0,0x00537C50,104
entry_00537c20,0x00537C20,0x00537C48,40
entry_00537c48,0x00537C48,0x00537C60,24
FUN_00537c60,0x00537C60,0x00537CBC,92
FUN_00537cf0,0x00537CF0,0x00537CFC,12
FUN_00537d70,0x00537D70,0x00537D98,40
FUN_00537db0,0x00537DB0,0x00537DEC,60
entry_00537de4,0x00537DE4,0x00537E20,60
FUN_00537e20,0x00537E20,0x00537E84,100
FUN_00537eb0,0x00537EB0,0x00537EBC,12
FUN_00537f30,0x00537F30,0x00537F58,40
FUN_00537f70,0x00537F70,0x00537FAC,60
entry_00537fa4,0x00537FA4,0x00538030,140
FUN_00538030,0x00538030,0x0053803C,12
FUN_00538100,0x00538100,0x00538144,56
entry_0053813c,0x0053813C,0x00538190,84
FUN_00538190,0x00538190,0x005381BC,44
entry_005381b8,0x005381B8,0x005381D0,24
FUN_005381d0,0x005381D0,0x00538244,116
entry_0053820c,0x0053820C,0x00538224,24
entry_00538224,0x00538224,0x0053823C,24
entry_0053823c,0x0053823C,0x00538240,4
entry_00538240,0x00538240,0x00538260,32
FUN_00538260,0x00538260,0x005382E0,96
entry_005382bc,0x005382BC,0x005382D8,28
entry_005382d8,0x005382D8,0x005382F0,24
FUN_005382f0,0x005382F0,0x00538328,56
entry_00538320,0x00538320,0x00538340,32
FUN_00538340,0x00538340,0x0053836C,44
entry_00538364,0x00538364,0x005383B0,76
FUN_005383b0,0x005383B0,0x005383DC,44
entry_005383d4,0x005383D4,0x005383F0,28
FUN_005383f0,0x005383F0,0x00538440,80
entry_00538424,0x00538424,0x00538428,4
entry_00538428,0x00538428,0x0053843C,20
entry_0053843c,0x0053843C,0x00538450,20
FUN_00538450,0x00538450,0x0053846C,28
FUN_00538690,0x00538690,0x005386CC,52
entry_005386c4,0x005386C4,0x005386E0,28
FUN_005386e0,0x005386E0,0x00538778,152
entry_00538720,0x00538720,0x00538744,36
entry_00538744,0x00538744,0x00538748,4
entry_00538748,0x00538748,0x00538758,16
entry_00538758,0x00538758,0x0053875C,4
entry_0053875c,0x0053875C,0x00538770,20
entry_00538770,0x00538770,0x00538774,4
entry_00538774,0x00538774,0x00538790,28
FUN_00538790,0x00538790,0x005387E4,76
entry_005387b4,0x005387B4,0x005387DC,40
entry_005387dc,0x005387DC,0x005387E0,4
entry_005387e0,0x005387E0,0x00538850,112
FUN_00538850,0x00538850,0x00538858,8
FUN_005389c0,0x005389C0,0x00538A30,104
entry_005389e8,0x005389E8,0x005389EC,4
entry_005389ec,0x005389EC,0x00538A00,20
entry_00538a00,0x00538A00,0x00538A04,4
entry_00538a04,0x00538A04,0x00538A28,36
entry_00538a28,0x00538A28,0x00538A40,24
FUN_00538a40,0x00538A40,0x00538AC4,128
entry_00538a68,0x00538A68,0x00538A6C,4
entry_00538a6c,0x00538A6C,0x00538AA0,52
entry_00538aa0,0x00538AA0,0x00538AA8,8
entry_00538aa8,0x00538AA8,0x00538AB0,8
entry_00538ab0,0x00538AB0,0x00538AC0,16
entry_00538ac0,0x00538AC0,0x00538AD0,16
FUN_00538ad0,0x00538AD0,0x00538B08,56
entry_00538af0,0x00538AF0,0x00538AF4,4
entry_00538af4,0x00538AF4,0x00538B04,16
entry_00538b04,0x00538B04,0x00538B10,12
FUN_00538b10,0x00538B10,0x00538B50,64
entry_00538b28,0x00538B28,0x00538B2C,4
entry_00538b2c,0x00538B2C,0x00538B4C,32
entry_00538b4c,0x00538B4C,0x00538BC0,116
FUN_00538bc0,0x00538BC0,0x00538C14,84
entry_00538bd8,0x00538BD8,0x00538BF8,32
entry_00538bf8,0x00538BF8,0x00538C00,8
entry_00538c00,0x00538C00,0x00538C0C,12
entry_00538c0c,0x00538C0C,0x00538C20,20
FUN_00538c20,0x00538C20,0x00538C48,40
FUN_00538c60,0x00538C60,0x00538C94,52
entry_00538c8c,0x00538C8C,0x00538CB0,36
FUN_00538cb0,0x00538CB0,0x00538CF4,68
entry_00538cf0,0x00538CF0,0x00538DF0,256
FUN_00538df0,0x00538DF0,0x00538E10,32
entry_00538e0c,0x00538E0C,0x00538E20,20
FUN_00538e20,0x00538E20,0x00538EC4,164
entry_00538e50,0x00538E50,0x00538E54,4
entry_00538e54,0x00538E54,0x00538E74,32
entry_00538e74,0x00538E74,0x00538E78,4
entry_00538e78,0x00538E78,0x00538EA8,48
entry_00538ea8,0x00538EA8,0x00538EBC,20
entry_00538ebc,0x00538EBC,0x00538EE0,36
FUN_00538ee0,0x00538EE0,0x00538F0C,44
FUN_00538f50,0x00538F50,0x00538FFC,172
entry_00538f78,0x00538F78,0x00538F7C,4
entry_00538f7c,0x00538F7C,0x00538F9C,32
entry_00538f9c,0x00538F9C,0x00538FA0,4
entry_00538fa0,0x00538FA0,0x00538FD4,52
entry_00538fd4,0x00538FD4,0x00538FF8,36
entry_00538ff8,0x00538FF8,0x00539010,24
FUN_00539010,0x00539010,0x00539034,36
entry_00539030,0x00539030,0x00539070,64
FUN_00539070,0x00539070,0x005390F8,136
entry_0053909c,0x0053909C,0x005390A0,4
entry_005390a0,0x005390A0,0x005390C0,32
entry_005390c0,0x005390C0,0x005390C4,4
entry_005390c4,0x005390C4,0x005390F0,44
entry_005390f0,0x005390F0,0x005390F4,4
entry_005390f4,0x005390F4,0x005391C0,204
FUN_005391c0,0x005391C0,0x00539264,148
entry_00539218,0x00539218,0x00539224,12
entry_00539224,0x00539224,0x0053922C,8
entry_0053922c,0x0053922C,0x00539250,36
entry_00539250,0x00539250,0x00539260,16
entry_00539260,0x00539260,0x00539280,32
FUN_00539280,0x00539280,0x005392A0,32
FUN_005392c0,0x005392C0,0x00539348,136
entry_005392ec,0x005392EC,0x005392F0,4
entry_005392f0,0x005392F0,0x00539310,32
entry_00539310,0x00539310,0x00539314,4
entry_00539314,0x00539314,0x00539340,44
entry_00539340,0x00539340,0x00539344,4
entry_00539344,0x00539344,0x00539360,28
FUN_00539360,0x00539360,0x0053938C,44
FUN_00539420,0x00539420,0x00539448,40
entry_00539440,0x00539440,0x00539450,16
FUN_00539450,0x00539450,0x00539458,8
FUN_00539520,0x00539520,0x00539550,40
entry_00539548,0x00539548,0x00539570,40
FUN_00539570,0x00539570,0x005395C0,80
entry_005395b0,0x005395B0,0x005395B8,8
entry_005395b8,0x005395B8,0x005395BC,4
entry_005395bc,0x005395BC,0x005395D0,20
FUN_005395d0,0x005395D0,0x00539608,56
entry_00539600,0x00539600,0x00539620,32
FUN_00539620,0x00539620,0x00539648,40
entry_00539640,0x00539640,0x00539650,16
FUN_00539650,0x00539650,0x00539670,32
FUN_005396c0,0x005396C0,0x005396D0,16
FUN_005399e0,0x005399E0,0x005399EC,12
FUN_00539ad0,0x00539AD0,0x00539B0C,60
FUN_00539b40,0x00539B40,0x00539B4C,12
FUN_00539c00,0x00539C00,0x00539C14,20
FUN_00539d60,0x00539D60,0x00539E0C,164
entry_00539d8c,0x00539D8C,0x00539D90,4
entry_00539d90,0x00539D90,0x00539DE0,80
entry_00539de0,0x00539DE0,0x00539E30,80
FUN_00539e30,0x00539E30,0x00539E50,32
entry_00539e4c,0x00539E4C,0x00539E60,20
FUN_00539e60,0x00539E60,0x00539E80,32
FUN_00539ea0,0x00539EA0,0x00539EA8,8
FUN_0053a020,0x0053A020,0x0053A08C,108
FUN_0053a0a0,0x0053A0A0,0x0053A108,68
entry_0053a100,0x0053A100,0x0053A120,32
FUN_0053a120,0x0053A120,0x0053A1AC,104
entry_0053a184,0x0053A184,0x0053A19C,24
entry_0053a19c,0x0053A19C,0x0053A1A4,8
entry_0053a1a4,0x0053A1A4,0x0053A1A8,4
entry_0053a1a8,0x0053A1A8,0x0053A1C0,24
FUN_0053a1c0,0x0053A1C0,0x0053A1EC,44
FUN_0053a220,0x0053A220,0x0053A22C,12
FUN_0053a2e0,0x0053A2E0,0x0053A2EC,12
FUN_0053a540,0x0053A540,0x0053A548,8
FUN_0053a640,0x0053A640,0x0053A64C,12
FUN_0053a7c0,0x0053A7C0,0x0053A7CC,12
FUN_0053aa30,0x0053AA30,0x0053ABA0,368
entry_0053aad8,0x0053AAD8,0x0053AADC,4
entry_0053aadc,0x0053AADC,0x0053AAEC,16
entry_0053aaec,0x0053AAEC,0x0053AAF0,4
entry_0053aaf0,0x0053AAF0,0x0053AB34,68
entry_0053ab34,0x0053AB34,0x0053AB38,4
entry_0053ab38,0x0053AB38,0x0053AB48,16
entry_0053ab48,0x0053AB48,0x0053AB4C,4
entry_0053ab4c,0x0053AB4C,0x0053ABD0,132
FUN_0053abd0,0x0053ABD0,0x0053ABE0,16
FUN_0053ac40,0x0053AC40,0x0053AC50,16
FUN_0053acd0,0x0053ACD0,0x0053ACEC,28
FUN_0053ad00,0x0053AD00,0x0053AD38,56
entry_0053ad28,0x0053AD28,0x0053AD34,12
entry_0053ad34,0x0053AD34,0x0053AD50,28
FUN_0053ad50,0x0053AD50,0x0053AD6C,28
FUN_0053ad80,0x0053AD80,0x0053AE0C,60
entry_0053ae04,0x0053AE04,0x0053AEF0,236
FUN_0053aef0,0x0053AEF0,0x0053AEF8,8
FUN_0053af90,0x0053AF90,0x0053AFAC,28
FUN_0053afc0,0x0053AFC0,0x0053AFEC,44
entry_0053afe4,0x0053AFE4,0x0053B0A0,188
FUN_0053b0a0,0x0053B0A0,0x0053B0B4,20
FUN_0053b320,0x0053B320,0x0053B33C,28
FUN_0053b3e0,0x0053B3E0,0x0053B3F4,20
FUN_0053b4a0,0x0053B4A0,0x0053B4B4,20
FUN_0053b630,0x0053B630,0x0053B63C,12
FUN_0053b790,0x0053B790,0x0053B7FC,108
entry_0053b7f4,0x0053B7F4,0x0053B7F8,4
entry_0053b7f8,0x0053B7F8,0x0053B810,24
FUN_0053b810,0x0053B810,0x0053B8B8,168
entry_0053b87c,0x0053B87C,0x0053B898,28
entry_0053b898,0x0053B898,0x0053B8A8,16
entry_0053b8a8,0x0053B8A8,0x0053B8B0,8
entry_0053b8b0,0x0053B8B0,0x0053B8B4,4
entry_0053b8b4,0x0053B8B4,0x0053B8D0,28
FUN_0053b8d0,0x0053B8D0,0x0053B930,96
entry_0053b928,0x0053B928,0x0053B92C,4
entry_0053b92c,0x0053B92C,0x0053B940,20
FUN_0053b940,0x0053B940,0x0053B9B8,120
entry_0053b998,0x0053B998,0x0053B9A8,16
entry_0053b9a8,0x0053B9A8,0x0053B9B0,8
entry_0053b9b0,0x0053B9B0,0x0053B9B4,4
entry_0053b9b4,0x0053B9B4,0x0053B9C0,12
FUN_0053b9c0,0x0053B9C0,0x0053BA20,96
entry_0053ba18,0x0053BA18,0x0053BA1C,4
entry_0053ba1c,0x0053BA1C,0x0053BA30,20
FUN_0053ba30,0x0053BA30,0x0053BAA8,120
entry_0053ba88,0x0053BA88,0x0053BA98,16
entry_0053ba98,0x0053BA98,0x0053BAA0,8
entry_0053baa0,0x0053BAA0,0x0053BAA4,4
entry_0053baa4,0x0053BAA4,0x0053BAB0,12
FUN_0053bab0,0x0053BAB0,0x0053BB10,96
entry_0053bb08,0x0053BB08,0x0053BB0C,4
entry_0053bb0c,0x0053BB0C,0x0053BB20,20
FUN_0053bb20,0x0053BB20,0x0053BB98,120
entry_0053bb78,0x0053BB78,0x0053BB88,16
entry_0053bb88,0x0053BB88,0x0053BB90,8
entry_0053bb90,0x0053BB90,0x0053BB94,4
entry_0053bb94,0x0053BB94,0x0053BBA0,12
FUN_0053bba0,0x0053BBA0,0x0053BC00,96
entry_0053bbf8,0x0053BBF8,0x0053BBFC,4
entry_0053bbfc,0x0053BBFC,0x0053BC10,20
FUN_0053bc10,0x0053BC10,0x0053BC88,120
entry_0053bc68,0x0053BC68,0x0053BC78,16
entry_0053bc78,0x0053BC78,0x0053BC80,8
entry_0053bc80,0x0053BC80,0x0053BC84,4
entry_0053bc84,0x0053BC84,0x0053BC90,12
FUN_0053bc90,0x0053BC90,0x0053BCF0,96
entry_0053bce8,0x0053BCE8,0x0053BCEC,4
entry_0053bcec,0x0053BCEC,0x0053BD00,20
FUN_0053bd00,0x0053BD00,0x0053BD78,120
entry_0053bd58,0x0053BD58,0x0053BD68,16
entry_0053bd68,0x0053BD68,0x0053BD70,8
entry_0053bd70,0x0053BD70,0x0053BD74,4
entry_0053bd74,0x0053BD74,0x0053BD80,12
FUN_0053bd80,0x0053BD80,0x0053BDE0,96
entry_0053bdd8,0x0053BDD8,0x0053BDDC,4
entry_0053bddc,0x0053BDDC,0x0053BDF0,20
FUN_0053bdf0,0x0053BDF0,0x0053BE68,120
entry_0053be48,0x0053BE48,0x0053BE58,16
entry_0053be58,0x0053BE58,0x0053BE60,8
entry_0053be60,0x0053BE60,0x0053BE64,4
entry_0053be64,0x0053BE64,0x0053BE70,12
FUN_0053be70,0x0053BE70,0x0053BE78,8
FUN_0053bf00,0x0053BF00,0x0053BF08,8
FUN_0053c030,0x0053C030,0x0053C09C,108
entry_0053c094,0x0053C094,0x0053C098,4
entry_0053c098,0x0053C098,0x0053C0B0,24
FUN_0053c0b0,0x0053C0B0,0x0053C12C,124
entry_0053c120,0x0053C120,0x0053C124,4
entry_0053c124,0x0053C124,0x0053C140,28
FUN_0053c140,0x0053C140,0x0053C1B0,112
entry_0053c1a4,0x0053C1A4,0x0053C1A8,4
entry_0053c1a8,0x0053C1A8,0x0053C1C0,24
FUN_0053c1c0,0x0053C1C0,0x0053C23C,124
entry_0053c230,0x0053C230,0x0053C234,4
entry_0053c234,0x0053C234,0x0053C250,28
FUN_0053c250,0x0053C250,0x0053C2C0,112
entry_0053c2b4,0x0053C2B4,0x0053C2B8,4
entry_0053c2b8,0x0053C2B8,0x0053C2D0,24
FUN_0053c2d0,0x0053C2D0,0x0053C2D8,8
FUN_0053c360,0x0053C360,0x0053C368,8
FUN_0053c3f0,0x0053C3F0,0x0053C3F8,8
FUN_0053c4b0,0x0053C4B0,0x0053C5E0,84
entry_0053c5d4,0x0053C5D4,0x0053C600,44
FUN_0053c600,0x0053C600,0x0053C610,16
FUN_0053c6c0,0x0053C6C0,0x0053C6C8,8
FUN_0053c870,0x0053C870,0x0053C920,92
entry_0053c914,0x0053C914,0x0053C940,44
FUN_0053c940,0x0053C940,0x0053C948,8
FUN_0053c9f0,0x0053C9F0,0x0053C9F8,8
FUN_0053ca80,0x0053CA80,0x0053CAEC,108
entry_0053cae4,0x0053CAE4,0x0053CAE8,4
entry_0053cae8,0x0053CAE8,0x0053CB00,24
FUN_0053cb00,0x0053CB00,0x0053CB08,8
FUN_0053cb90,0x0053CB90,0x0053CB98,8
FUN_0053cc20,0x0053CC20,0x0053CC8C,108
entry_0053cc84,0x0053CC84,0x0053CC88,4
entry_0053cc88,0x0053CC88,0x0053CCA0,24
FUN_0053cca0,0x0053CCA0,0x0053CD00,96
entry_0053ccf8,0x0053CCF8,0x0053CCFC,4
entry_0053ccfc,0x0053CCFC,0x0053CD10,20
FUN_0053cd10,0x0053CD10,0x0053CD70,96
entry_0053cd68,0x0053CD68,0x0053CD6C,4
entry_0053cd6c,0x0053CD6C,0x0053CD80,20
FUN_0053cd80,0x0053CD80,0x0053CDE0,96
entry_0053cdd8,0x0053CDD8,0x0053CDDC,4
entry_0053cddc,0x0053CDDC,0x0053CDF0,20
FUN_0053cdf0,0x0053CDF0,0x0053CDFC,12
FUN_0053ced0,0x0053CED0,0x0053CEE4,20
FUN_0053cf80,0x0053CF80,0x0053CF9C,28
FUN_0053d140,0x0053D140,0x0053D148,8
FUN_0053d2a0,0x0053D2A0,0x0053D2DC,60
entry_0053d2d4,0x0053D2D4,0x0053D2D8,4
entry_0053d2d8,0x0053D2D8,0x0053D2F0,24
FUN_0053d2f0,0x0053D2F0,0x0053D370,128
entry_0053d364,0x0053D364,0x0053D368,4
entry_0053d368,0x0053D368,0x0053D380,24
FUN_0053d380,0x0053D380,0x0053D38C,12
FUN_0053d460,0x0053D460,0x0053D47C,28
FUN_0053d5b0,0x0053D5B0,0x0053D5CC,28
FUN_0053d710,0x0053D710,0x0053D728,24
FUN_0053d880,0x0053D880,0x0053D89C,28
FUN_0053d9d0,0x0053D9D0,0x0053D9DC,12
FUN_0053df50,0x0053DF50,0x0053DF58,8
FUN_0053e210,0x0053E210,0x0053E218,8
FUN_0053e410,0x0053E410,0x0053E41C,12
FUN_0053e4c0,0x0053E4C0,0x0053E4CC,12
FUN_0053e9c0,0x0053E9C0,0x0053E9D4,20
FUN_0053eb30,0x0053EB30,0x0053EC6C,316
entry_0053ebbc,0x0053EBBC,0x0053EBD8,28
entry_0053ebd8,0x0053EBD8,0x0053EBF4,28
entry_0053ebf4,0x0053EBF4,0x0053EC10,28
entry_0053ec10,0x0053EC10,0x0053EC2C,28
entry_0053ec2c,0x0053EC2C,0x0053EC48,28
entry_0053ec48,0x0053EC48,0x0053EC58,16
entry_0053ec58,0x0053EC58,0x0053EC60,8
entry_0053ec60,0x0053EC60,0x0053EC64,4
entry_0053ec64,0x0053EC64,0x0053EC80,28
FUN_0053ec80,0x0053EC80,0x0053EC8C,12
FUN_0053ee00,0x0053EE00,0x0053EE08,8
FUN_0053ef80,0x0053EF80,0x0053EF8C,12
FUN_0053f100,0x0053F100,0x0053F10C,12
FUN_0053f2a0,0x0053F2A0,0x0053F2AC,12
FUN_0053f430,0x0053F430,0x0053F438,8
FUN_0053f580,0x0053F580,0x0053F58C,12
FUN_0053f6e0,0x0053F6E0,0x0053F758,120
entry_0053f738,0x0053F738,0x0053F748,16
entry_0053f748,0x0053F748,0x0053F750,8
entry_0053f750,0x0053F750,0x0053F754,4
entry_0053f754,0x0053F754,0x0053F760,12
FUN_0053f760,0x0053F760,0x0053F800,160
entry_0053f7c0,0x0053F7C0,0x0053F7DC,28
entry_0053f7dc,0x0053F7DC,0x0053F7EC,16
entry_0053f7ec,0x0053F7EC,0x0053F7F4,8
entry_0053f7f4,0x0053F7F4,0x0053F7F8,4
entry_0053f7f8,0x0053F7F8,0x0053F810,24
FUN_0053f810,0x0053F810,0x0053F8B0,160
entry_0053f870,0x0053F870,0x0053F88C,28
entry_0053f88c,0x0053F88C,0x0053F89C,16
entry_0053f89c,0x0053F89C,0x0053F8A4,8
entry_0053f8a4,0x0053F8A4,0x0053F8A8,4
entry_0053f8a8,0x0053F8A8,0x0053F8C0,24
FUN_0053f8c0,0x0053F8C0,0x0053F934,116
entry_0053f914,0x0053F914,0x0053F924,16
entry_0053f924,0x0053F924,0x0053F92C,8
entry_0053f92c,0x0053F92C,0x0053F930,4
entry_0053f930,0x0053F930,0x0053F940,16
FUN_0053f940,0x0053F940,0x0053F9B4,116
entry_0053f994,0x0053F994,0x0053F9A4,16
entry_0053f9a4,0x0053F9A4,0x0053F9AC,8
entry_0053f9ac,0x0053F9AC,0x0053F9B0,4
entry_0053f9b0,0x0053F9B0,0x0053F9C0,16
FUN_0053f9c0,0x0053F9C0,0x0053FA64,164
entry_0053fa28,0x0053FA28,0x0053FA44,28
entry_0053fa44,0x0053FA44,0x0053FA54,16
entry_0053fa54,0x0053FA54,0x0053FA5C,8
entry_0053fa5c,0x0053FA5C,0x0053FA60,4
entry_0053fa60,0x0053FA60,0x0053FA80,32
FUN_0053fa80,0x0053FA80,0x0053FB28,168
entry_0053fae8,0x0053FAE8,0x0053FB04,28
entry_0053fb04,0x0053FB04,0x0053FB14,16
entry_0053fb14,0x0053FB14,0x0053FB1C,8
entry_0053fb1c,0x0053FB1C,0x0053FB20,4
entry_0053fb20,0x0053FB20,0x0053FB40,32
FUN_0053fb40,0x0053FB40,0x0053FBBC,124
entry_0053fb9c,0x0053FB9C,0x0053FBAC,16
entry_0053fbac,0x0053FBAC,0x0053FBB4,8
entry_0053fbb4,0x0053FBB4,0x0053FBB8,4
entry_0053fbb8,0x0053FBB8,0x0053FBD0,24
FUN_0053fbd0,0x0053FBD0,0x0053FBF4,36
entry_0053fbf0,0x0053FBF0,0x0053FC40,80
FUN_0053fc40,0x0053FC40,0x0053FD04,196
entry_0053fca8,0x0053FCA8,0x0053FCC4,28
entry_0053fcc4,0x0053FCC4,0x0053FCE0,28
entry_0053fce0,0x0053FCE0,0x0053FCF0,16
entry_0053fcf0,0x0053FCF0,0x0053FCF8,8
entry_0053fcf8,0x0053FCF8,0x0053FCFC,4
entry_0053fcfc,0x0053FCFC,0x0053FD10,20
FUN_0053fd10,0x0053FD10,0x0053FDAC,156
entry_0053fd70,0x0053FD70,0x0053FD8C,28
entry_0053fd8c,0x0053FD8C,0x0053FD9C,16
entry_0053fd9c,0x0053FD9C,0x0053FDA4,8
entry_0053fda4,0x0053FDA4,0x0053FDA8,4
entry_0053fda8,0x0053FDA8,0x0053FDC0,24
FUN_0053fdc0,0x0053FDC0,0x0053FE60,160
entry_0053fe20,0x0053FE20,0x0053FE3C,28
entry_0053fe3c,0x0053FE3C,0x0053FE4C,16
entry_0053fe4c,0x0053FE4C,0x0053FE54,8
entry_0053fe54,0x0053FE54,0x0053FE58,4
entry_0053fe58,0x0053FE58,0x0053FE70,24
FUN_0053fe70,0x0053FE70,0x0053FEE4,116
entry_0053fec4,0x0053FEC4,0x0053FED4,16
entry_0053fed4,0x0053FED4,0x0053FEDC,8
entry_0053fedc,0x0053FEDC,0x0053FEE0,4
entry_0053fee0,0x0053FEE0,0x0053FEF0,16
FUN_0053fef0,0x0053FEF0,0x0053FEF8,8
FUN_0053ffe0,0x0053FFE0,0x0053FFE8,8
FUN_005400d0,0x005400D0,0x005400D8,8
FUN_00540220,0x00540220,0x00540228,8
FUN_00540350,0x00540350,0x00540358,8
FUN_005404a0,0x005404A0,0x005404AC,12
FUN_00540620,0x00540620,0x0054062C,12
FUN_005407e0,0x005407E0,0x005407EC,12
FUN_00540970,0x00540970,0x0054097C,12
FUN_00540ab0,0x00540AB0,0x00540AD4,36
FUN_00540ae0,0x00540AE0,0x00540B04,36
FUN_00540b10,0x00540B10,0x00540B38,40
FUN_00540b40,0x00540B40,0x00540B68,40
FUN_00540b70,0x00540B70,0x00540B90,32
FUN_00540ba0,0x00540BA0,0x00540BC0,32
FUN_00540bd0,0x00540BD0,0x00540BF4,36
FUN_00540c00,0x00540C00,0x00540C24,36
FUN_00540c30,0x00540C30,0x00540C38,8
FUN_00540d80,0x00540D80,0x00540E8C,268
entry_00540e18,0x00540E18,0x00540E34,28
entry_00540e34,0x00540E34,0x00540E50,28
entry_00540e50,0x00540E50,0x00540E6C,28
entry_00540e6c,0x00540E6C,0x00540E7C,16
entry_00540e7c,0x00540E7C,0x00540E84,8
entry_00540e84,0x00540E84,0x00540E88,4
entry_00540e88,0x00540E88,0x00540EA0,24
FUN_00540ea0,0x00540EA0,0x00540FAC,128
entry_00540fa0,0x00540FA0,0x00540FC0,32
FUN_00540fc0,0x00540FC0,0x005410A8,120
entry_0054109c,0x0054109C,0x005410C0,36
FUN_005410c0,0x005410C0,0x005410E8,40
FUN_005410f0,0x005410F0,0x00541114,36
FUN_00541120,0x00541120,0x00541148,40
FUN_00541150,0x00541150,0x00541174,36
FUN_00541180,0x00541180,0x005411A8,40
FUN_005411b0,0x005411B0,0x005411D4,36
FUN_005411e0,0x005411E0,0x00541208,40
FUN_00541210,0x00541210,0x00541234,36
FUN_00541240,0x00541240,0x00541280,64
entry_00541278,0x00541278,0x0054127C,4
entry_0054127c,0x0054127C,0x00541290,20
FUN_00541290,0x00541290,0x005412D0,64
entry_005412c8,0x005412C8,0x005412CC,4
entry_005412cc,0x005412CC,0x005412E0,20
FUN_005412e0,0x005412E0,0x00541320,64
entry_00541318,0x00541318,0x0054131C,4
entry_0054131c,0x0054131C,0x00541330,20
FUN_00541330,0x00541330,0x00541354,36
FUN_00541360,0x00541360,0x00541384,36
FUN_00541390,0x00541390,0x005413B8,40
FUN_005413c0,0x005413C0,0x005413E8,40
FUN_005413f0,0x005413F0,0x00541410,32
FUN_00541420,0x00541420,0x00541440,32
FUN_00541450,0x00541450,0x00541474,36
FUN_00541480,0x00541480,0x005414A4,36
FUN_005414b0,0x005414B0,0x005414D0,32
FUN_005414e0,0x005414E0,0x00541500,32
FUN_00541510,0x00541510,0x00541534,36
FUN_00541540,0x00541540,0x00541564,36
FUN_00541570,0x00541570,0x00541578,8
FUN_00541680,0x00541680,0x00541688,8
FUN_00541770,0x00541770,0x0054177C,12
FUN_005418c0,0x005418C0,0x005418C8,8
FUN_005419e0,0x005419E0,0x005419E8,8
FUN_00541c20,0x00541C20,0x00541C68,72
entry_00541c5c,0x00541C5C,0x00541C60,4
entry_00541c60,0x00541C60,0x00541C64,4
entry_00541c64,0x00541C64,0x00541C80,28
FUN_00541c80,0x00541C80,0x00541C88,8
FUN_00542010,0x00542010,0x00542018,8
FUN_00542120,0x00542120,0x0054212C,12
FUN_005423e0,0x005423E0,0x005423EC,12
FUN_005428d0,0x005428D0,0x005428E4,20
FUN_00542c60,0x00542C60,0x00542C68,8
FUN_00543060,0x00543060,0x00543068,8
FUN_00543280,0x00543280,0x005432F8,120
entry_005432a4,0x005432A4,0x005432C8,36
entry_005432c8,0x005432C8,0x005432F4,44
entry_005432f4,0x005432F4,0x00543310,28
FUN_00543310,0x00543310,0x005433E8,216
entry_0054337c,0x0054337C,0x00543394,24
entry_00543394,0x00543394,0x005433B8,36
entry_005433b8,0x005433B8,0x005433C8,16
entry_005433c8,0x005433C8,0x005433E4,28
entry_005433e4,0x005433E4,0x00543400,28
FUN_00543400,0x00543400,0x00543588,392
entry_00543480,0x00543480,0x005434A0,32
entry_005434a0,0x005434A0,0x005434B8,24
entry_005434b8,0x005434B8,0x00543504,76
entry_00543504,0x00543504,0x0054351C,24
entry_0054351c,0x0054351C,0x0054354C,48
entry_0054354c,0x0054354C,0x00543584,56
entry_00543584,0x00543584,0x005435A0,28
FUN_005435a0,0x005435A0,0x005435CC,44
entry_005435b8,0x005435B8,0x005435C8,16
entry_005435c8,0x005435C8,0x005435E0,24
FUN_005435e0,0x005435E0,0x005435E8,8
FUN_005438a0,0x005438A0,0x005438B4,20
FUN_005439f0,0x005439F0,0x00543A28,56
entry_00543a20,0x00543A20,0x00543A30,16
FUN_00543a30,0x00543A30,0x00543A6C,60
entry_00543a5c,0x00543A5C,0x00543AC0,100
FUN_00543ac0,0x00543AC0,0x00543B40,128
entry_00543b30,0x00543B30,0x00543B38,8
entry_00543b38,0x00543B38,0x00543B3C,4
entry_00543b3c,0x00543B3C,0x00543B50,20
FUN_00543b50,0x00543B50,0x00543BC8,120
entry_00543bac,0x00543BAC,0x00543BC0,20
entry_00543bc0,0x00543BC0,0x00543BC4,4
entry_00543bc4,0x00543BC4,0x00543BE0,28
FUN_00543be0,0x00543BE0,0x00543BF8,24
FUN_00543c00,0x00543C00,0x00543C08,8
FUN_00543ef0,0x00543EF0,0x00544204,164
entry_00543f38,0x00543F38,0x00543F84,76
entry_00543f84,0x00543F84,0x00544038,180
entry_00544038,0x00544038,0x005440EC,180
entry_005440ec,0x005440EC,0x005441FC,272
entry_005441fc,0x005441FC,0x00544220,36
FUN_00544220,0x00544220,0x00544534,164
entry_00544268,0x00544268,0x005442B4,76
entry_005442b4,0x005442B4,0x00544368,180
entry_00544368,0x00544368,0x0054441C,180
entry_0054441c,0x0054441C,0x0054452C,272
entry_0054452c,0x0054452C,0x00544550,36
FUN_00544550,0x00544550,0x00544850,164
entry_00544598,0x00544598,0x005445D0,56
entry_005445d0,0x005445D0,0x00544684,180
entry_00544684,0x00544684,0x00544738,180
entry_00544738,0x00544738,0x00544848,272
entry_00544848,0x00544848,0x00544860,24
FUN_00544860,0x00544860,0x00544B74,164
entry_005448a8,0x005448A8,0x005448F4,76
entry_005448f4,0x005448F4,0x005449A8,180
entry_005449a8,0x005449A8,0x00544A5C,180
entry_00544a5c,0x00544A5C,0x00544B6C,272
entry_00544b6c,0x00544B6C,0x00544B90,36
FUN_00544b90,0x00544B90,0x00544BB0,32
FUN_00544bc0,0x00544BC0,0x00544EA0,188
entry_00544c14,0x00544C14,0x00544C60,76
entry_00544c60,0x00544C60,0x00544D14,180
entry_00544d14,0x00544D14,0x00544DC8,180
entry_00544dc8,0x00544DC8,0x00544E90,200
entry_00544e90,0x00544E90,0x00544EC0,48
FUN_00544ec0,0x00544EC0,0x00544EE0,32
FUN_00544ef0,0x00544EF0,0x005451B4,160
entry_00544f34,0x00544F34,0x00544F80,76
entry_00544f80,0x00544F80,0x00545034,180
entry_00545034,0x00545034,0x005450E8,180
entry_005450e8,0x005450E8,0x005451B0,200
entry_005451b0,0x005451B0,0x005451C0,16
FUN_005451c0,0x005451C0,0x005451D8,24
FUN_00545200,0x00545200,0x00545220,32
FUN_00545300,0x00545300,0x00545318,24
FUN_00545340,0x00545340,0x00545360,32
FUN_00545440,0x00545440,0x00545458,24
FUN_00545480,0x00545480,0x005454A8,40
FUN_00545550,0x00545550,0x0054556C,28
FUN_00545670,0x00545670,0x00545688,24
FUN_005456b0,0x005456B0,0x005456C8,24
FUN_005456f0,0x005456F0,0x00545714,36
FUN_005457e0,0x005457E0,0x00545800,32
FUN_00545900,0x00545900,0x00545920,32
FUN_00545950,0x00545950,0x0054595C,12
FUN_00545970,0x00545970,0x00545994,36
FUN_00545a80,0x00545A80,0x00545A88,8
FUN_00545b00,0x00545B00,0x00545B01,1
FUN_00545b10,0x00545B10,0x00545B11,1
FUN_00545b20,0x00545B20,0x00545B21,1
FUN_00545b30,0x00545B30,0x00545B31,1
FUN_00545b40,0x00545B40,0x00545B41,1
FUN_00545b50,0x00545B50,0x00545B51,1
FUN_00545b60,0x00545B60,0x00545B61,1
FUN_00545b70,0x00545B70,0x00545B9C,44
FUN_00545bb0,0x00545BB0,0x00545BDC,44
FUN_00545c20,0x00545C20,0x00545C60,64
entry_00545c58,0x00545C58,0x00545C5C,4
entry_00545c5c,0x00545C5C,0x00545C90,52
FUN_00545c90,0x00545C90,0x00545C98,8
FUN_00545d50,0x00545D50,0x00545E1C,72
entry_00545d8c,0x00545D8C,0x00545E18,140
entry_00545e18,0x00545E18,0x00545E30,24
FUN_00545e30,0x00545E30,0x00545E74,68
entry_00545e6c,0x00545E6C,0x00545EB0,68
FUN_00545eb0,0x00545EB0,0x00545ED0,32
FUN_00545f50,0x00545F50,0x00545FA0,80
FUN_00545fb0,0x00545FB0,0x00545FF4,68
FUN_00546040,0x00546040,0x00546070,48
FUN_00546080,0x00546080,0x005460EC,108
FUN_00546100,0x00546100,0x0054616C,108
FUN_00546470,0x00546470,0x005464B8,72
entry_0054649c,0x0054649C,0x005464C0,36
FUN_005464c0,0x005464C0,0x00546500,64
entry_005464e8,0x005464E8,0x005468C0,984
FUN_005468c0,0x005468C0,0x00546904,68
FUN_00546c10,0x00546C10,0x00546C60,80
FUN_00546e30,0x00546E30,0x00546E48,24
FUN_00547050,0x00547050,0x0054706C,28
FUN_00547080,0x00547080,0x005470D0,80
FUN_00547110,0x00547110,0x00547120,16
thunk_FUN_00512090,0x005472A0,0x005472A8,8
thunk_FUN_00512090,0x005472B0,0x005472B8,8
FUN_005472c0,0x005472C0,0x005472F4,52
entry_005472ec,0x005472EC,0x00547410,292
FUN_00547410,0x00547410,0x00547424,20
FUN_00547590,0x00547590,0x005475A4,20
FUN_005475c0,0x005475C0,0x0054760C,68
entry_005475ec,0x005475EC,0x00547608,28
entry_00547608,0x00547608,0x00547620,24
FUN_00547620,0x00547620,0x00547634,20
FUN_00547650,0x00547650,0x00547684,36
entry_00547680,0x00547680,0x005476D0,80
FUN_005476d0,0x005476D0,0x0054774C,124
FUN_00547ab0,0x00547AB0,0x00547BD0,288
entry_00547ac8,0x00547AC8,0x00547AD4,12
entry_00547ad4,0x00547AD4,0x00547AEC,24
entry_00547aec,0x00547AEC,0x00547AFC,16
entry_00547afc,0x00547AFC,0x00547B14,24
entry_00547b14,0x00547B14,0x00547B20,12
entry_00547b20,0x00547B20,0x00547B34,20
entry_00547b34,0x00547B34,0x00547B44,16
entry_00547b44,0x00547B44,0x00547B60,28
entry_00547b60,0x00547B60,0x00547B7C,28
entry_00547b7c,0x00547B7C,0x00547B84,8
entry_00547b84,0x00547B84,0x00547B8C,8
entry_00547b8c,0x00547B8C,0x00547BA8,28
entry_00547ba8,0x00547BA8,0x00547BAC,4
entry_00547bac,0x00547BAC,0x00547BB4,8
entry_00547bb4,0x00547BB4,0x00547C30,124
FUN_00547c30,0x00547C30,0x00547C60,48
FUN_00547c70,0x00547C70,0x00547C78,8
FUN_00547da0,0x00547DA0,0x00547DD4,52
FUN_00547de0,0x00547DE0,0x00547E00,32
FUN_00547e60,0x00547E60,0x00547E80,32
FUN_00547ec0,0x00547EC0,0x00547EE0,32
FUN_00547f00,0x00547F00,0x00547F2C,44
FUN_00547f80,0x00547F80,0x00547FA4,36
FUN_00548010,0x00548010,0x00548030,32
FUN_005480f0,0x005480F0,0x0054814C,92
FUN_005485d0,0x005485D0,0x005486EC,284
entry_00548634,0x00548634,0x00548650,28
entry_00548650,0x00548650,0x005486AC,92
entry_005486ac,0x005486AC,0x005486C8,28
entry_005486c8,0x005486C8,0x00548700,56
FUN_00548700,0x00548700,0x0054870C,12
FUN_00548790,0x00548790,0x005487D8,72
FUN_005487f0,0x005487F0,0x00548830,64
FUN_00548840,0x00548840,0x005488BC,124
FUN_00548980,0x00548980,0x005489D0,80
FUN_00548aa0,0x00548AA0,0x00648AD0,100
FUN_00548b70,0x00548B70,0x00548B88,24
FUN_00548d00,0x00548D00,0x00548D0C,12
FUN_00548e30,0x00548E30,0x00548EA0,112
entry_00548e54,0x00548E54,0x00548E70,28
entry_00548e70,0x00548E70,0x00548FE0,368
FUN_00548fe0,0x00548FE0,0x00549020,60
entry_0054901c,0x0054901C,0x00549030,20
FUN_00549030,0x00549030,0x0054907C,44
entry_00549074,0x00549074,0x00549290,540
FUN_00549290,0x00549290,0x00549298,8
FUN_00549510,0x00549510,0x00549544,52
FUN_005496c0,0x005496C0,0x00689ACC,1104
FUN_00549a90,0x00549A90,0x00549A98,8
FUN_00549ac0,0x00549AC0,0x00549ACC,12
FUN_00549bb0,0x00549BB0,0x00549BC8,24
FUN_00549d40,0x00549D40,0x00549D50,16
FUN_0054a4e0,0x0054A4E0,0x0054A508,40
entry_0054a504,0x0054A504,0x0054A540,60
FUN_0054a540,0x0054A540,0x0054A54C,12
FUN_0054a800,0x0054A800,0x0054A808,8
FUN_0054aee0,0x0054AEE0,0x0054AEE8,8
FUN_0054b400,0x0054B400,0x0054B40C,12
FUN_0054b940,0x0054B940,0x0054B950,16
FUN_0054c0f0,0x0054C0F0,0x0054C104,20
FUN_0054c510,0x0054C510,0x0054C51C,12
FUN_0054c710,0x0054C710,0x0054C71C,12
FUN_0054c790,0x0054C790,0x0054C7AC,28
entry_0054c7a8,0x0054C7A8,0x0054C7C0,24
FUN_0054c7c0,0x0054C7C0,0x0054C7FC,60
entry_0054c7dc,0x0054C7DC,0x0054C7E0,4
entry_0054c7e0,0x0054C7E0,0x0054C7F8,24
entry_0054c7f8,0x0054C7F8,0x0054C830,56
FUN_0054c830,0x0054C830,0x0054C870,56
entry_0054c868,0x0054C868,0x0054C880,24
FUN_0054c880,0x0054C880,0x0054C8D0,72
entry_0054c8c0,0x0054C8C0,0x0054C8C8,8
entry_0054c8c8,0x0054C8C8,0x0054C8F0,40
FUN_0054c8f0,0x0054C8F0,0x0054C948,80
entry_0054c930,0x0054C930,0x0054C944,20
entry_0054c944,0x0054C944,0x0054CB50,524
FUN_0054cb50,0x0054CB50,0x0054CB58,8
FUN_0054cb60,0x0054CB60,0x0054CB68,8
FUN_0054ce60,0x0054CE60,0x0054CFF8,372
entry_0054ced4,0x0054CED4,0x0054CF50,124
entry_0054cf50,0x0054CF50,0x0054CF68,24
entry_0054cf68,0x0054CF68,0x0054CF6C,4
entry_0054cf6c,0x0054CF6C,0x0054CFDC,112
entry_0054cfdc,0x0054CFDC,0x0054CFF4,24
entry_0054cff4,0x0054CFF4,0x0054D040,76
FUN_0054d040,0x0054D040,0x0054D074,52
entry_0054d070,0x0054D070,0x0054D080,16
FUN_0054d080,0x0054D080,0x0054D088,8
FUN_0054def0,0x0054DEF0,0x0054DF40,80
entry_0054df38,0x0054DF38,0x0054DF3C,4
entry_0054df3c,0x0054DF3C,0x0054DF50,20
FUN_0054df50,0x0054DF50,0x0054DF58,8
FUN_0054dff0,0x0054DFF0,0x0054DFFC,12
FUN_0054e380,0x0054E380,0x0054E3BC,60
FUN_0054e430,0x0054E430,0x0054E484,84
FUN_0054e4b0,0x0054E4B0,0x0054E4B8,8
FUN_0054e700,0x0054E700,0x0054E720,32
FUN_0054e780,0x0054E780,0x0054E78C,12
FUN_0054ec00,0x0054EC00,0x0054EC20,32
entry_0054ec1c,0x0054EC1C,0x0054EC30,20
FUN_0054ec30,0x0054EC30,0x0054EC50,32
entry_0054ec4c,0x0054EC4C,0x0054EC60,20
FUN_0054ec60,0x0054EC60,0x0054EC7C,28
FUN_0054ed20,0x0054ED20,0x0054ED2C,12
FUN_0054edc0,0x0054EDC0,0x0054EDCC,12
FUN_0054ee70,0x0054EE70,0x0054EEE4,44
entry_0054eee0,0x0054EEE0,0x0054EF40,96
FUN_0054ef40,0x0054EF40,0x0054EF54,20
FUN_0054f080,0x0054F080,0x0054F094,20
FUN_0054f190,0x0054F190,0x0054F1E8,84
entry_0054f1cc,0x0054F1CC,0x0054F1E0,20
entry_0054f1e0,0x0054F1E0,0x0054F1E4,4
entry_0054f1e4,0x0054F1E4,0x0054F200,28
FUN_0054f200,0x0054F200,0x0054F258,84
entry_0054f23c,0x0054F23C,0x0054F250,20
entry_0054f250,0x0054F250,0x0054F254,4
entry_0054f254,0x0054F254,0x0054F270,28
FUN_0054f270,0x0054F270,0x0054F2B0,64
entry_0054f294,0x0054F294,0x0054F2C0,44
FUN_0054f2c0,0x0054F2C0,0x0054F2F8,56
entry_0054f2dc,0x0054F2DC,0x0054F310,52
FUN_0054f310,0x0054F310,0x0054F338,40
entry_0054f328,0x0054F328,0x0054F380,88
FUN_0054f380,0x0054F380,0x0054F381,1
FUN_0054f3a0,0x0054F3A0,0x0054F3D8,56
entry_0054f3d4,0x0054F3D4,0x0054F530,348
FUN_0054f530,0x0054F530,0x0054F54C,28
FUN_0054f630,0x0054F630,0x0054F68C,92
entry_0054f66c,0x0054F66C,0x0054F670,4
entry_0054f670,0x0054F670,0x0054F688,24
entry_0054f688,0x0054F688,0x0054F6A0,24
FUN_0054f6a0,0x0054F6A0,0x0054F6F4,84
entry_0054f6dc,0x0054F6DC,0x0054F6E0,4
entry_0054f6e0,0x0054F6E0,0x0054F6F0,16
entry_0054f6f0,0x0054F6F0,0x0054F700,16
FUN_0054f700,0x0054F700,0x0054F71C,28
FUN_0054f810,0x0054F810,0x0054F844,36
entry_0054f840,0x0054F840,0x0054F860,32
FUN_0054f860,0x0054F860,0x0054F874,20
FUN_0054f990,0x0054F990,0x0054F9E8,88
entry_0054f9e4,0x0054F9E4,0x0054FA00,28
FUN_0054fa00,0x0054FA00,0x0054FA50,80
entry_0054fa4c,0x0054FA4C,0x0054FA60,20
FUN_0054fa60,0x0054FA60,0x0054FAB4,84
entry_0054fab0,0x0054FAB0,0x0054FAD0,32
FUN_0054fad0,0x0054FAD0,0x0054FAD1,1
FUN_0054fae0,0x0054FAE0,0x0054FAE1,1
FUN_0054faf0,0x0054FAF0,0x0054FB50,96
entry_0054fb34,0x0054FB34,0x0054FB48,20
entry_0054fb48,0x0054FB48,0x0054FB4C,4
entry_0054fb4c,0x0054FB4C,0x0054FB60,20
FUN_0054fb60,0x0054FB60,0x0054FBC4,100
entry_0054fbb8,0x0054FBB8,0x0054FBD0,24
FUN_0054fbd0,0x0054FBD0,0x0054FBD8,8
FUN_0054fc70,0x0054FC70,0x0054FC78,8
FUN_0054fe50,0x0054FE50,0x0054FE90,64
entry_0054fe70,0x0054FE70,0x0054FEA0,48
FUN_0054fea0,0x0054FEA0,0x0054FEB8,24
FUN_0054fff0,0x0054FFF0,0x00550008,24
FUN_00550130,0x00550130,0x00550148,24
FUN_00550250,0x00550250,0x00550268,24
FUN_005503c0,0x005503C0,0x005503F8,56
entry_005503f0,0x005503F0,0x00550410,32
FUN_00550410,0x00550410,0x0055044C,60
entry_00550444,0x00550444,0x00550750,780
FUN_00550750,0x00550750,0x00550798,72
FUN_005507b0,0x005507B0,0x00550820,84
entry_005507f8,0x005507F8,0x00550818,32
entry_00550818,0x00550818,0x0055081C,4
entry_0055081c,0x0055081C,0x00550830,20
FUN_00550830,0x00550830,0x00550878,72
FUN_00550890,0x00550890,0x00550898,8
FUN_00550ad0,0x00550AD0,0x00550B7C,172
entry_00550b00,0x00550B00,0x00550B34,52
entry_00550b34,0x00550B34,0x00550B74,64
entry_00550b74,0x00550B74,0x00550B78,4
entry_00550b78,0x00550B78,0x00550BB0,56
FUN_00550bb0,0x00550BB0,0x00550CAC,252
entry_00550bcc,0x00550BCC,0x00550BF0,36
entry_00550bf0,0x00550BF0,0x00550C24,52
entry_00550c24,0x00550C24,0x00550C34,16
entry_00550c34,0x00550C34,0x00550C48,20
entry_00550c48,0x00550C48,0x00550C58,16
entry_00550c58,0x00550C58,0x00550C6C,20
entry_00550c6c,0x00550C6C,0x00550C7C,16
entry_00550c7c,0x00550C7C,0x00550C90,20
entry_00550c90,0x00550C90,0x00550CA4,20
entry_00550ca4,0x00550CA4,0x00550CA8,4
entry_00550ca8,0x00550CA8,0x00550E80,472
FUN_00550e80,0x00550E80,0x00550ED8,88
entry_00550ec8,0x00550EC8,0x00550ECC,4
entry_00550ecc,0x00550ECC,0x00550ED4,8
entry_00550ed4,0x00550ED4,0x00550EE0,12
FUN_00550ee0,0x00550EE0,0x00550F68,136
entry_00550f00,0x00550F00,0x00550F50,80
entry_00550f50,0x00550F50,0x00550F54,4
entry_00550f54,0x00550F54,0x00550F5C,8
entry_00550f5c,0x00550F5C,0x00550F60,4
entry_00550f60,0x00550F60,0x00550F80,32
FUN_00550f80,0x00550F80,0x00550FDC,92
entry_00550fb4,0x00550FB4,0x00551000,76
FUN_00551000,0x00551000,0x005510BC,176
entry_00551040,0x00551040,0x00551058,24
entry_00551058,0x00551058,0x00551078,32
entry_00551078,0x00551078,0x00551090,24
entry_00551090,0x00551090,0x005510B4,36
entry_005510b4,0x005510B4,0x005510B8,4
entry_005510b8,0x005510B8,0x005510D0,24
FUN_005510d0,0x005510D0,0x005510D8,8
FUN_00551250,0x00551250,0x00551264,20
FUN_00551390,0x00551390,0x005513A8,24
FUN_005514e0,0x005514E0,0x005514FC,28
FUN_00551bf0,0x00551BF0,0x00551BF8,8
FUN_00551d60,0x00551D60,0x00551D70,16
FUN_005527a0,0x005527A0,0x005527B4,20
FUN_00552950,0x00552950,0x0055296C,28
FUN_00552b70,0x00552B70,0x00552B78,8
FUN_00552e00,0x00552E00,0x00552E14,20
FUN_005530a0,0x005530A0,0x005530DC,60
entry_005530d0,0x005530D0,0x005530F0,32
FUN_005530f0,0x005530F0,0x005530FC,12
FUN_00553f20,0x00553F20,0x00553F2C,12
FUN_00554d80,0x00554D80,0x00554F48,348
entry_00554dec,0x00554DEC,0x00554E00,20
entry_00554e00,0x00554E00,0x00554E30,48
entry_00554e30,0x00554E30,0x00554E58,40
entry_00554e58,0x00554E58,0x00554EBC,100
entry_00554ebc,0x00554EBC,0x00554F00,68
entry_00554f00,0x00554F00,0x00554F30,48
entry_00554f30,0x00554F30,0x00554F40,16
entry_00554f40,0x00554F40,0x00554F60,32
FUN_00554f60,0x00554F60,0x00554F70,16
FUN_00555420,0x00555420,0x005555C0,404
entry_00555588,0x00555588,0x005555A0,24
entry_005555a0,0x005555A0,0x005555A8,8
entry_005555a8,0x005555A8,0x005555F0,72
FUN_005555f0,0x005555F0,0x00555634,68
FUN_00555640,0x00555640,0x00555670,48
FUN_00555690,0x00555690,0x005556C0,48
FUN_005557a0,0x005557A0,0x005557F4,84
entry_005557cc,0x005557CC,0x005557F0,36
entry_005557f0,0x005557F0,0x00555800,16
entry_00555800,0x00555800,0x00555810,16
entry_00555810,0x00555810,0x005559E0,464
FUN_005559e0,0x005559E0,0x005559EC,12
FUN_005562a0,0x005562A0,0x005562AC,12
FUN_00556ba0,0x00556BA0,0x00556BA8,8
FUN_00557bb0,0x00557BB0,0x00557BBC,12
FUN_00558ef0,0x00558EF0,0x00558EF8,8
FUN_005596a0,0x005596A0,0x005596A8,8
FUN_00559be0,0x00559BE0,0x00559BE8,8
FUN_0055abc0,0x0055ABC0,0x0055ABCC,12
FUN_0055af60,0x0055AF60,0x0055B03C,96
entry_0055afa0,0x0055AFA0,0x0055B01C,124
entry_0055b01c,0x0055B01C,0x0055B034,24
entry_0055b034,0x0055B034,0x0055B038,4
entry_0055b038,0x0055B038,0x0055B050,24
FUN_0055b050,0x0055B050,0x0055B080,48
FUN_0055b0d0,0x0055B0D0,0x0055B0E0,16
FUN_0055b690,0x0055B690,0x0055B6C0,48
FUN_0055b700,0x0055B700,0x0055B71C,28
FUN_0055bf00,0x0055BF00,0x0055BF44,68
FUN_0055c0b0,0x0055C0B0,0x0055C388,100
entry_0055c15c,0x0055C15C,0x0055C370,532
entry_0055c370,0x0055C370,0x0055C600,656
FUN_0055c600,0x0055C600,0x0055C614,20
FUN_0055cae0,0x0055CAE0,0x0055CD68,172
entry_0055cd1c,0x0055CD1C,0x0055CD54,56
entry_0055cd54,0x0055CD54,0x0055CD64,16
entry_0055cd64,0x0055CD64,0x0055CDA0,60
FUN_0055cda0,0x0055CDA0,0x0055CDAC,12
FUN_0055d2a0,0x0055D2A0,0x0055D2AC,12
FUN_0055d780,0x0055D780,0x0055D794,20
FUN_0055def0,0x0055DEF0,0x0055DF04,20
FUN_0055e0e0,0x0055E0E0,0x0055E110,48
entry_0055e0f4,0x0055E0F4,0x0055E0F8,4
entry_0055e0f8,0x0055E0F8,0x0055E320,552
FUN_0055e320,0x0055E320,0x0055E328,8
FUN_0055e420,0x0055E420,0x0055E428,8
FUN_0055e520,0x0055E520,0x0055E610,224
entry_0055e550,0x0055E550,0x0055E588,56
entry_0055e588,0x0055E588,0x0055E598,16
entry_0055e598,0x0055E598,0x0055E5A8,16
entry_0055e5a8,0x0055E5A8,0x0055E5AC,4
entry_0055e5ac,0x0055E5AC,0x0055E5BC,16
entry_0055e5bc,0x0055E5BC,0x0055E5CC,16
entry_0055e5cc,0x0055E5CC,0x0055E5F8,44
entry_0055e5f8,0x0055E5F8,0x0055E620,40
FUN_0055e620,0x0055E620,0x0055E62C,12
FUN_0055e970,0x0055E970,0x0055E978,8
FUN_0055fd70,0x0055FD70,0x0055FDB0,56
entry_0055fda0,0x0055FDA0,0x0055FDA8,8
entry_0055fda8,0x0055FDA8,0x0055FDAC,4
entry_0055fdac,0x0055FDAC,0x0055FE30,132
FUN_0055fe30,0x0055FE30,0x0055FED4,156
entry_0055fe60,0x0055FE60,0x0055FE64,4
entry_0055fe64,0x0055FE64,0x0055FE6C,8
entry_0055fe6c,0x0055FE6C,0x0055FE94,40
entry_0055fe94,0x0055FE94,0x0055FE9C,8
entry_0055fe9c,0x0055FE9C,0x0055FEBC,32
entry_0055febc,0x0055FEBC,0x0055FED0,20
entry_0055fed0,0x0055FED0,0x0055FEE0,16
FUN_0055fee0,0x0055FEE0,0x0055FEEC,12
FUN_00560200,0x00560200,0x00560208,8
FUN_005603c0,0x005603C0,0x00560488,200
entry_00560430,0x00560430,0x00560444,20
entry_00560444,0x00560444,0x005604A0,92
FUN_005604a0,0x005604A0,0x00560508,104
entry_005604c8,0x005604C8,0x005604FC,52
entry_005604fc,0x005604FC,0x00560500,4
entry_00560500,0x00560500,0x00560520,32
FUN_00560520,0x00560520,0x00560528,8
FUN_00560640,0x00560640,0x005606C8,136
entry_00560680,0x00560680,0x005606B0,48
entry_005606b0,0x005606B0,0x005606B8,8
entry_005606b8,0x005606B8,0x005606C0,8
entry_005606c0,0x005606C0,0x005606C4,4
entry_005606c4,0x005606C4,0x005606E0,28
FUN_005606e0,0x005606E0,0x005606F8,24
FUN_00560930,0x00560930,0x00560938,8
FUN_005609e0,0x005609E0,0x005609E8,8
FUN_00560df0,0x00560DF0,0x00560E00,16
FUN_00560ed0,0x00560ED0,0x00560EFC,44
entry_00560ef8,0x00560EF8,0x00560F10,24
FUN_00560f10,0x00560F10,0x00560F1C,12
FUN_00561050,0x00561050,0x00561070,32
FUN_00561300,0x00561300,0x00561310,16
FUN_005614f0,0x005614F0,0x00561558,104
FUN_005615f0,0x005615F0,0x00561604,20
FUN_00561630,0x00561630,0x005616BC,60
entry_005616b4,0x005616B4,0x00561710,92
FUN_00561710,0x00561710,0x00561784,108
entry_00561734,0x00561734,0x00561758,36
entry_00561758,0x00561758,0x0056176C,20
entry_0056176c,0x0056176C,0x0056177C,16
entry_0056177c,0x0056177C,0x005617D0,84
FUN_005617d0,0x005617D0,0x005617DC,12
FUN_00561990,0x00561990,0x005619A0,16
FUN_00561b60,0x00561B60,0x00561B68,8
FUN_00562000,0x00562000,0x00562030,48
entry_0056202c,0x0056202C,0x00562040,20
FUN_00562040,0x00562040,0x00562048,8
FUN_00562b10,0x00562B10,0x00562B18,8
FUN_00563500,0x00563500,0x00563508,8
FUN_00563cc0,0x00563CC0,0x00563CC8,8
FUN_00564560,0x00564560,0x00564568,8
FUN_00564d80,0x00564D80,0x00564D88,8
FUN_00565530,0x00565530,0x00565538,8
FUN_005660e0,0x005660E0,0x005660F4,20
FUN_00566290,0x00566290,0x005662A8,24
FUN_005669c0,0x005669C0,0x005669D4,20
FUN_00566b40,0x00566B40,0x00566B54,20
FUN_00566d60,0x00566D60,0x00566D68,8
FUN_00567180,0x00567180,0x0056719C,28
FUN_00567430,0x00567430,0x00567438,8
FUN_00567680,0x00567680,0x0056769C,28
FUN_00567a00,0x00567A00,0x00567A14,20
FUN_00567fe0,0x00567FE0,0x00567FF0,16
FUN_00568720,0x00568720,0x005687E0,140
entry_005687c8,0x005687C8,0x005687D8,16
entry_005687d8,0x005687D8,0x005687F0,24
FUN_005687f0,0x005687F0,0x005687F8,8
FUN_00569600,0x00569600,0x0056965C,92
entry_00569628,0x00569628,0x0056963C,20
entry_0056963c,0x0056963C,0x00569640,4
entry_00569640,0x00569640,0x00569658,24
entry_00569658,0x00569658,0x00569670,24
FUN_00569670,0x00569670,0x005696CC,92
entry_00569698,0x00569698,0x005696AC,20
entry_005696ac,0x005696AC,0x005696B0,4
entry_005696b0,0x005696B0,0x005696C8,24
entry_005696c8,0x005696C8,0x005696E0,24
FUN_005696e0,0x005696E0,0x00569744,100
entry_00569710,0x00569710,0x00569724,20
entry_00569724,0x00569724,0x00569728,4
entry_00569728,0x00569728,0x00569740,24
entry_00569740,0x00569740,0x00569750,16
FUN_00569750,0x00569750,0x005697B4,100
entry_00569780,0x00569780,0x00569794,20
entry_00569794,0x00569794,0x00569798,4
entry_00569798,0x00569798,0x005697B0,24
entry_005697b0,0x005697B0,0x005697C0,16
FUN_005697c0,0x005697C0,0x005697F0,48
entry_005697d4,0x005697D4,0x005697D8,4
entry_005697d8,0x005697D8,0x00569800,40
FUN_00569800,0x00569800,0x0056980C,12
FUN_005698e0,0x005698E0,0x00569914,52
entry_005698f4,0x005698F4,0x00569904,16
entry_00569904,0x00569904,0x00569910,12
entry_00569910,0x00569910,0x00569A00,240
FUN_00569a00,0x00569A00,0x00569A8C,60
entry_00569a84,0x00569A84,0x00569C80,508
FUN_00569c80,0x00569C80,0x00569D90,60
entry_00569d88,0x00569D88,0x00569DB0,40
FUN_00569db0,0x00569DB0,0x00569DB8,8
FUN_00569f10,0x00569F10,0x00569F20,16
FUN_0056ab10,0x0056AB10,0x0056AB18,8
FUN_0056ac80,0x0056AC80,0x0056ADFC,380
entry_0056acd8,0x0056ACD8,0x0056ACE0,8
entry_0056ace0,0x0056ACE0,0x0056ACE8,8
entry_0056ace8,0x0056ACE8,0x0056AD28,64
entry_0056ad28,0x0056AD28,0x0056AD30,8
entry_0056ad30,0x0056AD30,0x0056AD38,8
entry_0056ad38,0x0056AD38,0x0056AD7C,68
entry_0056ad7c,0x0056AD7C,0x0056AD84,8
entry_0056ad84,0x0056AD84,0x0056AD8C,8
entry_0056ad8c,0x0056AD8C,0x0056ADCC,64
entry_0056adcc,0x0056ADCC,0x0056ADD4,8
entry_0056add4,0x0056ADD4,0x0056ADF0,28
entry_0056adf0,0x0056ADF0,0x0056AE10,32
FUN_0056ae10,0x0056AE10,0x0056AED0,192
entry_0056ae60,0x0056AE60,0x0056AE68,8
entry_0056ae68,0x0056AE68,0x0056AEC4,92
entry_0056aec4,0x0056AEC4,0x0056AEC8,4
entry_0056aec8,0x0056AEC8,0x0056AEE0,24
FUN_0056aee0,0x0056AEE0,0x0056AEEC,12
FUN_0056b0e0,0x0056B0E0,0x0056B0F4,20
FUN_0056b280,0x0056B280,0x0056B288,8
FUN_0056b450,0x0056B450,0x0056B460,16
FUN_0056b640,0x0056B640,0x0056B6CC,140
entry_0056b680,0x0056B680,0x0056B698,24
entry_0056b698,0x0056B698,0x0056B6B0,24
entry_0056b6b0,0x0056B6B0,0x0056B6C4,20
entry_0056b6c4,0x0056B6C4,0x0056B6C8,4
entry_0056b6c8,0x0056B6C8,0x0056B6E0,24
FUN_0056b6e0,0x0056B6E0,0x0056B730,80
FUN_0056b750,0x0056B750,0x0056B7F4,164
entry_0056b7a8,0x0056B7A8,0x0056B7B4,12
entry_0056b7b4,0x0056B7B4,0x0056B7D0,28
entry_0056b7d0,0x0056B7D0,0x0056B930,352
FUN_0056b930,0x0056B930,0x0056B9D4,164
entry_0056b988,0x0056B988,0x0056B994,12
entry_0056b994,0x0056B994,0x0056B9B0,28
entry_0056b9b0,0x0056B9B0,0x0056BB10,352
FUN_0056bb10,0x0056BB10,0x0056BB20,16
FUN_0056c3d0,0x0056C3D0,0x0056C3DC,12
FUN_0056c670,0x0056C670,0x0056C68C,28
FUN_0056ca90,0x0056CA90,0x0056CA98,8
FUN_0056caa0,0x0056CAA0,0x0056CB88,232
entry_0056cac4,0x0056CAC4,0x0056CAE0,28
entry_0056cae0,0x0056CAE0,0x0056CAF8,24
entry_0056caf8,0x0056CAF8,0x0056CB30,56
entry_0056cb30,0x0056CB30,0x0056CB34,4
entry_0056cb34,0x0056CB34,0x0056CB60,44
entry_0056cb60,0x0056CB60,0x0056CB64,4
entry_0056cb64,0x0056CB64,0x0056CB6C,8
entry_0056cb6c,0x0056CB6C,0x0056CEF0,900
FUN_0056cef0,0x0056CEF0,0x0056D008,280
entry_0056cf20,0x0056CF20,0x0056CF24,4
entry_0056cf24,0x0056CF24,0x0056CF4C,40
entry_0056cf4c,0x0056CF4C,0x0056CF50,4
entry_0056cf50,0x0056CF50,0x0056CF7C,44
entry_0056cf7c,0x0056CF7C,0x0056CF80,4
entry_0056cf80,0x0056CF80,0x0056CF88,8
entry_0056cf88,0x0056CF88,0x0056CFA8,32
entry_0056cfa8,0x0056CFA8,0x0056CFAC,4
entry_0056cfac,0x0056CFAC,0x0056CFD4,40
entry_0056cfd4,0x0056CFD4,0x0056CFF0,28
entry_0056cff0,0x0056CFF0,0x0056D000,16
entry_0056d000,0x0056D000,0x0056D004,4
entry_0056d004,0x0056D004,0x0056D010,12
FUN_0056d010,0x0056D010,0x0056D498,548
entry_0056d078,0x0056D078,0x0056D07C,4
entry_0056d07c,0x0056D07C,0x0056D0A0,36
entry_0056d0a0,0x0056D0A0,0x0056D0C0,32
entry_0056d0c0,0x0056D0C0,0x0056D0C4,4
entry_0056d0c4,0x0056D0C4,0x0056D0F0,44
entry_0056d0f0,0x0056D0F0,0x0056D0F4,4
entry_0056d0f4,0x0056D0F4,0x0056D0FC,8
entry_0056d0fc,0x0056D0FC,0x0056D238,316
entry_0056d238,0x0056D238,0x0056D25C,36
entry_0056d25c,0x0056D25C,0x0056D260,4
entry_0056d260,0x0056D260,0x0056D284,36
entry_0056d284,0x0056D284,0x0056D2A4,32
entry_0056d2a4,0x0056D2A4,0x0056D2A8,4
entry_0056d2a8,0x0056D2A8,0x0056D2D4,44
entry_0056d2d4,0x0056D2D4,0x0056D2D8,4
entry_0056d2d8,0x0056D2D8,0x0056D2E0,8
entry_0056d2e0,0x0056D2E0,0x0056D418,312
entry_0056d418,0x0056D418,0x0056D434,28
entry_0056d434,0x0056D434,0x0056D454,32
entry_0056d454,0x0056D454,0x0056D458,4
entry_0056d458,0x0056D458,0x0056D484,44
entry_0056d484,0x0056D484,0x0056D488,4
entry_0056d488,0x0056D488,0x0056D490,8
entry_0056d490,0x0056D490,0x0056D570,224
FUN_0056d570,0x0056D570,0x0056D788,536
entry_0056d5b0,0x0056D5B0,0x0056D5B4,4
entry_0056d5b4,0x0056D5B4,0x0056D5E0,44
entry_0056d5e0,0x0056D5E0,0x0056D5E4,4
entry_0056d5e4,0x0056D5E4,0x0056D620,60
entry_0056d620,0x0056D620,0x0056D654,52
entry_0056d654,0x0056D654,0x0056D6A8,84
entry_0056d6a8,0x0056D6A8,0x0056D6FC,84
entry_0056d6fc,0x0056D6FC,0x0056D700,4
entry_0056d700,0x0056D700,0x0056D708,8
entry_0056d708,0x0056D708,0x0056D730,40
entry_0056d730,0x0056D730,0x0056D758,40
entry_0056d758,0x0056D758,0x0056D778,32
entry_0056d778,0x0056D778,0x0056D780,8
entry_0056d780,0x0056D780,0x0056D784,4
entry_0056d784,0x0056D784,0x0056D7A0,28
FUN_0056d7a0,0x0056D7A0,0x0056D7C4,36
entry_0056d7c0,0x0056D7C0,0x0056DB40,896
FUN_0056db40,0x0056DB40,0x0056DB88,72
entry_0056db70,0x0056DB70,0x0056DB84,20
entry_0056db84,0x0056DB84,0x0056DBA0,28
FUN_0056dba0,0x0056DBA0,0x0056DBAC,12
FUN_0056de50,0x0056DE50,0x0056DE70,32
FUN_0056e010,0x0056E010,0x0056E078,40
entry_0056e074,0x0056E074,0x0056E090,28
FUN_0056e090,0x0056E090,0x0056E0A0,16
FUN_0056e2c0,0x0056E2C0,0x0056E2C8,8
FUN_0056ea80,0x0056EA80,0x0056EAB8,56
entry_0056ea98,0x0056EA98,0x0056EAC0,40
FUN_0056eac0,0x0056EAC0,0x0056EB00,64
entry_0056eaf8,0x0056EAF8,0x0056EAFC,4
entry_0056eafc,0x0056EAFC,0x0056EB10,20
FUN_0056eb10,0x0056EB10,0x0056EBF4,164
entry_0056ebac,0x0056EBAC,0x0056ECE0,308
FUN_0056ece0,0x0056ECE0,0x0056ECEC,12
FUN_0056f0b0,0x0056F0B0,0x0056F0BC,12
FUN_0056f1e0,0x0056F1E0,0x0056F1E8,8
FUN_0056f2c0,0x0056F2C0,0x0056F2C8,8
FUN_0056f3a0,0x0056F3A0,0x0056F3AC,12
FUN_0056f7e0,0x0056F7E0,0x0056F7E8,8
FUN_0056fbb0,0x0056FBB0,0x0056FBB8,8
FUN_00570120,0x00570120,0x00570128,8
FUN_005705c0,0x005705C0,0x005705D4,20
FUN_00570a70,0x00570A70,0x00570A80,16
FUN_00570b80,0x00570B80,0x00570C40,168
entry_00570c3c,0x00570C3C,0x00570C50,20
FUN_00570c50,0x00570C50,0x00570C60,16
FUN_00571640,0x00571640,0x0057164C,12
FUN_00571ae0,0x00571AE0,0x00571AEC,12
FUN_00571f90,0x00571F90,0x00571F98,8
FUN_00572420,0x00572420,0x00572434,20
FUN_00572790,0x00572790,0x00572798,8
FUN_00572b20,0x00572B20,0x00572B30,16
FUN_00572cb0,0x00572CB0,0x00572DD4,292
entry_00572cf4,0x00572CF4,0x00572CF8,4
entry_00572cf8,0x00572CF8,0x00572D50,88
entry_00572d50,0x00572D50,0x00572D84,52
entry_00572d84,0x00572D84,0x00572D9C,24
entry_00572d9c,0x00572D9C,0x00572DA4,8
entry_00572da4,0x00572DA4,0x00572DBC,24
entry_00572dbc,0x00572DBC,0x00572DD0,20
entry_00572dd0,0x00572DD0,0x00572DF0,32
FUN_00572df0,0x00572DF0,0x00572E04,20
FUN_00572f30,0x00572F30,0x00572F40,16
FUN_005731a0,0x005731A0,0x005731B0,16
FUN_00573280,0x00573280,0x0057328C,12
FUN_00573660,0x00573660,0x005736B8,88
entry_005736b4,0x005736B4,0x005736D0,28
FUN_005736d0,0x005736D0,0x00573710,64
FUN_00573750,0x00573750,0x00573751,1
entry_00573760,0x00573760,0x00573770,16
FUN_00573770,0x00573770,0x00573771,1
FUN_00573780,0x00573780,0x005737B0,48
FUN_005737d0,0x005737D0,0x005737E4,20
FUN_00573880,0x00573880,0x0057389C,28
FUN_00573940,0x00573940,0x00573A60,288
entry_00573978,0x00573978,0x0057397C,4
entry_0057397c,0x0057397C,0x0057399C,32
entry_0057399c,0x0057399C,0x005739A4,8
entry_005739a4,0x005739A4,0x005739D8,52
entry_005739d8,0x005739D8,0x00573A10,56
entry_00573a10,0x00573A10,0x00573A50,64
entry_00573a50,0x00573A50,0x00573A58,8
entry_00573a58,0x00573A58,0x00573A5C,4
entry_00573a5c,0x00573A5C,0x00573A70,20
FUN_00573a70,0x00573A70,0x00573B0C,156
entry_00573abc,0x00573ABC,0x00573AD0,20
entry_00573ad0,0x00573AD0,0x00573AE8,24
entry_00573ae8,0x00573AE8,0x00573B08,32
entry_00573b08,0x00573B08,0x00573B20,24
FUN_00573b20,0x00573B20,0x00573B78,80
entry_00573b5c,0x00573B5C,0x00573B70,20
entry_00573b70,0x00573B70,0x00573B90,32
FUN_00573b90,0x00573B90,0x00573BF4,100
entry_00573bec,0x00573BEC,0x00573BF0,4
entry_00573bf0,0x00573BF0,0x00573C10,32
FUN_00573c10,0x00573C10,0x00573C6C,84
entry_00573c64,0x00573C64,0x00573C80,28
FUN_00573c80,0x00573C80,0x00573D00,128
entry_00573ca4,0x00573CA4,0x00573CD8,52
entry_00573cd8,0x00573CD8,0x00573CF8,32
entry_00573cf8,0x00573CF8,0x00573CFC,4
entry_00573cfc,0x00573CFC,0x00573D10,20
FUN_00573d10,0x00573D10,0x00573D30,32
FUN_00573e30,0x00573E30,0x00573E44,20
FUN_00573eb0,0x00573EB0,0x00573EB8,8
FUN_00574040,0x00574040,0x00574058,24
FUN_005740a0,0x005740A0,0x005740A8,8
FUN_00574150,0x00574150,0x00574160,16
FUN_00575300,0x00575300,0x00575314,20
FUN_005753f0,0x005753F0,0x00575428,56
FUN_00575430,0x00575430,0x0057546C,60
FUN_00575480,0x00575480,0x005754D4,84
entry_005754a4,0x005754A4,0x005754C4,32
entry_005754c4,0x005754C4,0x005754C8,4
entry_005754c8,0x005754C8,0x005754D0,8
entry_005754d0,0x005754D0,0x005754E0,16
FUN_005754e0,0x005754E0,0x00575524,68
FUN_00575540,0x00575540,0x00575548,8
FUN_00575600,0x00575600,0x00575674,116
entry_00575628,0x00575628,0x00575660,56
entry_00575660,0x00575660,0x00575664,4
entry_00575664,0x00575664,0x00575670,12
entry_00575670,0x00575670,0x00575680,16
FUN_00575680,0x00575680,0x00575688,8
FUN_00575700,0x00575700,0x00575794,148
entry_00575724,0x00575724,0x00575740,28
entry_00575740,0x00575740,0x00575744,4
entry_00575744,0x00575744,0x00575790,76
entry_00575790,0x00575790,0x005757B0,32
FUN_005757b0,0x005757B0,0x00575860,176
entry_0057581c,0x0057581C,0x00575834,24
entry_00575834,0x00575834,0x00575858,36
entry_00575858,0x00575858,0x0057585C,4
entry_0057585c,0x0057585C,0x00575870,20
FUN_00575870,0x00575870,0x005758AC,60
entry_0057595c,0x0057595C,0x0057598C,48
entry_0057598c,0x0057598C,0x005759BC,48
entry_005759bc,0x005759BC,0x005759C4,8
entry_005759c4,0x005759C4,0x005759E0,28
FUN_005759e0,0x005759E0,0x00575AA0,192
entry_00575a5c,0x00575A5C,0x00575A74,24
entry_00575a74,0x00575A74,0x00575A80,12
entry_00575a80,0x00575A80,0x00575A98,24
entry_00575a98,0x00575A98,0x00575A9C,4
entry_00575a9c,0x00575A9C,0x00575B50,180
FUN_00575b50,0x00575B50,0x00575B80,48
entry_00575b78,0x00575B78,0x00575B7C,4
entry_00575b7c,0x00575B7C,0x00575B90,20
FUN_00575b90,0x00575B90,0x00575B98,8
FUN_00575d00,0x00575D00,0x00575D08,8
FUN_00575e90,0x00575E90,0x00575EE0,80
entry_00575ed8,0x00575ED8,0x00575EDC,4
entry_00575edc,0x00575EDC,0x00575EF0,20
FUN_00575ef0,0x00575EF0,0x00575F5C,108
FUN_00575f70,0x00575F70,0x00575F84,20
FUN_00576120,0x00576120,0x0057612C,12
FUN_005762f0,0x005762F0,0x00576314,36
FUN_00576330,0x00576330,0x0057633C,12
FUN_005764b0,0x005764B0,0x005764D4,36
FUN_00576690,0x00576690,0x005766A0,16
FUN_00576ab0,0x00576AB0,0x00576AC4,20
FUN_00576d40,0x00576D40,0x00576D50,16
FUN_00576fd0,0x00576FD0,0x00576FDC,12
FUN_00577210,0x00577210,0x0057721C,12
FUN_005773f0,0x005773F0,0x00577408,24
FUN_00577800,0x00577800,0x0057780C,12
FUN_00577ae0,0x00577AE0,0x00577AF0,16
FUN_00577d50,0x00577D50,0x00577D60,16
FUN_005780e0,0x005780E0,0x005780EC,12
FUN_005782b0,0x005782B0,0x005782BC,12
FUN_005783e0,0x005783E0,0x005783EC,12
FUN_005785b0,0x005785B0,0x005785C0,16
FUN_005788c0,0x005788C0,0x005788D0,16
FUN_00578c40,0x00578C40,0x00578C4C,12
FUN_00578da0,0x00578DA0,0x00578DAC,12
FUN_00578f00,0x00578F00,0x00578F14,20
FUN_00578fd0,0x00578FD0,0x00578FDC,12
FUN_00579460,0x00579460,0x00579470,16
FUN_00579740,0x00579740,0x00579750,16
FUN_005799e0,0x005799E0,0x005799F0,16
FUN_00579c90,0x00579C90,0x00579CAC,28
FUN_0057a040,0x0057A040,0x0057A058,24
FUN_0057a170,0x0057A170,0x0057A180,16
FUN_0057a310,0x0057A310,0x0057A324,20
FUN_0057a3c0,0x0057A3C0,0x0057A3CC,12
FUN_0057a5f0,0x0057A5F0,0x0057A604,20
FUN_0057a6c0,0x0057A6C0,0x0057A6D0,16
FUN_0057bdb0,0x0057BDB0,0x0057BDB8,8
FUN_0057c650,0x0057C650,0x0057C664,20
FUN_0057cd70,0x0057CD70,0x0057CD78,8
FUN_0057d000,0x0057D000,0x0057D014,20
FUN_0057db30,0x0057DB30,0x0057DB3C,12
FUN_0057e050,0x0057E050,0x0057E05C,12
FUN_0057e470,0x0057E470,0x0057E47C,12
FUN_0057e790,0x0057E790,0x0057E79C,12
FUN_0057eb30,0x0057EB30,0x0057EB44,20
FUN_0057f040,0x0057F040,0x0057F054,20
FUN_0057f510,0x0057F510,0x0057F51C,12
FUN_0057f850,0x0057F850,0x0057F864,20
FUN_0057feb0,0x0057FEB0,0x0057FEC4,20
FUN_00580b60,0x00580B60,0x00580B78,24
FUN_005812f0,0x005812F0,0x00581308,24
FUN_00581530,0x00581530,0x0058153C,12
FUN_00581a90,0x00581A90,0x00581A98,8
FUN_00582fe0,0x00582FE0,0x00583010,48
entry_00583008,0x00583008,0x00583020,24
FUN_00583020,0x00583020,0x0058307C,60
entry_00583074,0x00583074,0x00583078,4
entry_00583078,0x00583078,0x00583090,24
FUN_00583090,0x00583090,0x005830B0,32
FUN_005830c0,0x005830C0,0x005830D4,20
FUN_00583380,0x00583380,0x00583394,20
FUN_00583640,0x00583640,0x00583654,20
FUN_00583c50,0x00583C50,0x00583C64,20
FUN_00584290,0x00584290,0x005842A8,24
FUN_00584ce0,0x00584CE0,0x00584CEC,12
FUN_00584f20,0x00584F20,0x00584F28,8
FUN_00585330,0x00585330,0x00585344,20
FUN_005856f0,0x005856F0,0x005856F8,8
FUN_00585a30,0x00585A30,0x00585A38,8
FUN_005860a0,0x005860A0,0x005860A8,8
FUN_00586690,0x00586690,0x00586698,8
FUN_00586b50,0x00586B50,0x00586B5C,12
FUN_00587210,0x00587210,0x00587218,8
FUN_00587ad0,0x00587AD0,0x00587ADC,12
FUN_00587e80,0x00587E80,0x00587E90,16
FUN_00588150,0x00588150,0x0058815C,12
FUN_00588440,0x00588440,0x0058844C,12
FUN_00588650,0x00588650,0x0058865C,12
FUN_00588ad0,0x00588AD0,0x00588ADC,12
FUN_00588e00,0x00588E00,0x00588E10,16
FUN_00589140,0x00589140,0x0058914C,12
FUN_00589830,0x00589830,0x005898A8,120
entry_00589870,0x00589870,0x0058988C,28
entry_0058988c,0x0058988C,0x005898A0,20
entry_005898a0,0x005898A0,0x005898C0,32
FUN_005898c0,0x005898C0,0x005898DC,28
FUN_005898f0,0x005898F0,0x005898F8,8
FUN_00589a30,0x00589A30,0x00589B24,60
entry_00589b20,0x00589B20,0x00589B40,32
FUN_00589b40,0x00589B40,0x00589B48,8
FUN_00589c70,0x00589C70,0x00589D14,88
entry_00589d0c,0x00589D0C,0x00589D10,4
entry_00589d10,0x00589D10,0x00589D30,32
FUN_00589d30,0x00589D30,0x00589FAC,252
entry_00589dcc,0x00589DCC,0x00589E48,124
entry_00589e48,0x00589E48,0x00589FA8,352
entry_00589fa8,0x00589FA8,0x00589FC0,24
FUN_00589fc0,0x00589FC0,0x0058A1F4,208
entry_0058a014,0x0058A014,0x0058A090,124
entry_0058a090,0x0058A090,0x0058A1F0,352
entry_0058a1f0,0x0058A1F0,0x0058A210,32
FUN_0058a210,0x0058A210,0x0058A240,48
entry_0058a23c,0x0058A23C,0x0058A250,20
FUN_0058a250,0x0058A250,0x0058A258,8
FUN_0058a510,0x0058A510,0x0058A618,116
entry_0058a608,0x0058A608,0x0058A610,8
entry_0058a610,0x0058A610,0x0058A630,32
FUN_0058a630,0x0058A630,0x0058A79C,108
entry_0058a78c,0x0058A78C,0x0058A794,8
entry_0058a794,0x0058A794,0x0058A7C0,44
FUN_0058a7c0,0x0058A7C0,0x0058A904,100
entry_0058a8f4,0x0058A8F4,0x0058A8FC,8
entry_0058a8fc,0x0058A8FC,0x0058A920,36
FUN_0058a920,0x0058A920,0x0058A990,112
entry_0058a98c,0x0058A98C,0x0058A9A0,20
FUN_0058a9a0,0x0058A9A0,0x0058A9AC,12
FUN_0058ab00,0x0058AB00,0x0058AB0C,12
FUN_0058ad50,0x0058AD50,0x0058AD5C,12
FUN_0058aea0,0x0058AEA0,0x0058AEAC,12
FUN_0058b000,0x0058B000,0x0058B05C,80
entry_0058b058,0x0058B058,0x0058B070,24
FUN_0058b070,0x0058B070,0x0058B0F4,100
entry_0058b0d8,0x0058B0D8,0x0058B0F0,24
entry_0058b0f0,0x0058B0F0,0x0058B100,16
FUN_0058b100,0x0058B100,0x0058B174,96
entry_0058b168,0x0058B168,0x0058B170,8
entry_0058b170,0x0058B170,0x0058B180,16
FUN_0058b180,0x0058B180,0x0058B1EC,96
entry_0058b1e0,0x0058B1E0,0x0058B1E8,8
entry_0058b1e8,0x0058B1E8,0x0058B200,24
FUN_0058b200,0x0058B200,0x0058B21C,28
FUN_0058b390,0x0058B390,0x0058B3A4,20
FUN_0058b4f0,0x0058B4F0,0x0058B650,64
entry_0058b64c,0x0058B64C,0x0058B670,36
FUN_0058b670,0x0058B670,0x0058B67C,12
FUN_0058bc60,0x0058BC60,0x0058BC6C,12
FUN_0058bd60,0x0058BD60,0x0058BD94,52
entry_0058bd90,0x0058BD90,0x0058BDA0,16
FUN_0058bda0,0x0058BDA0,0x0058BE04,100
entry_0058bdfc,0x0058BDFC,0x0058BE00,4
entry_0058be00,0x0058BE00,0x0058BE20,32
FUN_0058be20,0x0058BE20,0x0058BE48,40
entry_0058be44,0x0058BE44,0x0058BE50,12
FUN_0058be50,0x0058BE50,0x0058BE78,40
entry_0058be74,0x0058BE74,0x0058BE80,12
FUN_0058be80,0x0058BE80,0x0058BEB4,52
entry_0058beac,0x0058BEAC,0x0058BEC0,20
FUN_0058bec0,0x0058BEC0,0x0058BEE8,40
entry_0058bee4,0x0058BEE4,0x0058BF00,28
FUN_0058bf00,0x0058BF00,0x0058BF0C,12
FUN_0058bfa0,0x0058BFA0,0x0058BFA8,8
FUN_0058c070,0x0058C070,0x0058C078,8
FUN_0058c140,0x0058C140,0x0058C2AC,332
entry_0058c194,0x0058C194,0x0058C1DC,72
entry_0058c1dc,0x0058C1DC,0x0058C1FC,32
entry_0058c1fc,0x0058C1FC,0x0058C224,40
entry_0058c224,0x0058C224,0x0058C278,84
entry_0058c278,0x0058C278,0x0058C29C,36
entry_0058c29c,0x0058C29C,0x0058C2A4,8
entry_0058c2a4,0x0058C2A4,0x0058C2A8,4
entry_0058c2a8,0x0058C2A8,0x0058C2C0,24
FUN_0058c2c0,0x0058C2C0,0x0058C2C8,8
FUN_0058c420,0x0058C420,0x0058C421,1
FUN_0058c510,0x0058C510,0x0058C54C,60
entry_0058c544,0x0058C544,0x0058C548,4
entry_0058c548,0x0058C548,0x0058C560,24
FUN_0058c560,0x0058C560,0x0058C568,8
FUN_0058c890,0x0058C890,0x0058C89C,12
FUN_0058d530,0x0058D530,0x0058D72C,500
entry_0058d5a0,0x0058D5A0,0x0058D5DC,60
entry_0058d5dc,0x0058D5DC,0x0058D71C,320
entry_0058d71c,0x0058D71C,0x0058D724,8
entry_0058d724,0x0058D724,0x0058D728,4
entry_0058d728,0x0058D728,0x0058D740,24
FUN_0058d740,0x0058D740,0x0058D754,20
FUN_0058ead0,0x0058EAD0,0x0058EAD8,8
FUN_0058ef30,0x0058EF30,0x0058EF31,1
FUN_0058ef50,0x0058EF50,0x0058EFA0,80
entry_0058ef98,0x0058EF98,0x0058EF9C,4
entry_0058ef9c,0x0058EF9C,0x0058EFB0,20
FUN_0058efb0,0x0058EFB0,0x0058F048,152
FUN_0058f220,0x0058F220,0x0058F2B4,148
FUN_0058f2c0,0x0058F2C0,0x0058F2C8,8
FUN_0058f820,0x0058F820,0x0058F834,20
FUN_0058fb20,0x0058FB20,0x0058FB30,16
FUN_0058fed0,0x0058FED0,0x0058FEDC,12
FUN_00590160,0x00590160,0x0059016C,12
FUN_00590d40,0x00590D40,0x00590D64,36
FUN_00591250,0x00591250,0x00591260,16
FUN_00591ae0,0x00591AE0,0x00591B78,152
entry_00591b24,0x00591B24,0x00591B2C,8
entry_00591b2c,0x00591B2C,0x00591BE0,180
FUN_00591be0,0x00591BE0,0x00591BF0,16
FUN_00591da0,0x00591DA0,0x00591DA8,8
FUN_00592130,0x00592130,0x00592138,8
FUN_00592470,0x00592470,0x00592471,1
FUN_00592640,0x00592640,0x0059268C,76
entry_00592684,0x00592684,0x00592688,4
entry_00592688,0x00592688,0x005926A0,24
FUN_005926a0,0x005926A0,0x005926D0,48
FUN_005926e0,0x005926E0,0x00592718,56
entry_00592710,0x00592710,0x00592720,16
FUN_00592720,0x00592720,0x0059272C,12
FUN_005929d0,0x005929D0,0x005929FC,44
FUN_00592ba0,0x00592BA0,0x00592BD8,56
FUN_00592bf0,0x00592BF0,0x00592C1C,44
FUN_00592cc0,0x00592CC0,0x00592CC8,8
FUN_00592e70,0x00592E70,0x00592E90,32
FUN_00592ef0,0x00592EF0,0x00592F68,120
entry_00592f60,0x00592F60,0x00592F64,4
entry_00592f64,0x00592F64,0x00592F80,28
FUN_00592f80,0x00592F80,0x00592F94,20
FUN_005930c0,0x005930C0,0x005930C8,8
FUN_005932a0,0x005932A0,0x005932AC,12
FUN_00593330,0x00593330,0x00593344,20
FUN_00593470,0x00593470,0x00593494,36
FUN_005934e0,0x005934E0,0x005934FC,28
FUN_005935e0,0x005935E0,0x005935E8,8
FUN_00593680,0x00593680,0x005936FC,80
entry_005936e8,0x005936E8,0x00593740,88
FUN_00593740,0x00593740,0x005937BC,76
entry_005937a0,0x005937A0,0x005937D0,48
FUN_005937d0,0x005937D0,0x0059384C,76
entry_00593830,0x00593830,0x00593860,48
FUN_00593860,0x00593860,0x005938E4,68
entry_005938d8,0x005938D8,0x00593900,40
FUN_00593900,0x00593900,0x00593944,64
entry_0059393c,0x0059393C,0x00593940,4
entry_00593940,0x00593940,0x00593950,16
FUN_00593950,0x00593950,0x0059395C,12
FUN_00593990,0x00593990,0x005939B4,36
FUN_005939c0,0x005939C0,0x00593A18,68
entry_00593a14,0x00593A14,0x00593A20,12
FUN_00593a20,0x00593A20,0x00593A50,48
entry_00593a48,0x00593A48,0x00593A4C,4
entry_00593a4c,0x00593A4C,0x00593A60,20
FUN_00593a60,0x00593A60,0x00593AA4,68
entry_00593a9c,0x00593A9C,0x00593B00,100
FUN_00593b00,0x00593B00,0x00593B58,88
entry_00593b50,0x00593B50,0x00593B54,4
entry_00593b54,0x00593B54,0x00593B70,28
FUN_00593b70,0x00593B70,0x00593BD8,104
entry_00593bd0,0x00593BD0,0x00593BD4,4
entry_00593bd4,0x00593BD4,0x00593BF0,28
FUN_00593bf0,0x00593BF0,0x00593C50,84
entry_00593c3c,0x00593C3C,0x00593C4C,16
entry_00593c4c,0x00593C4C,0x00593C60,20
FUN_00593c60,0x00593C60,0x00593CBC,92
entry_00593ca0,0x00593CA0,0x00593CD0,48
FUN_00593cd0,0x00593CD0,0x00593CD8,8
FUN_00593f70,0x00593F70,0x00593F88,24
entry_00593f84,0x00593F84,0x00593F90,12
FUN_00593f90,0x00593F90,0x00594040,144
entry_00593ff0,0x00593FF0,0x00594038,72
entry_00594038,0x00594038,0x005941A0,360
FUN_005941a0,0x005941A0,0x00594230,144
entry_005941ec,0x005941EC,0x00594210,36
entry_00594210,0x00594210,0x00594218,8
entry_00594218,0x00594218,0x00594224,12
entry_00594224,0x00594224,0x0059422C,8
entry_0059422c,0x0059422C,0x00594240,20
FUN_00594240,0x00594240,0x005942D0,144
entry_0059428c,0x0059428C,0x005942B0,36
entry_005942b0,0x005942B0,0x005942B8,8
entry_005942b8,0x005942B8,0x005942C4,12
entry_005942c4,0x005942C4,0x005942CC,8
entry_005942cc,0x005942CC,0x00594460,404
FUN_00594460,0x00594460,0x00594568,140
entry_005944c8,0x005944C8,0x00594514,76
entry_00594514,0x00594514,0x00594518,4
entry_00594518,0x00594518,0x00594560,72
entry_00594560,0x00594560,0x00594580,32
FUN_00594580,0x00594580,0x005945C4,68
FUN_00594660,0x00594660,0x005946EC,140
entry_005946d4,0x005946D4,0x005947A0,204
FUN_005947a0,0x005947A0,0x005947C0,32
FUN_00594900,0x00594900,0x005949FC,76
entry_005949f4,0x005949F4,0x005949F8,4
entry_005949f8,0x005949F8,0x00594A10,24
FUN_00594a10,0x00594A10,0x00594A1C,12
FUN_00594c20,0x00594C20,0x00594C40,32
entry_00594c3c,0x00594C3C,0x00594C80,68
FUN_00594c80,0x00594C80,0x00594D5C,220
entry_00594cd8,0x00594CD8,0x00594CF8,32
entry_00594cf8,0x00594CF8,0x00594D18,32
entry_00594d18,0x00594D18,0x00594D38,32
entry_00594d38,0x00594D38,0x00594D54,28
entry_00594d54,0x00594D54,0x00594D58,4
entry_00594d58,0x00594D58,0x00594D70,24
FUN_00594d70,0x00594D70,0x00594DAC,60
entry_00594da4,0x00594DA4,0x00594DA8,4
entry_00594da8,0x00594DA8,0x00594E60,184
FUN_00594e60,0x00594E60,0x00594E9C,60
entry_00594e94,0x00594E94,0x00594E98,4
entry_00594e98,0x00594E98,0x00594F90,248
FUN_00594f90,0x00594F90,0x005951C4,564
entry_00595028,0x00595028,0x0059504C,36
entry_0059504c,0x0059504C,0x00595054,8
entry_00595054,0x00595054,0x00595078,36
entry_00595078,0x00595078,0x005950A4,44
entry_005950a4,0x005950A4,0x005950AC,8
entry_005950ac,0x005950AC,0x005950D0,36
entry_005950d0,0x005950D0,0x005950D8,8
entry_005950d8,0x005950D8,0x005950FC,36
entry_005950fc,0x005950FC,0x00595104,8
entry_00595104,0x00595104,0x00595124,32
entry_00595124,0x00595124,0x0059512C,8
entry_0059512c,0x0059512C,0x00595154,40
entry_00595154,0x00595154,0x0059515C,8
entry_0059515c,0x0059515C,0x00595184,40
entry_00595184,0x00595184,0x005951B0,44
entry_005951b0,0x005951B0,0x005951B8,8
entry_005951b8,0x005951B8,0x005951BC,4
entry_005951bc,0x005951BC,0x005951C0,4
entry_005951c0,0x005951C0,0x005951E0,32
FUN_005951e0,0x005951E0,0x005953FC,540
entry_00595278,0x00595278,0x00595298,32
entry_00595298,0x00595298,0x005952C4,44
entry_005952c4,0x005952C4,0x005952CC,8
entry_005952cc,0x005952CC,0x005952F4,40
entry_005952f4,0x005952F4,0x00595318,36
entry_00595318,0x00595318,0x00595320,8
entry_00595320,0x00595320,0x00595340,32
entry_00595340,0x00595340,0x00595364,36
entry_00595364,0x00595364,0x0059536C,8
entry_0059536c,0x0059536C,0x00595390,36
entry_00595390,0x00595390,0x00595398,8
entry_00595398,0x00595398,0x005953B8,32
entry_005953b8,0x005953B8,0x005953C0,8
entry_005953c0,0x005953C0,0x005953E8,40
entry_005953e8,0x005953E8,0x005953F0,8
entry_005953f0,0x005953F0,0x005953F4,4
entry_005953f4,0x005953F4,0x005953F8,4
entry_005953f8,0x005953F8,0x00595590,408
FUN_00595590,0x00595590,0x005955DC,76
entry_005955d4,0x005955D4,0x005955D8,4
entry_005955d8,0x005955D8,0x005955F0,24
FUN_005955f0,0x005955F0,0x0059563C,76
entry_00595634,0x00595634,0x00595638,4
entry_00595638,0x00595638,0x00595650,24
FUN_00595650,0x00595650,0x0059568C,60
entry_00595684,0x00595684,0x00595688,4
entry_00595688,0x00595688,0x005956A0,24
FUN_005956a0,0x005956A0,0x005956DC,60
entry_005956d4,0x005956D4,0x005956D8,4
entry_005956d8,0x005956D8,0x00595CC0,1512
FUN_00595cc0,0x00595CC0,0x00595CD4,20
FUN_00595eb0,0x00595EB0,0x00595EB8,8
FUN_00595f30,0x00595F30,0x00595F90,96
entry_00595f88,0x00595F88,0x00595F8C,4
entry_00595f8c,0x00595F8C,0x00595FA0,20
FUN_00595fa0,0x00595FA0,0x00596010,112
entry_00596008,0x00596008,0x0059600C,4
entry_0059600c,0x0059600C,0x00596020,20
FUN_00596020,0x00596020,0x00596118,248
entry_00596094,0x00596094,0x0059609C,8
entry_0059609c,0x0059609C,0x005960BC,32
entry_005960bc,0x005960BC,0x005960DC,32
entry_005960dc,0x005960DC,0x005960E4,8
entry_005960e4,0x005960E4,0x00596108,36
entry_00596108,0x00596108,0x0059610C,4
entry_0059610c,0x0059610C,0x00596114,8
entry_00596114,0x00596114,0x00596130,28
FUN_00596130,0x00596130,0x00596170,64
entry_00596168,0x00596168,0x0059616C,4
entry_0059616c,0x0059616C,0x00596180,20
FUN_00596180,0x00596180,0x00596188,8
FUN_005962c0,0x005962C0,0x005962DC,28
FUN_00596370,0x00596370,0x0059638C,28
FUN_00596400,0x00596400,0x0059640C,12
FUN_00596760,0x00596760,0x0059682C,120
entry_00596820,0x00596820,0x00596A30,528
FUN_00596a30,0x00596A30,0x00596A38,8
FUN_00596af0,0x00596AF0,0x00596B2C,60
entry_00596b24,0x00596B24,0x00596B40,28
FUN_00596b40,0x00596B40,0x00596B70,48
entry_00596b68,0x00596B68,0x00596B6C,4
entry_00596b6c,0x00596B6C,0x00596B80,20
FUN_00596b80,0x00596B80,0x00596BC0,64
entry_00596bb8,0x00596BB8,0x00596BBC,4
entry_00596bbc,0x00596BBC,0x00596C50,148
FUN_00596c50,0x00596C50,0x00596C80,48
entry_00596c78,0x00596C78,0x00596C7C,4
entry_00596c7c,0x00596C7C,0x00596C90,20
FUN_00596c90,0x00596C90,0x00596C9C,12
FUN_00596d30,0x00596D30,0x00596D78,72
entry_00596d70,0x00596D70,0x00596D74,4
entry_00596d74,0x00596D74,0x00596DB0,60
FUN_00596db0,0x00596DB0,0x00596E40,84
entry_00596e34,0x00596E34,0x00596FD0,412
FUN_00596fd0,0x00596FD0,0x00596FF0,32
entry_00596fec,0x00596FEC,0x00597000,20
FUN_00597000,0x00597000,0x0059709C,156
entry_0059705c,0x0059705C,0x00597088,44
entry_00597088,0x00597088,0x005970B0,40
FUN_005970b0,0x005970B0,0x005970BC,12
FUN_00597330,0x00597330,0x00597388,88
entry_00597374,0x00597374,0x005973A0,44
FUN_005973a0,0x005973A0,0x005973E0,64
entry_005973dc,0x005973DC,0x005973F0,20
FUN_005973f0,0x005973F0,0x0059746C,124
entry_00597468,0x00597468,0x00597480,24
FUN_00597480,0x00597480,0x00597510,144
entry_005974a8,0x005974A8,0x00597560,184
FUN_00597560,0x00597560,0x005975B0,80
entry_005975a8,0x005975A8,0x005975AC,4
entry_005975ac,0x005975AC,0x005975C0,20
FUN_005975c0,0x005975C0,0x0059779C,476
FUN_00597840,0x00597840,0x00597841,1
FUN_00597940,0x00597940,0x00597948,8
FUN_00597a00,0x00597A00,0x00597A0C,12
FUN_00597c00,0x00597C00,0x00597C50,60
entry_00597c48,0x00597C48,0x00597C4C,4
entry_00597c4c,0x00597C4C,0x00597CA0,84
FUN_00597ca0,0x00597CA0,0x00597CA8,8
FUN_00597d90,0x00597D90,0x00597E0C,124
entry_00597e08,0x00597E08,0x00597E60,88
FUN_00597e60,0x00597E60,0x00597E68,8
FUN_00597f20,0x00597F20,0x00597F30,16
FUN_00598460,0x00598460,0x00598474,20
FUN_00599300,0x00599300,0x00599314,20
FUN_00599590,0x00599590,0x005995A8,24
FUN_005999d0,0x005999D0,0x005999D8,8
FUN_00599c10,0x00599C10,0x00599C2C,28
FUN_00599f60,0x00599F60,0x00599F6C,12
FUN_0059a0c0,0x0059A0C0,0x0059A0D0,16
FUN_0059a280,0x0059A280,0x0059A3C4,48
entry_0059a3c0,0x0059A3C0,0x0059A410,80
FUN_0059a410,0x0059A410,0x0059A418,8
FUN_0059a4c0,0x0059A4C0,0x0059A4D0,16
FUN_0059ac40,0x0059AC40,0x0059AC9C,72
entry_0059ac8c,0x0059AC8C,0x0059ACB0,36
FUN_0059acb0,0x0059ACB0,0x0059ACBC,12
FUN_0059ad70,0x0059AD70,0x0059ADC0,80
entry_0059adb8,0x0059ADB8,0x0059ADBC,4
entry_0059adbc,0x0059ADBC,0x0059ADD0,20
FUN_0059add0,0x0059ADD0,0x0059ADE0,16
FUN_0059b200,0x0059B200,0x0059B20C,12
FUN_0059b6a0,0x0059B6A0,0x0059B6B0,16
FUN_0059b950,0x0059B950,0x0059B958,8
FUN_0059bb50,0x0059BB50,0x0059BB64,20
FUN_0059bff0,0x0059BFF0,0x0059BFF8,8
FUN_0059c8e0,0x0059C8E0,0x0059C8E8,8
FUN_0059c9f0,0x0059C9F0,0x0059C9F8,8
FUN_0059cab0,0x0059CAB0,0x0059CAC0,16
FUN_0059cca0,0x0059CCA0,0x0059CCB4,20
FUN_0059de40,0x0059DE40,0x0059DE4C,12
FUN_0059df60,0x0059DF60,0x0059DFF0,60
entry_0059dfec,0x0059DFEC,0x0059E000,20
FUN_0059e000,0x0059E000,0x0059E00C,12
FUN_0059e3d0,0x0059E3D0,0x0059E3E8,24
FUN_0059e500,0x0059E500,0x0059E514,20
FUN_0059e980,0x0059E980,0x0059E988,8
FUN_0059ec10,0x0059EC10,0x0059EDC4,200
entry_0059ec64,0x0059EC64,0x0059EC74,16
entry_0059ec74,0x0059EC74,0x0059ED98,292
entry_0059ed98,0x0059ED98,0x0059EDA4,12
entry_0059eda4,0x0059EDA4,0x0059EDAC,8
entry_0059edac,0x0059EDAC,0x0059EDB0,4
entry_0059edb0,0x0059EDB0,0x0059EDE0,48
FUN_0059ede0,0x0059EDE0,0x0059EDEC,12
FUN_0059f2e0,0x0059F2E0,0x0059F2F4,20
FUN_0059fb10,0x0059FB10,0x0059FB2C,28
FUN_0059feb0,0x0059FEB0,0x0059FEB8,8
FUN_005a0020,0x005A0020,0x005A0028,8
FUN_005a06f0,0x005A06F0,0x005A06FC,12
FUN_005a1240,0x005A1240,0x005A1258,24
FUN_005a16c0,0x005A16C0,0x005A16D0,16
FUN_005a18d0,0x005A18D0,0x005A18DC,12
FUN_005a1a60,0x005A1A60,0x005A1A74,20
FUN_005a1c70,0x005A1C70,0x005A1C7C,12
FUN_005a1e20,0x005A1E20,0x005A1E2C,12
FUN_005a1fc0,0x005A1FC0,0x005A1FC8,8
FUN_005a20d0,0x005A20D0,0x005A2114,68
entry_005a2104,0x005A2104,0x005A210C,8
entry_005a210c,0x005A210C,0x005A2110,4
entry_005a2110,0x005A2110,0x005A2120,16
FUN_005a2120,0x005A2120,0x005A2138,24
FUN_005a2710,0x005A2710,0x005A2720,16
FUN_005a2990,0x005A2990,0x005A29A0,16
FUN_005a2bb0,0x005A2BB0,0x005A2BC4,20
FUN_005a2fc0,0x005A2FC0,0x005A2FD0,16
entry_005a338c,0x005A338C,0x005A3440,180
entry_005a3440,0x005A3440,0x005A3488,72
entry_005a3488,0x005A3488,0x005A349C,20
entry_005a349c,0x005A349C,0x005A34B0,20
entry_005a34b0,0x005A34B0,0x005A34DC,44
entry_005a34dc,0x005A34DC,0x005A34EC,16
entry_005a34ec,0x005A34EC,0x005A350C,32
entry_005a350c,0x005A350C,0x005A3514,8
entry_005a3514,0x005A3514,0x005A3540,44
entry_005a3540,0x005A3540,0x005A3550,16
entry_005a3550,0x005A3550,0x005A3588,56
entry_005a3588,0x005A3588,0x005A3590,8
entry_005a3590,0x005A3590,0x005A35E0,80
entry_005a35e0,0x005A35E0,0x005A3638,88
entry_005a3638,0x005A3638,0x005A3690,88
FUN_005a3690,0x005A3690,0x005A382C,180
entry_005a36cc,0x005A36CC,0x005A36D0,4
entry_005a36d0,0x005A36D0,0x005A3704,52
entry_005a3704,0x005A3704,0x005A370C,8
entry_005a370c,0x005A370C,0x005A3710,4
entry_005a3710,0x005A3710,0x005A371C,12
entry_005a371c,0x005A371C,0x005A372C,16
entry_005a372c,0x005A372C,0x005A3828,252
entry_005a3828,0x005A3828,0x005A3840,24
FUN_005a3840,0x005A3840,0x005A3848,8
FUN_005a3970,0x005A3970,0x005A39F4,132
entry_005a39c8,0x005A39C8,0x005A39F0,40
entry_005a39f0,0x005A39F0,0x005A3A00,16
FUN_005a3a00,0x005A3A00,0x005A3A20,32
FUN_005a3a30,0x005A3A30,0x005A3B98,360
entry_005a3b94,0x005A3B94,0x005A3BC0,44
FUN_005a3bc0,0x005A3BC0,0x005A3C68,168
entry_005a3c18,0x005A3C18,0x005A3C30,24
entry_005a3c30,0x005A3C30,0x005A3C60,48
entry_005a3c60,0x005A3C60,0x005A3C64,4
entry_005a3c64,0x005A3C64,0x005A3C80,28
FUN_005a3c80,0x005A3C80,0x005A3CE8,104
FUN_005a3d30,0x005A3D30,0x005A3D34,4
FUN_005a3d40,0x005A3D40,0x005A3D4C,12
FUN_005a4320,0x005A4320,0x005A4360,64
entry_005a4344,0x005A4344,0x005A4370,44
FUN_005a4370,0x005A4370,0x005A4408,148
entry_005a43b0,0x005A43B0,0x005A43CC,28
entry_005a43cc,0x005A43CC,0x005A43EC,32
entry_005a43ec,0x005A43EC,0x005A4400,20
entry_005a4400,0x005A4400,0x005A4404,4
entry_005a4404,0x005A4404,0x005A4470,108
FUN_005a4470,0x005A4470,0x005A4471,1
FUN_005a4490,0x005A4490,0x005A44B4,36
FUN_005a44f0,0x005A44F0,0x005A4594,164
entry_005a4538,0x005A4538,0x005A454C,20
entry_005a454c,0x005A454C,0x005A4558,12
entry_005a4558,0x005A4558,0x005A455C,4
entry_005a455c,0x005A455C,0x005A4584,40
entry_005a4584,0x005A4584,0x005A45C0,60
FUN_005a45c0,0x005A45C0,0x005A463C,124
entry_005a4614,0x005A4614,0x005A4634,32
entry_005a4634,0x005A4634,0x005A4650,28
FUN_005a4650,0x005A4650,0x005A46A4,84
entry_005a4678,0x005A4678,0x005A468C,20
entry_005a468c,0x005A468C,0x005A4698,12
entry_005a4698,0x005A4698,0x005A47E0,328
FUN_005a47e0,0x005A47E0,0x005A4800,32
FUN_005a4ed0,0x005A4ED0,0x005A4EE4,20
FUN_005a4f40,0x005A4F40,0x005A4F64,36
FUN_005a5060,0x005A5060,0x005A5140,224
entry_005a50b0,0x005A50B0,0x005A510C,92
entry_005a510c,0x005A510C,0x005A513C,48
entry_005a513c,0x005A513C,0x005A5150,20
FUN_005a5150,0x005A5150,0x005A516C,28
FUN_005a51c0,0x005A51C0,0x005A51DC,28
FUN_005a5240,0x005A5240,0x005A525C,28
FUN_005a52e0,0x005A52E0,0x005A52FC,28
FUN_005a5390,0x005A5390,0x005A53D4,68
entry_005a53cc,0x005A53CC,0x005A53E0,20
FUN_005a53e0,0x005A53E0,0x005A54BC,220
entry_005a542c,0x005A542C,0x005A5430,4
entry_005a5430,0x005A5430,0x005A5460,48
entry_005a5460,0x005A5460,0x005A547C,28
entry_005a547c,0x005A547C,0x005A5488,12
entry_005a5488,0x005A5488,0x005A548C,4
entry_005a548c,0x005A548C,0x005A54B0,36
entry_005a54b0,0x005A54B0,0x005A54D0,32
FUN_005a54d0,0x005A54D0,0x005A5520,80
entry_005a5514,0x005A5514,0x005A5530,28
FUN_005a5530,0x005A5530,0x005A55FC,204
FUN_005a5770,0x005A5770,0x005A588C,60
entry_005a587c,0x005A587C,0x005A58A0,36
FUN_005a58a0,0x005A58A0,0x005A58B0,16
FUN_005a59f0,0x005A59F0,0x005A5A00,16
FUN_005a5ce0,0x005A5CE0,0x005A5CF8,24
FUN_005a5fe0,0x005A5FE0,0x005A5FF0,16
FUN_005a6310,0x005A6310,0x005A632C,28
FUN_005a6400,0x005A6400,0x005A64B0,176
entry_005a6444,0x005A6444,0x005A645C,24
entry_005a645c,0x005A645C,0x005A6474,24
entry_005a6474,0x005A6474,0x005A6488,20
entry_005a6488,0x005A6488,0x005A648C,4
entry_005a648c,0x005A648C,0x005A64A8,28
entry_005a64a8,0x005A64A8,0x005A64AC,4
entry_005a64ac,0x005A64AC,0x005A64C0,20
FUN_005a64c0,0x005A64C0,0x005A64C8,8
FUN_005a6700,0x005A6700,0x005A6710,16
FUN_005a69d0,0x005A69D0,0x005A69D1,1
FUN_005a69e0,0x005A69E0,0x005A69F0,16
FUN_005a6c20,0x005A6C20,0x005A6C28,8
FUN_005a6e40,0x005A6E40,0x005A6E64,36
entry_005a6e80,0x005A6E80,0x005A7000,384
FUN_005a7000,0x005A7000,0x005A700C,12
FUN_005a7410,0x005A7410,0x005A74F4,228
entry_005a7464,0x005A7464,0x005A7484,32
entry_005a7484,0x005A7484,0x005A74A4,32
entry_005a74a4,0x005A74A4,0x005A74AC,8
entry_005a74ac,0x005A74AC,0x005A74B4,8
entry_005a74b4,0x005A74B4,0x005A74D0,28
entry_005a74d0,0x005A74D0,0x005A74EC,28
entry_005a74ec,0x005A74EC,0x005A7510,36
FUN_005a7510,0x005A7510,0x005A7600,52
entry_005a7534,0x005A7534,0x005A75FC,200
entry_005a75fc,0x005A75FC,0x005A7610,20
FUN_005a7610,0x005A7610,0x005A761C,12
FUN_005a76f0,0x005A76F0,0x005A78E4,92
entry_005a78d8,0x005A78D8,0x005A7910,56
FUN_005a7910,0x005A7910,0x005A7F18,92
entry_005a7f10,0x005A7F10,0x005A7F30,32
FUN_005a7f30,0x005A7F30,0x005A80D4,208
entry_005a8058,0x005A8058,0x005A8090,56
entry_005a8090,0x005A8090,0x005A80BC,44
entry_005a80bc,0x005A80BC,0x005A80C0,4
entry_005a80c0,0x005A80C0,0x005A80D0,16
entry_005a80d0,0x005A80D0,0x005A80F0,32
FUN_005a80f0,0x005A80F0,0x005A80FC,12
FUN_005a8490,0x005A8490,0x005A84A0,16
FUN_005a9610,0x005A9610,0x005A9618,8
FUN_005a9d10,0x005A9D10,0x005A9DEC,216
entry_005a9d4c,0x005A9D4C,0x005A9DCC,128
entry_005a9dcc,0x005A9DCC,0x005A9DE4,24
entry_005a9de4,0x005A9DE4,0x005A9E00,28
FUN_005a9e00,0x005A9E00,0x005A9E5C,92
entry_005a9e38,0x005A9E38,0x005A9E4C,20
entry_005a9e4c,0x005A9E4C,0x005A9E54,8
entry_005a9e54,0x005A9E54,0x005A9E80,44
FUN_005a9e80,0x005A9E80,0x005A9F34,180
entry_005a9ec0,0x005A9EC0,0x005A9EC4,4
entry_005a9ec4,0x005A9EC4,0x005A9EF0,44
entry_005a9ef0,0x005A9EF0,0x005A9EF8,8
entry_005a9ef8,0x005A9EF8,0x005A9F00,8
entry_005a9f00,0x005A9F00,0x005A9F04,4
entry_005a9f04,0x005A9F04,0x005A9F08,4
entry_005a9f08,0x005A9F08,0x005A9F2C,36
entry_005a9f2c,0x005A9F2C,0x005A9F30,4
entry_005a9f30,0x005A9F30,0x005A9F40,16
FUN_005a9f40,0x005A9F40,0x005A9F54,20
FUN_005a9fe0,0x005A9FE0,0x005A9FF8,24
FUN_005aa0d0,0x005AA0D0,0x005AA0DC,12
FUN_005aa100,0x005AA100,0x005AA114,20
FUN_005aa180,0x005AA180,0x005AA194,20
FUN_005aa250,0x005AA250,0x005AA268,24
FUN_005aa570,0x005AA570,0x005AA57C,12
FUN_005aa740,0x005AA740,0x005AA754,20
FUN_005aa9a0,0x005AA9A0,0x005AA9B0,16
FUN_005aab30,0x005AAB30,0x005AAB3C,12
FUN_005aaee0,0x005AAEE0,0x005AAF10,48
FUN_005ab070,0x005AB070,0x005AB080,16
FUN_005ab1c0,0x005AB1C0,0x005AB210,80
entry_005ab20c,0x005AB20C,0x005AB3E0,468
FUN_005ab3e0,0x005AB3E0,0x005AB3F0,16
FUN_005abb20,0x005ABB20,0x005ABB38,24
FUN_005abb40,0x005ABB40,0x005ABB64,36
FUN_005abc10,0x005ABC10,0x005ABC38,40
FUN_005abc90,0x005ABC90,0x005ABF0C,116
entry_005abe08,0x005ABE08,0x005ABF04,252
entry_005abf04,0x005ABF04,0x005ABF20,28
FUN_005abf20,0x005ABF20,0x005ABF21,1
FUN_005abf50,0x005ABF50,0x005ABF5C,12
FUN_005abf80,0x005ABF80,0x005ABFF0,112
entry_005abfc4,0x005ABFC4,0x005ABFE8,36
entry_005abfe8,0x005ABFE8,0x005ABFEC,4
entry_005abfec,0x005ABFEC,0x005AC000,20
FUN_005ac000,0x005AC000,0x005AC0B8,184
FUN_005ac180,0x005AC180,0x005AC1E0,96
entry_005ac1c0,0x005AC1C0,0x005AC1D8,24
entry_005ac1d8,0x005AC1D8,0x005AC1DC,4
entry_005ac1dc,0x005AC1DC,0x005AC1F0,20
FUN_005ac1f0,0x005AC1F0,0x005AC208,24
FUN_005ac6a0,0x005AC6A0,0x005AC6B4,20
FUN_005acb90,0x005ACB90,0x005ACB9C,12
FUN_005acd10,0x005ACD10,0x005ACD1C,12
FUN_005ad270,0x005AD270,0x005AD278,8
FUN_005adbf0,0x005ADBF0,0x005ADC10,32
FUN_005ade50,0x005ADE50,0x005ADE5C,12
FUN_005ae250,0x005AE250,0x005AE25C,12
FUN_005af070,0x005AF070,0x005AF33C,688
entry_005af0e0,0x005AF0E0,0x005AF120,64
entry_005af120,0x005AF120,0x005AF920,2048
FUN_005af920,0x005AF920,0x005AF94C,44
FUN_005af970,0x005AF970,0x005AF988,24
FUN_005afb60,0x005AFB60,0x005AFBC0,96
entry_005afba0,0x005AFBA0,0x005AFBB8,24
entry_005afbb8,0x005AFBB8,0x005AFBBC,4
entry_005afbbc,0x005AFBBC,0x005AFBD0,20
FUN_005afbd0,0x005AFBD0,0x005AFC30,96
entry_005afc10,0x005AFC10,0x005AFC28,24
entry_005afc28,0x005AFC28,0x005AFC2C,4
entry_005afc2c,0x005AFC2C,0x005AFC40,20
FUN_005afc40,0x005AFC40,0x005AFCA0,96
entry_005afc80,0x005AFC80,0x005AFC98,24
entry_005afc98,0x005AFC98,0x005AFC9C,4
entry_005afc9c,0x005AFC9C,0x005AFCB0,20
FUN_005afcb0,0x005AFCB0,0x005AFD10,96
entry_005afcf0,0x005AFCF0,0x005AFD08,24
entry_005afd08,0x005AFD08,0x005AFD0C,4
entry_005afd0c,0x005AFD0C,0x005AFD20,20
FUN_005afd20,0x005AFD20,0x005AFD80,96
entry_005afd60,0x005AFD60,0x005AFD78,24
entry_005afd78,0x005AFD78,0x005AFD7C,4
entry_005afd7c,0x005AFD7C,0x005AFDE0,100
FUN_005afde0,0x005AFDE0,0x005AFECC,236
entry_005afec8,0x005AFEC8,0x005AFEE0,24
FUN_005afee0,0x005AFEE0,0x005AFF24,68
entry_005afef0,0x005AFEF0,0x005AFF14,36
entry_005aff14,0x005AFF14,0x005AFF30,28
FUN_005aff30,0x005AFF30,0x005AFFF4,196
entry_005aff6c,0x005AFF6C,0x005AFF84,24
entry_005aff84,0x005AFF84,0x005AFF9C,24
entry_005aff9c,0x005AFF9C,0x005AFFD0,52
entry_005affd0,0x005AFFD0,0x005AFFD8,8
entry_005affd8,0x005AFFD8,0x005AFFEC,20
entry_005affec,0x005AFFEC,0x005AFFF0,4
entry_005afff0,0x005AFFF0,0x005B0000,16
FUN_005b0000,0x005B0000,0x005B00E0,224
entry_005b0030,0x005B0030,0x005B0070,64
entry_005b0070,0x005B0070,0x005B0078,8
entry_005b0078,0x005B0078,0x005B0080,8
entry_005b0080,0x005B0080,0x005B0088,8
entry_005b0088,0x005B0088,0x005B0090,8
entry_005b0090,0x005B0090,0x005B009C,12
entry_005b009c,0x005B009C,0x005B00B4,24
entry_005b00b4,0x005B00B4,0x005B00BC,8
entry_005b00bc,0x005B00BC,0x005B00D0,20
entry_005b00d0,0x005B00D0,0x005B00F0,32
FUN_005b00f0,0x005B00F0,0x005B0520,1072
entry_005b01b8,0x005B01B8,0x005B01D4,28
entry_005b01d4,0x005B01D4,0x005B01FC,40
entry_005b01fc,0x005B01FC,0x005B0208,12
entry_005b0208,0x005B0208,0x005B0230,40
entry_005b0230,0x005B0230,0x005B023C,12
entry_005b023c,0x005B023C,0x005B0254,24
entry_005b0254,0x005B0254,0x005B0264,16
entry_005b0264,0x005B0264,0x005B027C,24
entry_005b027c,0x005B027C,0x005B028C,16
entry_005b028c,0x005B028C,0x005B02A0,20
entry_005b02a0,0x005B02A0,0x005B02B8,24
entry_005b02b8,0x005B02B8,0x005B02C8,16
entry_005b02c8,0x005B02C8,0x005B02D8,16
entry_005b02d8,0x005B02D8,0x005B02EC,20
entry_005b02ec,0x005B02EC,0x005B0304,24
entry_005b0304,0x005B0304,0x005B0314,16
entry_005b0314,0x005B0314,0x005B0324,16
entry_005b0324,0x005B0324,0x005B0338,20
entry_005b0338,0x005B0338,0x005B034C,20
entry_005b034c,0x005B034C,0x005B0368,28
entry_005b0368,0x005B0368,0x005B0380,24
entry_005b0380,0x005B0380,0x005B0390,16
entry_005b0390,0x005B0390,0x005B03A8,24
entry_005b03a8,0x005B03A8,0x005B03B8,16
entry_005b03b8,0x005B03B8,0x005B03CC,20
entry_005b03cc,0x005B03CC,0x005B03E4,24
entry_005b03e4,0x005B03E4,0x005B03F4,16
entry_005b03f4,0x005B03F4,0x005B0404,16
entry_005b0404,0x005B0404,0x005B0418,20
entry_005b0418,0x005B0418,0x005B0430,24
entry_005b0430,0x005B0430,0x005B0440,16
entry_005b0440,0x005B0440,0x005B0450,16
entry_005b0450,0x005B0450,0x005B0464,20
entry_005b0464,0x005B0464,0x005B0478,20
entry_005b0478,0x005B0478,0x005B0494,28
entry_005b0494,0x005B0494,0x005B04AC,24
entry_005b04ac,0x005B04AC,0x005B04BC,16
entry_005b04bc,0x005B04BC,0x005B04D8,28
entry_005b04d8,0x005B04D8,0x005B04E0,8
entry_005b04e0,0x005B04E0,0x005B0504,36
entry_005b0504,0x005B0504,0x005B0510,12
entry_005b0510,0x005B0510,0x005B0720,528
FUN_005b0720,0x005B0720,0x005B082C,252
entry_005b0744,0x005B0744,0x005B0770,44
entry_005b0770,0x005B0770,0x005B078C,28
entry_005b078c,0x005B078C,0x005B0794,8
entry_005b0794,0x005B0794,0x005B07AC,24
entry_005b07ac,0x005B07AC,0x005B07F8,76
entry_005b07f8,0x005B07F8,0x005B0804,12
entry_005b0804,0x005B0804,0x005B0810,12
entry_005b0810,0x005B0810,0x005B081C,12
entry_005b081c,0x005B081C,0x005B0824,8
entry_005b0824,0x005B0824,0x005B08E0,188
FUN_005b08e0,0x005B08E0,0x005B096C,140
entry_005b0904,0x005B0904,0x005B0930,44
entry_005b0930,0x005B0930,0x005B094C,28
entry_005b094c,0x005B094C,0x005B0954,8
entry_005b0954,0x005B0954,0x005B09B0,92
FUN_005b09b0,0x005B09B0,0x005B09E0,48
entry_005b09dc,0x005B09DC,0x005B09F0,20
FUN_005b09f0,0x005B09F0,0x005B0A54,100
entry_005b0a14,0x005B0A14,0x005B0A38,36
entry_005b0a38,0x005B0A38,0x005B0A40,8
entry_005b0a40,0x005B0A40,0x005B0A4C,12
entry_005b0a4c,0x005B0A4C,0x005B0A60,20
FUN_005b0a60,0x005B0A60,0x005B0A68,8
FUN_005b0b90,0x005B0B90,0x005B0BEC,92
entry_005b0ba8,0x005B0BA8,0x005B0BB8,16
entry_005b0bb8,0x005B0BB8,0x005B0BD0,24
entry_005b0bd0,0x005B0BD0,0x005B0BD8,8
entry_005b0bd8,0x005B0BD8,0x005B0BE4,12
entry_005b0be4,0x005B0BE4,0x005B0C00,28
FUN_005b0c00,0x005B0C00,0x005B0C5C,92
entry_005b0c20,0x005B0C20,0x005B0C3C,28
entry_005b0c3c,0x005B0C3C,0x005B0C44,8
entry_005b0c44,0x005B0C44,0x005B0C54,16
entry_005b0c54,0x005B0C54,0x005B0CC0,108
FUN_005b0cc0,0x005B0CC0,0x005B0D24,100
entry_005b0ce8,0x005B0CE8,0x005B0D04,28
entry_005b0d04,0x005B0D04,0x005B0D0C,8
entry_005b0d0c,0x005B0D0C,0x005B0D1C,16
entry_005b0d1c,0x005B0D1C,0x005B0D30,20
FUN_005b0d30,0x005B0D30,0x005B0D44,20
FUN_005b0f40,0x005B0F40,0x005B0F48,8
FUN_005b1630,0x005B1630,0x005B163C,12
FUN_005b1d70,0x005B1D70,0x005B1D94,36
FUN_005b1da0,0x005B1DA0,0x005B1DA8,8
FUN_005b1e60,0x005B1E60,0x005B1E68,8
FUN_005b1ed0,0x005B1ED0,0x005B1ED8,8
FUN_005b1fa0,0x005B1FA0,0x005B1FC0,32
FUN_005b2030,0x005B2030,0x005B2040,16
FUN_005b2320,0x005B2320,0x005B2328,8
FUN_005b2430,0x005B2430,0x005B2450,32
FUN_005b2680,0x005B2680,0x005B2690,16
FUN_005b34a0,0x005B34A0,0x005B34B0,16
FUN_005b45e0,0x005B45E0,0x005B45F4,20
FUN_005b47f0,0x005B47F0,0x005B4870,108
entry_005b4824,0x005B4824,0x005B4848,36
entry_005b4848,0x005B4848,0x005B4868,32
entry_005b4868,0x005B4868,0x005B486C,4
entry_005b486c,0x005B486C,0x005B4880,20
FUN_005b4880,0x005B4880,0x005B4960,224
entry_005b48c0,0x005B48C0,0x005B491C,92
entry_005b491c,0x005B491C,0x005B492C,16
entry_005b492c,0x005B492C,0x005B493C,16
entry_005b493c,0x005B493C,0x005B4958,28
entry_005b4958,0x005B4958,0x005B495C,4
entry_005b495c,0x005B495C,0x005B4970,20
FUN_005b4970,0x005B4970,0x005B4980,16
FUN_005b4ba0,0x005B4BA0,0x005B4BF0,72
entry_005b4be8,0x005B4BE8,0x005B4C00,24
FUN_005b4c00,0x005B4C00,0x005B4CA0,68
entry_005b4c98,0x005B4C98,0x005B4CB0,24
FUN_005b4cb0,0x005B4CB0,0x005B4CF4,68
entry_005b4cec,0x005B4CEC,0x005B4CF0,4
entry_005b4cf0,0x005B4CF0,0x005B4D00,16
FUN_005b4d00,0x005B4D00,0x005B4D38,56
entry_005b4d30,0x005B4D30,0x005B4D34,4
entry_005b4d34,0x005B4D34,0x005B4D40,12
FUN_005b4d40,0x005B4D40,0x005B4D88,40
entry_005b4d84,0x005B4D84,0x005B4D90,12
FUN_005b4d90,0x005B4D90,0x005B4E4C,188
entry_005b4dd4,0x005B4DD4,0x005B4DEC,24
entry_005b4dec,0x005B4DEC,0x005B4E04,24
entry_005b4e04,0x005B4E04,0x005B4E1C,24
entry_005b4e1c,0x005B4E1C,0x005B4E34,24
entry_005b4e34,0x005B4E34,0x005B4E48,20
entry_005b4e48,0x005B4E48,0x005B4E60,24
FUN_005b4e60,0x005B4E60,0x005B4F10,176
entry_005b4ea4,0x005B4EA4,0x005B4EB8,20
entry_005b4eb8,0x005B4EB8,0x005B4ECC,20
entry_005b4ecc,0x005B4ECC,0x005B4EE0,20
entry_005b4ee0,0x005B4EE0,0x005B4EF4,20
entry_005b4ef4,0x005B4EF4,0x005B4F08,20
entry_005b4f08,0x005B4F08,0x005B4F20,24
FUN_005b4f20,0x005B4F20,0x005B4F68,72
entry_005b4f50,0x005B4F50,0x005B4F64,20
entry_005b4f64,0x005B4F64,0x005B4F80,28
FUN_005b4f80,0x005B4F80,0x005B4FDC,48
entry_005b4fd8,0x005B4FD8,0x005B4FF0,24
FUN_005b4ff0,0x005B4FF0,0x005B4FF8,8
FUN_005b5150,0x005B5150,0x005B5158,8
FUN_005b5360,0x005B5360,0x005B5368,8
FUN_005b54c0,0x005B54C0,0x005B54F0,48
entry_005b54e8,0x005B54E8,0x005B54EC,4
entry_005b54ec,0x005B54EC,0x005B5500,20
FUN_005b5500,0x005B5500,0x005B5518,24
FUN_005b5680,0x005B5680,0x005B568C,12
FUN_005b5730,0x005B5730,0x005B5738,8
FUN_005b58a0,0x005B58A0,0x005B58AC,12
FUN_005b59c0,0x005B59C0,0x005B59CC,12
FUN_005b5a90,0x005B5A90,0x005B5AC0,48
FUN_005b5ad0,0x005B5AD0,0x005B5AF4,36
FUN_005b5b10,0x005B5B10,0x005B5B9C,140
entry_005b5b38,0x005B5B38,0x005B5B74,60
entry_005b5b74,0x005B5B74,0x005B5B7C,8
entry_005b5b7c,0x005B5B7C,0x005B5BB0,52
FUN_005b5bb0,0x005B5BB0,0x005B5C04,84
entry_005b5c00,0x005B5C00,0x005B5C10,16
FUN_005b5c10,0x005B5C10,0x005B5C24,20
FUN_005b5d30,0x005B5D30,0x005B5DA0,112
entry_005b5d70,0x005B5D70,0x005B5D9C,44
entry_005b5d9c,0x005B5D9C,0x005B5DB0,20
FUN_005b5db0,0x005B5DB0,0x005B5DD0,32
entry_005b5dcc,0x005B5DCC,0x005B5DE0,20
FUN_005b5de0,0x005B5DE0,0x005B5DEC,12
entry_005b6080,0x005B6080,0x005B60C0,64
FUN_005b60c0,0x005B60C0,0x005B6184,196
entry_005b6100,0x005B6100,0x005B6158,88
entry_005b6158,0x005B6158,0x005B617C,36
entry_005b617c,0x005B617C,0x005B6180,4
entry_005b6180,0x005B6180,0x005B61A0,32
FUN_005b61a0,0x005B61A0,0x005B61A4,4
FUN_005b61b0,0x005B61B0,0x005B61B4,4
FUN_005b61c0,0x005B61C0,0x005B61C1,1
FUN_005b61d0,0x005B61D0,0x005B61E8,24
FUN_005b6260,0x005B6260,0x005B626C,12
FUN_005b6310,0x005B6310,0x005B6318,8
FUN_005b6390,0x005B6390,0x005B639C,12
FUN_005b6530,0x005B6530,0x005B6540,16
FUN_005b67f0,0x005B67F0,0x005B6804,20
FUN_005b6a70,0x005B6A70,0x005B6A7C,12
FUN_005b6fe0,0x005B6FE0,0x005B6FF0,16
FUN_005b8090,0x005B8090,0x005B809C,12
FUN_005b8350,0x005B8350,0x005B83B8,104
entry_005b839c,0x005B839C,0x005B83B0,20
entry_005b83b0,0x005B83B0,0x005B83B4,4
entry_005b83b4,0x005B83B4,0x005B83D0,28
FUN_005b83d0,0x005B83D0,0x005B83F4,36
FUN_005b8460,0x005B8460,0x005B8478,24
FUN_005b86e0,0x005B86E0,0x005B86EC,12
FUN_005b8d90,0x005B8D90,0x005B8DA4,20
FUN_005b93c0,0x005B93C0,0x005B93D0,16
FUN_005b96c0,0x005B96C0,0x005B96C8,8
FUN_005b99c0,0x005B99C0,0x005B99D4,20
FUN_005b9ae0,0x005B9AE0,0x005B9AF0,16
FUN_005b9fa0,0x005B9FA0,0x005B9FB0,16
FUN_005ba360,0x005BA360,0x005BA374,20
FUN_005bb050,0x005BB050,0x005BB051,1
FUN_005bb060,0x005BB060,0x005BB070,16
FUN_005bb2d0,0x005BB2D0,0x005BB2DC,12
FUN_005bb4c0,0x005BB4C0,0x005BB4C8,8
FUN_005bb880,0x005BB880,0x005BB890,16
FUN_005bba30,0x005BBA30,0x005BBA3C,12
FUN_005bbc10,0x005BBC10,0x005BBC24,20
FUN_005bbd80,0x005BBD80,0x005BBDF0,112
entry_005bbdac,0x005BBDAC,0x005BBDBC,16
entry_005bbdbc,0x005BBDBC,0x005BBDE4,40
entry_005bbde4,0x005BBDE4,0x005BBDEC,8
entry_005bbdec,0x005BBDEC,0x005BBE00,20
FUN_005bbe00,0x005BBE00,0x005BBE1C,28
FUN_005bc210,0x005BC210,0x005BC224,20
FUN_005bc630,0x005BC630,0x005BC638,8
FUN_005bc710,0x005BC710,0x005BC720,16
FUN_005bc970,0x005BC970,0x005BC97C,12
FUN_005bcb40,0x005BCB40,0x005BCBB4,116
entry_005bcbac,0x005BCBAC,0x005BCBD0,36
FUN_005bcbd0,0x005BCBD0,0x005BCC24,84
entry_005bcc18,0x005BCC18,0x005BCC20,8
entry_005bcc20,0x005BCC20,0x005BCC30,16
FUN_005bcc30,0x005BCC30,0x005BCD34,80
entry_005bcd10,0x005BCD10,0x005BCD2C,28
entry_005bcd2c,0x005BCD2C,0x005BCD50,36
FUN_005bcd50,0x005BCD50,0x005BCD6C,28
FUN_005bcf60,0x005BCF60,0x005BCFBC,92
entry_005bcf74,0x005BCF74,0x005BCF98,36
entry_005bcf98,0x005BCF98,0x005BCFB0,24
entry_005bcfb0,0x005BCFB0,0x005BCFB8,8
entry_005bcfb8,0x005BCFB8,0x005BCFD0,24
FUN_005bcfd0,0x005BCFD0,0x005BCFDC,12
FUN_005bd0c0,0x005BD0C0,0x005BD0D8,24
FUN_005bd2a0,0x005BD2A0,0x005BD2BC,28
FUN_005bd820,0x005BD820,0x005BD83C,28
FUN_005bdac0,0x005BDAC0,0x005BDAD4,20
FUN_005bdce0,0x005BDCE0,0x005BDCEC,12
FUN_005bdea0,0x005BDEA0,0x005BDEB4,20
FUN_005be160,0x005BE160,0x005BE16C,12
FUN_005be260,0x005BE260,0x005BE270,16
FUN_005be4a0,0x005BE4A0,0x005BE4F0,80
entry_005be4e8,0x005BE4E8,0x005BE4EC,4
entry_005be4ec,0x005BE4EC,0x005BE500,20
FUN_005be500,0x005BE500,0x005BE50C,12
FUN_005be5f0,0x005BE5F0,0x005BE604,20
FUN_005be7e0,0x005BE7E0,0x005BE7EC,12
FUN_005be9b0,0x005BE9B0,0x005BE9C0,16
FUN_005bebb0,0x005BEBB0,0x005BEBC4,20
FUN_005bef00,0x005BEF00,0x005BEF1C,28
FUN_005bf190,0x005BF190,0x005BF1A4,20
FUN_005bf290,0x005BF290,0x005BF29C,12
FUN_005bf710,0x005BF710,0x005BF71C,12
FUN_005bf810,0x005BF810,0x005BF824,20
FUN_005bf900,0x005BF900,0x005BF910,16
FUN_005bfb00,0x005BFB00,0x005BFB10,16
FUN_005bff40,0x005BFF40,0x005BFF54,20
FUN_005c0090,0x005C0090,0x005C009C,12
FUN_005c0180,0x005C0180,0x005C0198,24
FUN_005c0250,0x005C0250,0x005C025C,12
FUN_005c03e0,0x005C03E0,0x005C03E8,8
FUN_005c0970,0x005C0970,0x005C0A48,100
entry_005c09a0,0x005C09A0,0x005C09A8,8
entry_005c09a8,0x005C09A8,0x005C09C8,32
entry_005c09c8,0x005C09C8,0x005C0A44,124
entry_005c0a44,0x005C0A44,0x005C0A60,28
FUN_005c0a60,0x005C0A60,0x005C0A6C,12
FUN_005c0bb0,0x005C0BB0,0x005C0BB8,8
FUN_005c0d00,0x005C0D00,0x005C0D0C,12
FUN_005c0e50,0x005C0E50,0x005C0EC0,112
entry_005c0e74,0x005C0E74,0x005C0E98,36
entry_005c0e98,0x005C0E98,0x005C0E9C,4
entry_005c0e9c,0x005C0E9C,0x005C0EB8,28
entry_005c0eb8,0x005C0EB8,0x005C0EBC,4
entry_005c0ebc,0x005C0EBC,0x005C0ED0,20
FUN_005c0ed0,0x005C0ED0,0x005C0EDC,12
FUN_005c1060,0x005C1060,0x005C1070,16
FUN_005c11e0,0x005C11E0,0x005C11EC,12
FUN_005c12c0,0x005C12C0,0x005C12CC,12
FUN_005c13c0,0x005C13C0,0x005C13CC,12
FUN_005c14c0,0x005C14C0,0x005C14D8,24
FUN_005c1650,0x005C1650,0x005C1660,16
FUN_005c17e0,0x005C17E0,0x005C17EC,12
FUN_005c1900,0x005C1900,0x005C1908,8
FUN_005c1990,0x005C1990,0x005C199C,12
FUN_005c1bb0,0x005C1BB0,0x005C1BB8,8
FUN_005c1ca0,0x005C1CA0,0x005C1CA8,8
FUN_005c1d70,0x005C1D70,0x005C1D7C,12
FUN_005c1f90,0x005C1F90,0x005C1F9C,12
FUN_005c23d0,0x005C23D0,0x005C23DC,12
FUN_005c2730,0x005C2730,0x005C2738,8
FUN_005c2d10,0x005C2D10,0x005C2D20,16
FUN_005c2e60,0x005C2E60,0x005C2E70,16
FUN_005c32f0,0x005C32F0,0x005C32FC,12
FUN_005c3790,0x005C3790,0x005C3798,8
FUN_005c4a10,0x005C4A10,0x005C4A1C,12
FUN_005c4df0,0x005C4DF0,0x005C4DF8,8
FUN_005c4f50,0x005C4F50,0x005C5088,312
entry_005c4f90,0x005C4F90,0x005C4F98,8
entry_005c4f98,0x005C4F98,0x005C4FA0,8
entry_005c4fa0,0x005C4FA0,0x005C4FC4,36
entry_005c4fc4,0x005C4FC4,0x005C4FC8,4
entry_005c4fc8,0x005C4FC8,0x005C4FE8,32
entry_005c4fe8,0x005C4FE8,0x005C4FF0,8
entry_005c4ff0,0x005C4FF0,0x005C5014,36
entry_005c5014,0x005C5014,0x005C5018,4
entry_005c5018,0x005C5018,0x005C5038,32
entry_005c5038,0x005C5038,0x005C5040,8
entry_005c5040,0x005C5040,0x005C5064,36
entry_005c5064,0x005C5064,0x005C5068,4
entry_005c5068,0x005C5068,0x005C5080,24
entry_005c5080,0x005C5080,0x005C5084,4
entry_005c5084,0x005C5084,0x005C50A0,28
FUN_005c50a0,0x005C50A0,0x005C50BC,28
FUN_005c5230,0x005C5230,0x005C5240,16
FUN_005c5fe0,0x005C5FE0,0x005C5FF4,20
FUN_005c6310,0x005C6310,0x005C6364,84
entry_005c6358,0x005C6358,0x005C6360,8
entry_005c6360,0x005C6360,0x005C6370,16
FUN_005c6370,0x005C6370,0x005C63B8,72
entry_005c63b0,0x005C63B0,0x005C63B4,4
entry_005c63b4,0x005C63B4,0x005C63C0,12
FUN_005c63c0,0x005C63C0,0x005C63C8,8
FUN_005c65d0,0x005C65D0,0x005C65E4,20
FUN_005c67c0,0x005C67C0,0x005C6908,328
entry_005c67e4,0x005C67E4,0x005C6814,48
entry_005c6814,0x005C6814,0x005C681C,8
entry_005c681c,0x005C681C,0x005C6868,76
entry_005c6868,0x005C6868,0x005C687C,20
entry_005c687c,0x005C687C,0x005C68AC,48
entry_005c68ac,0x005C68AC,0x005C68B4,8
entry_005c68b4,0x005C68B4,0x005C6900,76
entry_005c6900,0x005C6900,0x005C6920,32
FUN_005c6920,0x005C6920,0x005C692C,12
FUN_005c6b40,0x005C6B40,0x005C6B58,24
FUN_005c85b0,0x005C85B0,0x005C85BC,12
FUN_005c86b0,0x005C86B0,0x005C86D0,32
FUN_005c88b0,0x005C88B0,0x005C8918,104
entry_005c88fc,0x005C88FC,0x005C8910,20
entry_005c8910,0x005C8910,0x005C8914,4
entry_005c8914,0x005C8914,0x005C8930,28
FUN_005c8930,0x005C8930,0x005C893C,12
FUN_005c8a30,0x005C8A30,0x005C8A3C,12
FUN_005c8b30,0x005C8B30,0x005C8B40,16
FUN_005c8c40,0x005C8C40,0x005C8C4C,12
FUN_005c8d50,0x005C8D50,0x005C8D5C,12
FUN_005c8e60,0x005C8E60,0x005C8E68,8
FUN_005c8f80,0x005C8F80,0x005C8FA0,32
FUN_005c9100,0x005C9100,0x005C9168,104
entry_005c9164,0x005C9164,0x005C9180,28
FUN_005c9180,0x005C9180,0x005C918C,12
FUN_005c9280,0x005C9280,0x005C92A0,32
FUN_005c9420,0x005C9420,0x005C9428,8
entry_005c9598,0x005C9598,0x005C95B4,28
entry_005c95b4,0x005C95B4,0x005C95CC,24
entry_005c95cc,0x005C95CC,0x005C95F0,36
entry_005c95f0,0x005C95F0,0x005C9608,24
entry_005c9608,0x005C9608,0x005C9614,12
entry_005c9614,0x005C9614,0x005C9634,32
entry_005c9634,0x005C9634,0x005C964C,24
entry_005c964c,0x005C964C,0x005C967C,48
entry_005c967c,0x005C967C,0x005C9694,24
entry_005c9694,0x005C9694,0x005C96A0,12
entry_005c96a0,0x005C96A0,0x005C96BC,28
entry_005c96bc,0x005C96BC,0x005C96D4,24
entry_005c96d4,0x005C96D4,0x005C9704,48
entry_005c9704,0x005C9704,0x005C971C,24
entry_005c971c,0x005C971C,0x005C9728,12
entry_005c9728,0x005C9728,0x005C9744,28
entry_005c9744,0x005C9744,0x005C975C,24
entry_005c975c,0x005C975C,0x005C978C,48
entry_005c978c,0x005C978C,0x005C97A4,24
entry_005c97a4,0x005C97A4,0x005C97C0,28
entry_005c97c0,0x005C97C0,0x005C97DC,28
entry_005c97dc,0x005C97DC,0x005C97F4,24
entry_005c97f4,0x005C97F4,0x005C9824,48
entry_005c9824,0x005C9824,0x005C983C,24
entry_005c983c,0x005C983C,0x005C9858,28
entry_005c9858,0x005C9858,0x005C9874,28
entry_005c9874,0x005C9874,0x005C988C,24
entry_005c988c,0x005C988C,0x005C98C4,56
entry_005c98c4,0x005C98C4,0x005C98DC,24
entry_005c98dc,0x005C98DC,0x005C98F8,28
entry_005c98f8,0x005C98F8,0x005C9914,28
entry_005c9914,0x005C9914,0x005C992C,24
entry_005c992c,0x005C992C,0x005C995C,48
entry_005c995c,0x005C995C,0x005C9974,24
entry_005c9974,0x005C9974,0x005C9990,28
entry_005c9990,0x005C9990,0x005C99AC,28
entry_005c99ac,0x005C99AC,0x005C99C4,24
entry_005c99c4,0x005C99C4,0x005C99F4,48
entry_005c99f4,0x005C99F4,0x005C9A0C,24
entry_005c9a0c,0x005C9A0C,0x005C9A24,24
entry_005c9a24,0x005C9A24,0x005C9BB0,396
FUN_005c9bb0,0x005C9BB0,0x005C9BB8,8
FUN_005ca5a0,0x005CA5A0,0x005CA654,68
entry_005ca648,0x005CA648,0x005CA670,40
FUN_005ca670,0x005CA670,0x005CA690,32
FUN_005ca6c0,0x005CA6C0,0x005CA6CC,12
FUN_005ca7c0,0x005CA7C0,0x005CA7E4,36
entry_005ca870,0x005CA870,0x005CA8B0,64
FUN_005ca8b0,0x005CA8B0,0x005CAC18,872
entry_005ca8f0,0x005CA8F0,0x005CA90C,28
entry_005ca90c,0x005CA90C,0x005CA928,28
entry_005ca928,0x005CA928,0x005CA980,88
entry_005ca980,0x005CA980,0x005CA99C,28
entry_005ca99c,0x005CA99C,0x005CA9B8,28
entry_005ca9b8,0x005CA9B8,0x005CA9D4,28
entry_005ca9d4,0x005CA9D4,0x005CA9F0,28
entry_005ca9f0,0x005CA9F0,0x005CAA0C,28
entry_005caa0c,0x005CAA0C,0x005CAA28,28
entry_005caa28,0x005CAA28,0x005CAA44,28
entry_005caa44,0x005CAA44,0x005CAA60,28
entry_005caa60,0x005CAA60,0x005CAA7C,28
entry_005caa7c,0x005CAA7C,0x005CAA98,28
entry_005caa98,0x005CAA98,0x005CAAB4,28
entry_005caab4,0x005CAAB4,0x005CAAD0,28
entry_005caad0,0x005CAAD0,0x005CAAEC,28
entry_005caaec,0x005CAAEC,0x005CAB08,28
entry_005cab08,0x005CAB08,0x005CAB24,28
entry_005cab24,0x005CAB24,0x005CAB40,28
entry_005cab40,0x005CAB40,0x005CAB5C,28
entry_005cab5c,0x005CAB5C,0x005CAB78,28
entry_005cab78,0x005CAB78,0x005CAB94,28
entry_005cab94,0x005CAB94,0x005CABEC,88
entry_005cabec,0x005CABEC,0x005CAC10,36
entry_005cac10,0x005CAC10,0x005CAC14,4
entry_005cac14,0x005CAC14,0x005CAC30,28
FUN_005cac30,0x005CAC30,0x005CAC34,4
FUN_005cac40,0x005CAC40,0x005CAC44,4
FUN_005cac50,0x005CAC50,0x005CAC68,24
FUN_005caf90,0x005CAF90,0x005CAF9C,12
FUN_005cb040,0x005CB040,0x005CB048,8
FUN_005cb0c0,0x005CB0C0,0x005CB0CC,12
FUN_005cb260,0x005CB260,0x005CB268,8
FUN_005cb300,0x005CB300,0x005CB33C,60
FUN_005cb360,0x005CB360,0x005CB3D0,112
entry_005cb390,0x005CB390,0x005CB3C0,48
entry_005cb3c0,0x005CB3C0,0x005CB400,64
FUN_005cb400,0x005CB400,0x005CB408,8
FUN_005cb700,0x005CB700,0x005CB70C,12
FUN_005cb7d0,0x005CB7D0,0x005CB7D8,8
FUN_005cb960,0x005CB960,0x005CB96C,12
FUN_005cbb60,0x005CBB60,0x005CBB68,8
FUN_005cbf80,0x005CBF80,0x005CBF94,20
FUN_005cc0a0,0x005CC0A0,0x005CC0AC,12
FUN_005cc460,0x005CC460,0x005CC468,8
FUN_005cc750,0x005CC750,0x005CC76C,28
FUN_005cc990,0x005CC990,0x005CCA84,232
entry_005cc9b8,0x005CC9B8,0x005CC9F4,60
entry_005cc9f4,0x005CC9F4,0x005CCA0C,24
entry_005cca0c,0x005CCA0C,0x005CCA80,116
entry_005cca80,0x005CCA80,0x005CCAA0,32
FUN_005ccaa0,0x005CCAA0,0x005CCAB0,16
FUN_005ccd80,0x005CCD80,0x005CCE08,136
entry_005ccdac,0x005CCDAC,0x005CCDC8,28
entry_005ccdc8,0x005CCDC8,0x005CCDE4,28
entry_005ccde4,0x005CCDE4,0x005CCE00,28
entry_005cce00,0x005CCE00,0x005CCE04,4
entry_005cce04,0x005CCE04,0x005CCE10,12
FUN_005cce10,0x005CCE10,0x005CCE18,8
FUN_005ccf40,0x005CCF40,0x005CCF4C,12
FUN_005cd010,0x005CD010,0x005CD028,24
FUN_005cd150,0x005CD150,0x005CD1A8,88
entry_005cd190,0x005CD190,0x005CD1A4,20
entry_005cd1a4,0x005CD1A4,0x005CD1C0,28
FUN_005cd1c0,0x005CD1C0,0x005CD1CC,12
FUN_005cd310,0x005CD310,0x005CD32C,28
FUN_005cd4a0,0x005CD4A0,0x005CD4AC,12
FUN_005cd660,0x005CD660,0x005CD66C,12
FUN_005cdce0,0x005CDCE0,0x005CDCE8,8
FUN_005cddb0,0x005CDDB0,0x005CDE60,68
entry_005cde54,0x005CDE54,0x005CDE70,28
FUN_005cde70,0x005CDE70,0x005CDE90,32
FUN_005cdeb0,0x005CDEB0,0x005CDFA4,84
entry_005cdf9c,0x005CDF9C,0x005CDFC0,36
FUN_005cdfc0,0x005CDFC0,0x005CDFF4,52
FUN_005ce020,0x005CE020,0x005CE044,36
FUN_005ce060,0x005CE060,0x005CE068,8
FUN_005cef10,0x005CEF10,0x005CEF11,1
FUN_005cef20,0x005CEF20,0x005CEF34,20
FUN_005cf1c0,0x005CF1C0,0x005CF1D0,16
FUN_005cf4f0,0x005CF4F0,0x005CF4FC,12
FUN_005cfa20,0x005CFA20,0x005CFA30,16
FUN_005d1240,0x005D1240,0x005D125C,28
FUN_005d1380,0x005D1380,0x005D1390,16
entry_005d1940,0x005D1940,0x005D1D80,1088
FUN_005d1d80,0x005D1D80,0x005D1DD0,80
entry_005d1dc8,0x005D1DC8,0x005D1DCC,4
entry_005d1dcc,0x005D1DCC,0x005D1DE0,20
FUN_005d1de0,0x005D1DE0,0x005D1DF8,24
FUN_005d1f90,0x005D1F90,0x005D1FA4,20
FUN_005d2010,0x005D2010,0x005D201C,12
FUN_005d20d0,0x005D20D0,0x005D20DC,12
FUN_005d2170,0x005D2170,0x005D217C,12
FUN_005d2370,0x005D2370,0x005D237C,12
FUN_005d28c0,0x005D28C0,0x005D2918,84
entry_005d28fc,0x005D28FC,0x005D2910,20
entry_005d2910,0x005D2910,0x005D2914,4
entry_005d2914,0x005D2914,0x005D2930,28
FUN_005d2930,0x005D2930,0x005D2970,64
entry_005d2954,0x005D2954,0x005D2AA0,332
FUN_005d2aa0,0x005D2AA0,0x005D2AA8,8
FUN_005d2cc0,0x005D2CC0,0x005D2D34,116
entry_005d2cdc,0x005D2CDC,0x005D2D14,56
entry_005d2d14,0x005D2D14,0x005D2D1C,8
entry_005d2d1c,0x005D2D1C,0x005D2D2C,16
entry_005d2d2c,0x005D2D2C,0x005D2D40,20
FUN_005d2d40,0x005D2D40,0x005D2D4C,12
FUN_005d2ee0,0x005D2EE0,0x005D2EF0,16
FUN_005d37a0,0x005D37A0,0x005D37A8,8
FUN_005d3990,0x005D3990,0x005D3A0C,124
entry_005d39bc,0x005D39BC,0x005D39F0,52
entry_005d39f0,0x005D39F0,0x005D39F8,8
entry_005d39f8,0x005D39F8,0x005D3A04,12
entry_005d3a04,0x005D3A04,0x005D3A20,28
FUN_005d3a20,0x005D3A20,0x005D3A7C,92
entry_005d3a3c,0x005D3A3C,0x005D3A60,36
entry_005d3a60,0x005D3A60,0x005D3A68,8
entry_005d3a68,0x005D3A68,0x005D3A74,12
entry_005d3a74,0x005D3A74,0x005D3A90,28
FUN_005d3a90,0x005D3A90,0x005D3AA4,20
FUN_005d3b90,0x005D3B90,0x005D3BA0,16
FUN_005d3df0,0x005D3DF0,0x005D3E04,20
FUN_005d4070,0x005D4070,0x005D40D4,100
entry_005d40bc,0x005D40BC,0x005D40C4,8
entry_005d40c4,0x005D40C4,0x005D40CC,8
entry_005d40cc,0x005D40CC,0x005D4190,196
FUN_005d4190,0x005D4190,0x005D4198,8
FUN_005d48d0,0x005D48D0,0x005D4928,88
entry_005d4908,0x005D4908,0x005D4924,28
entry_005d4924,0x005D4924,0x005D4940,28
FUN_005d4940,0x005D4940,0x005D497C,60
entry_005d4978,0x005D4978,0x005D4990,24
FUN_005d4990,0x005D4990,0x005D4998,8
FUN_005d6090,0x005D6090,0x005D6098,8
FUN_005d6d30,0x005D6D30,0x005D6D38,8
FUN_005d7690,0x005D7690,0x005D7698,8
FUN_005d7b50,0x005D7B50,0x005D7BA0,80
entry_005d7b98,0x005D7B98,0x005D7B9C,4
entry_005d7b9c,0x005D7B9C,0x005D7BB0,20
FUN_005d7bb0,0x005D7BB0,0x005D7D04,340
entry_005d7c3c,0x005D7C3C,0x005D7C7C,64
entry_005d7c7c,0x005D7C7C,0x005D7C98,28
entry_005d7c98,0x005D7C98,0x005D7CBC,36
entry_005d7cbc,0x005D7CBC,0x005D7CE0,36
entry_005d7ce0,0x005D7CE0,0x005D7D70,144
FUN_005d7d70,0x005D7D70,0x005D7DA4,52
FUN_005d7db0,0x005D7DB0,0x005D7E3C,140
entry_005d7dfc,0x005D7DFC,0x005D7E04,8
entry_005d7e04,0x005D7E04,0x005D7E34,48
entry_005d7e34,0x005D7E34,0x005D7E38,4
entry_005d7e38,0x005D7E38,0x005D7E60,40
FUN_005d7e60,0x005D7E60,0x005D7E78,24
FUN_005d81b0,0x005D81B0,0x005D81F4,56
entry_005d81f0,0x005D81F0,0x005D8320,304
FUN_005d8320,0x005D8320,0x005D8394,116
entry_005d8368,0x005D8368,0x005D838C,36
entry_005d838c,0x005D838C,0x005D8390,4
entry_005d8390,0x005D8390,0x005D83B0,32
FUN_005d83b0,0x005D83B0,0x005D8458,156
entry_005d8450,0x005D8450,0x005D8480,48
FUN_005d8480,0x005D8480,0x005D8488,8
FUN_005d8940,0x005D8940,0x005D8978,56
entry_005d8974,0x005D8974,0x005D8980,12
FUN_005d8980,0x005D8980,0x005D8990,16
FUN_005d8a70,0x005D8A70,0x005D8A7C,12
FUN_005d9110,0x005D9110,0x005D9118,8
FUN_005d9180,0x005D9180,0x005D9194,20
FUN_005d9650,0x005D9650,0x005D965C,12
FUN_005d9c00,0x005D9C00,0x005D9C14,20
FUN_005d9d50,0x005D9D50,0x005D9D60,16
FUN_005d9ff0,0x005D9FF0,0x005DA024,52
FUN_005da110,0x005DA110,0x005DA1A0,144
entry_005da160,0x005DA160,0x005DA178,24
entry_005da178,0x005DA178,0x005DA19C,36
entry_005da19c,0x005DA19C,0x005DA1B0,20
FUN_005da1b0,0x005DA1B0,0x005DA1B8,8
FUN_005dacf0,0x005DACF0,0x005DAD08,24
FUN_005db390,0x005DB390,0x005DB398,8
FUN_005dbac0,0x005DBAC0,0x005DBAD8,24
FUN_005dbfd0,0x005DBFD0,0x005DBFD8,8
FUN_005dc0f0,0x005DC0F0,0x005DC124,52
FUN_005dc160,0x005DC160,0x005DC1B0,80
entry_005dc1a8,0x005DC1A8,0x005DC1AC,4
entry_005dc1ac,0x005DC1AC,0x005DC1C0,20
FUN_005dc1c0,0x005DC1C0,0x005DC1F0,48
entry_005dc1ec,0x005DC1EC,0x005DC200,20
FUN_005dc200,0x005DC200,0x005DC244,68
entry_005dc23c,0x005DC23C,0x005DC240,4
entry_005dc240,0x005DC240,0x005DC250,16
FUN_005dc250,0x005DC250,0x005DC25C,12
FUN_005dc3d0,0x005DC3D0,0x005DC404,52
entry_005dc3e8,0x005DC3E8,0x005DC400,24
entry_005dc400,0x005DC400,0x005DC410,16
FUN_005dc410,0x005DC410,0x005DC464,84
entry_005dc45c,0x005DC45C,0x005DC470,20
FUN_005dc470,0x005DC470,0x005DC478,8
FUN_005dc620,0x005DC620,0x005DC628,8
FUN_005dc740,0x005DC740,0x005DC758,24
FUN_005dc890,0x005DC890,0x005DC898,8
FUN_005dca40,0x005DCA40,0x005DCB70,132
entry_005dca8c,0x005DCA8C,0x005DCA9C,16
entry_005dca9c,0x005DCA9C,0x005DCAF4,88
entry_005dcaf4,0x005DCAF4,0x005DCB68,116
entry_005dcb68,0x005DCB68,0x005DCB6C,4
entry_005dcb6c,0x005DCB6C,0x005DCB80,20
FUN_005dcb80,0x005DCB80,0x005DCB90,16
FUN_005dcc70,0x005DCC70,0x005DCC78,8
FUN_005dce20,0x005DCE20,0x005DCF2C,268
entry_005dce4c,0x005DCE4C,0x005DCE74,40
entry_005dce74,0x005DCE74,0x005DCE78,4
entry_005dce78,0x005DCE78,0x005DCE7C,4
entry_005dce7c,0x005DCE7C,0x005DCEA0,36
entry_005dcea0,0x005DCEA0,0x005DCED4,52
entry_005dced4,0x005DCED4,0x005DCF08,52
entry_005dcf08,0x005DCF08,0x005DCF24,28
entry_005dcf24,0x005DCF24,0x005DCF28,4
entry_005dcf28,0x005DCF28,0x005DCFF0,200
FUN_005dcff0,0x005DCFF0,0x005DD04C,92
entry_005dd018,0x005DD018,0x005DD040,40
entry_005dd040,0x005DD040,0x005DD044,4
entry_005dd044,0x005DD044,0x005DD060,28
FUN_005dd060,0x005DD060,0x005DD158,248
entry_005dd0a4,0x005DD0A4,0x005DD0D4,48
entry_005dd0d4,0x005DD0D4,0x005DD0D8,4
entry_005dd0d8,0x005DD0D8,0x005DD100,40
entry_005dd100,0x005DD100,0x005DD11C,28
entry_005dd11c,0x005DD11C,0x005DD13C,32
entry_005dd13c,0x005DD13C,0x005DD14C,16
entry_005dd14c,0x005DD14C,0x005DD154,8
entry_005dd154,0x005DD154,0x005DD170,28
FUN_005dd170,0x005DD170,0x005DD444,108
entry_005dd1b8,0x005DD1B8,0x005DD1BC,4
entry_005dd1bc,0x005DD1BC,0x005DD43C,640
entry_005dd43c,0x005DD43C,0x005DD4C0,132
FUN_005dd4c0,0x005DD4C0,0x005DD4D0,16
FUN_005dd800,0x005DD800,0x005DD818,24
FUN_005dda70,0x005DDA70,0x005DDAE4,116
entry_005ddac0,0x005DDAC0,0x005DDAD4,20
entry_005ddad4,0x005DDAD4,0x005DDB00,44
FUN_005ddb00,0x005DDB00,0x005DDB08,8
FUN_005dddf0,0x005DDDF0,0x005DDE08,24
FUN_005de100,0x005DE100,0x005DE114,20
FUN_005de340,0x005DE340,0x005DE354,20
FUN_005de4c0,0x005DE4C0,0x005DE6B8,412
entry_005de4e8,0x005DE4E8,0x005DE51C,52
entry_005de51c,0x005DE51C,0x005DE570,84
entry_005de570,0x005DE570,0x005DE574,4
entry_005de574,0x005DE574,0x005DE5A8,52
entry_005de5a8,0x005DE5A8,0x005DE63C,148
entry_005de63c,0x005DE63C,0x005DE654,24
entry_005de654,0x005DE654,0x005DE658,4
entry_005de658,0x005DE658,0x005DE688,48
entry_005de688,0x005DE688,0x005DE6A0,24
entry_005de6a0,0x005DE6A0,0x005DE6B0,16
entry_005de6b0,0x005DE6B0,0x005DE6B4,4
entry_005de6b4,0x005DE6B4,0x005DE6D0,28
FUN_005de6d0,0x005DE6D0,0x005DE6E4,20
FUN_005de920,0x005DE920,0x005DE928,8
FUN_005def10,0x005DEF10,0x005DEF34,36
FUN_005def50,0x005DEF50,0x005DEF60,16
FUN_005df760,0x005DF760,0x005DF768,8
FUN_005df8d0,0x005DF8D0,0x005DF8E0,16
FUN_005dfa80,0x005DFA80,0x005DFA8C,12
FUN_005dfc00,0x005DFC00,0x005DFC18,24
FUN_005dfda0,0x005DFDA0,0x005DFDAC,12
FUN_005e0030,0x005E0030,0x005E0180,284
entry_005e00a8,0x005E00A8,0x005E00D0,40
entry_005e00d0,0x005E00D0,0x005E0130,96
entry_005e0130,0x005E0130,0x005E017C,76
entry_005e017c,0x005E017C,0x005E0190,20
FUN_005e0190,0x005E0190,0x005E01A0,16
FUN_005e0810,0x005E0810,0x005E0824,20
FUN_005e1a20,0x005E1A20,0x005E1A3C,28
FUN_005e1a80,0x005E1A80,0x005E1B58,216
entry_005e1aac,0x005E1AAC,0x005E1B24,120
entry_005e1b24,0x005E1B24,0x005E1B40,28
entry_005e1b40,0x005E1B40,0x005E1B70,48
FUN_005e1b70,0x005E1B70,0x005E1B78,8
FUN_005e1cf0,0x005E1CF0,0x005E1CF8,8
FUN_005e1e60,0x005E1E60,0x005E1E70,16
FUN_005e20f0,0x005E20F0,0x005E20F8,8
FUN_005e2d50,0x005E2D50,0x005E2DE0,144
entry_005e2d8c,0x005E2D8C,0x005E2DAC,32
entry_005e2dac,0x005E2DAC,0x005E2DBC,16
entry_005e2dbc,0x005E2DBC,0x005E2DDC,32
entry_005e2ddc,0x005E2DDC,0x005E2DF0,20
FUN_005e2df0,0x005E2DF0,0x005E2E04,20
FUN_005e2fd0,0x005E2FD0,0x005E2FD8,8
FUN_005e3870,0x005E3870,0x005E387C,12
FUN_005e3d40,0x005E3D40,0x005E3D54,20
FUN_005e3ed0,0x005E3ED0,0x005E3F00,48
FUN_005e4470,0x005E4470,0x005E4480,16
FUN_005e4620,0x005E4620,0x005E4638,24
FUN_005e4a00,0x005E4A00,0x005E4A10,16
FUN_005e4c90,0x005E4C90,0x005E4C9C,12
FUN_005e4f40,0x005E4F40,0x005E5034,244
entry_005e4fb0,0x005E4FB0,0x005E4FC4,20
entry_005e4fc4,0x005E4FC4,0x005E4FF4,48
entry_005e4ff4,0x005E4FF4,0x005E501C,40
entry_005e501c,0x005E501C,0x005E5030,20
entry_005e5030,0x005E5030,0x005E5050,32
FUN_005e5050,0x005E5050,0x005E5058,8
FUN_005e5690,0x005E5690,0x005E57BC,108
entry_005e57b8,0x005E57B8,0x005E57D0,24
FUN_005e57d0,0x005E57D0,0x005E57E4,20
FUN_005e5b00,0x005E5B00,0x005E5B2C,44
entry_005e5b28,0x005E5B28,0x005E5B40,24
FUN_005e5b40,0x005E5B40,0x005E5B60,32
entry_005e5b5c,0x005E5B5C,0x005E5B70,20
FUN_005e5b70,0x005E5B70,0x005E5B94,36
FUN_005e5bb0,0x005E5BB0,0x005E5C4C,156
entry_005e5bec,0x005E5BEC,0x005E5C00,20
entry_005e5c00,0x005E5C00,0x005E5C48,72
entry_005e5c48,0x005E5C48,0x005E5C60,24
FUN_005e5c60,0x005E5C60,0x005E5CE0,128
entry_005e5cd8,0x005E5CD8,0x005E5CF0,24
FUN_005e5cf0,0x005E5CF0,0x005E5CFC,12
FUN_005e5e50,0x005E5E50,0x005E5E64,20
FUN_005e5eb0,0x005E5EB0,0x005E5F90,184
entry_005e5f88,0x005E5F88,0x005E5FE0,88
FUN_005e5fe0,0x005E5FE0,0x005E6060,128
entry_005e6000,0x005E6000,0x005E6028,40
entry_005e6028,0x005E6028,0x005E6040,24
entry_005e6040,0x005E6040,0x005E6070,48
FUN_005e6070,0x005E6070,0x005E6080,16
FUN_005e63e0,0x005E63E0,0x005E63F0,16
FUN_005e89a0,0x005E89A0,0x005E89A8,8
FUN_005e8d60,0x005E8D60,0x005E8EAC,332
entry_005e8d88,0x005E8D88,0x005E8D90,8
entry_005e8d90,0x005E8D90,0x005E8DA8,24
entry_005e8da8,0x005E8DA8,0x005E8DC4,28
entry_005e8dc4,0x005E8DC4,0x005E8DE0,28
entry_005e8de0,0x005E8DE0,0x005E8DFC,28
entry_005e8dfc,0x005E8DFC,0x005E8E18,28
entry_005e8e18,0x005E8E18,0x005E8E30,24
entry_005e8e30,0x005E8E30,0x005E8E48,24
entry_005e8e48,0x005E8E48,0x005E8E60,24
entry_005e8e60,0x005E8E60,0x005E8E78,24
entry_005e8e78,0x005E8E78,0x005E8E90,24
entry_005e8e90,0x005E8E90,0x005E8EC0,48
FUN_005e8ec0,0x005E8EC0,0x005E8EC8,8
FUN_005e8fe0,0x005E8FE0,0x005E9074,96
entry_005e8ff8,0x005E8FF8,0x005E9014,28
entry_005e9014,0x005E9014,0x005E9020,12
entry_005e9020,0x005E9020,0x005E9070,80
entry_005e9070,0x005E9070,0x005E9080,16
FUN_005e9080,0x005E9080,0x005E9088,8
FUN_005e91a0,0x005E91A0,0x005E91A8,8
FUN_005e92c0,0x005E92C0,0x005E92D0,16
FUN_005e9550,0x005E9550,0x005E956C,28
FUN_005e96b0,0x005E96B0,0x005E96CC,28
FUN_005e9800,0x005E9800,0x005E981C,28
FUN_005e9960,0x005E9960,0x005E997C,28
FUN_005e9ac0,0x005E9AC0,0x005E9ADC,28
FUN_005e9c60,0x005E9C60,0x005E9C70,16
FUN_005e9e30,0x005E9E30,0x005E9E3C,12
FUN_005e9ed0,0x005E9ED0,0x005E9EDC,12
FUN_005e9f60,0x005E9F60,0x005E9F94,52
entry_005e9f90,0x005E9F90,0x005E9FA0,16
FUN_005e9fa0,0x005E9FA0,0x005E9FF8,80
entry_005e9fe0,0x005E9FE0,0x005E9FF4,20
entry_005e9ff4,0x005E9FF4,0x005EA040,76
FUN_005ea040,0x005EA040,0x005EA084,68
entry_005ea080,0x005EA080,0x005EA0C0,64
FUN_005ea0c0,0x005EA0C0,0x005EA134,116
entry_005ea104,0x005EA104,0x005EA12C,40
entry_005ea12c,0x005EA12C,0x005EA130,4
entry_005ea130,0x005EA130,0x005EA150,32
FUN_005ea150,0x005EA150,0x005EA164,20
FUN_005ea2f0,0x005EA2F0,0x005EA300,16
FUN_005ea310,0x005EA310,0x005EA314,4
FUN_005ea320,0x005EA320,0x005EA3A4,132
entry_005ea34c,0x005EA34C,0x005EA36C,32
entry_005ea36c,0x005EA36C,0x005EA400,148
FUN_005ea400,0x005EA400,0x005EA408,8
FUN_005ea4e0,0x005EA4E0,0x005EA58C,172
entry_005ea518,0x005EA518,0x005EA528,16
entry_005ea528,0x005EA528,0x005EA54C,36
entry_005ea54c,0x005EA54C,0x005EA588,60
entry_005ea588,0x005EA588,0x005EA5A0,24
FUN_005ea5a0,0x005EA5A0,0x005EA5B4,20
FUN_005ea5f0,0x005EA5F0,0x005EA604,20
FUN_005ea650,0x005EA650,0x005EA75C,268
entry_005ea680,0x005EA680,0x005EA690,16
entry_005ea690,0x005EA690,0x005EA6B4,36
entry_005ea6b4,0x005EA6B4,0x005EA6E4,48
entry_005ea6e4,0x005EA6E4,0x005EA6F4,16
entry_005ea6f4,0x005EA6F4,0x005EA718,36
entry_005ea718,0x005EA718,0x005EA750,56
entry_005ea750,0x005EA750,0x005EA758,8
entry_005ea758,0x005EA758,0x005EA770,24
entry_005ea770,0x005EA770,0x005EA780,16
thunk_FUN_005ea790,0x005EA780,0x005EA788,8
FUN_005ea790,0x005EA790,0x005EA890,256
entry_005ea7ac,0x005EA7AC,0x005EA7EC,64
entry_005ea7ec,0x005EA7EC,0x005EA7F0,4
entry_005ea7f0,0x005EA7F0,0x005EA7F8,8
entry_005ea7f8,0x005EA7F8,0x005EA7FC,4
entry_005ea7fc,0x005EA7FC,0x005EA808,12
entry_005ea808,0x005EA808,0x005EA828,32
entry_005ea828,0x005EA828,0x005EA83C,20
entry_005ea83c,0x005EA83C,0x005EA88C,80
entry_005ea88c,0x005EA88C,0x005EA8A0,20
FUN_005ea8a0,0x005EA8A0,0x005EA8AC,12
FUN_005eab60,0x005EAB60,0x005EABBC,92
entry_005eab80,0x005EAB80,0x005EAB9C,28
entry_005eab9c,0x005EAB9C,0x005EABA4,8
entry_005eaba4,0x005EABA4,0x005EABB4,16
entry_005eabb4,0x005EABB4,0x005EABD0,28
FUN_005eabd0,0x005EABD0,0x005EAC3C,108
entry_005eabf0,0x005EABF0,0x005EAC20,48
entry_005eac20,0x005EAC20,0x005EAC28,8
entry_005eac28,0x005EAC28,0x005EAC34,12
entry_005eac34,0x005EAC34,0x005EAD30,252
FUN_005ead30,0x005EAD30,0x005EAD94,100
entry_005ead58,0x005EAD58,0x005EAD74,28
entry_005ead74,0x005EAD74,0x005EAD7C,8
entry_005ead7c,0x005EAD7C,0x005EAD8C,16
entry_005ead8c,0x005EAD8C,0x005EAE10,132
FUN_005eae10,0x005EAE10,0x005EAF34,292
entry_005eae30,0x005EAE30,0x005EAE4C,28
entry_005eae4c,0x005EAE4C,0x005EAE54,8
entry_005eae54,0x005EAE54,0x005EAE6C,24
entry_005eae6c,0x005EAE6C,0x005EAE8C,32
entry_005eae8c,0x005EAE8C,0x005EAEBC,48
entry_005eaebc,0x005EAEBC,0x005EAEC4,8
entry_005eaec4,0x005EAEC4,0x005EAED4,16
entry_005eaed4,0x005EAED4,0x005EAEDC,8
entry_005eaedc,0x005EAEDC,0x005EAEF8,28
entry_005eaef8,0x005EAEF8,0x005EAF14,28
entry_005eaf14,0x005EAF14,0x005EAF1C,8
entry_005eaf1c,0x005EAF1C,0x005EAF2C,16
entry_005eaf2c,0x005EAF2C,0x005EB040,276
FUN_005eb040,0x005EB040,0x005EB050,16
FUN_005eb390,0x005EB390,0x005EB3A0,16
entry_005eb890,0x005EB890,0x005EB8D4,68
entry_005eb8d4,0x005EB8D4,0x005EB91C,72
entry_005eb91c,0x005EB91C,0x005EB964,72
entry_005eb964,0x005EB964,0x005EB9DC,120
entry_005eb9dc,0x005EB9DC,0x005EBA04,40
entry_005eba04,0x005EBA04,0x005EBACC,200
entry_005ebacc,0x005EBACC,0x005EBB0C,64
entry_005ebb0c,0x005EBB0C,0x005EBB24,24
entry_005ebb24,0x005EBB24,0x005EBB40,28
entry_005ebb40,0x005EBB40,0x005EBBA0,96
entry_005ebba0,0x005EBBA0,0x005EBBB0,16
entry_005ebbb0,0x005EBBB0,0x005EBBB8,8
entry_005ebbb8,0x005EBBB8,0x005EBBD0,24
entry_005ebbd0,0x005EBBD0,0x005EBBD8,8
entry_005ebbd8,0x005EBBD8,0x005EBBF4,28
entry_005ebbf4,0x005EBBF4,0x005EBC14,32
entry_005ebc14,0x005EBC14,0x005EBC54,64
entry_005ebc54,0x005EBC54,0x005EBCA0,76
entry_005ebca0,0x005EBCA0,0x005EBCA4,4
entry_005ebca4,0x005EBCA4,0x005EBCB8,20
entry_005ebcb8,0x005EBCB8,0x005EBCE8,48
entry_005ebce8,0x005EBCE8,0x005EBD38,80
entry_005ebd38,0x005EBD38,0x005EBD50,24
entry_005ebd50,0x005EBD50,0x005EBD54,4
entry_005ebd54,0x005EBD54,0x005EC478,1828
entry_005ec478,0x005EC478,0x005EC48C,20
entry_005ec48c,0x005EC48C,0x005EC4B8,44
entry_005ec4b8,0x005EC4B8,0x005EC530,120
entry_005ec530,0x005EC530,0x005EC5A8,120
entry_005ec5a8,0x005EC5A8,0x005EC5E4,60
entry_005ec5e4,0x005EC5E4,0x005EC630,76
entry_005ec630,0x005EC630,0x005EC660,48
entry_005ec660,0x005EC660,0x005EC70C,172
entry_005ec70c,0x005EC70C,0x005EC758,76
entry_005ec758,0x005EC758,0x005EC760,8
entry_005ec760,0x005EC760,0x005EC778,24
entry_005ec778,0x005EC778,0x005EC788,16
entry_005ec788,0x005EC788,0x005EC7BC,52
entry_005ec7bc,0x005EC7BC,0x005EC7D4,24
entry_005ec7d4,0x005EC7D4,0x005EC7E0,12
entry_005ec7e0,0x005EC7E0,0x005EC800,32
entry_005ec800,0x005EC800,0x005EC808,8
entry_005ec808,0x005EC808,0x005EC80C,4
entry_005ec80c,0x005EC80C,0x005EC810,4
entry_005ec810,0x005EC810,0x005EC818,8
entry_005ec818,0x005EC818,0x005EC83C,36
entry_005ec83c,0x005EC83C,0x005EC85C,32
entry_005ec85c,0x005EC85C,0x005EC89C,64
entry_005ec89c,0x005EC89C,0x005EC8A8,12
entry_005ec8a8,0x005EC8A8,0x005EC8B8,16
entry_005ec8b8,0x005EC8B8,0x005EC8C0,8
entry_005ec8c0,0x005EC8C0,0x005EC8D0,16
entry_005ec8d0,0x005EC8D0,0x005EC8E0,16
entry_005ec8e0,0x005EC8E0,0x005EC930,80
FUN_005ec930,0x005EC930,0x005EC95C,44
entry_005ec958,0x005EC958,0x005EC970,24
FUN_005ec970,0x005EC970,0x005EC9A4,52
entry_005ec99c,0x005EC99C,0x005EC9A0,4
entry_005ec9a0,0x005EC9A0,0x005EC9B0,16
FUN_005ec9b0,0x005EC9B0,0x005EC9B8,8
FUN_005ecac0,0x005ECAC0,0x005ECB88,60
entry_005ecb60,0x005ECB60,0x005ECB80,32
entry_005ecb80,0x005ECB80,0x005ECBA0,32
FUN_005ecba0,0x005ECBA0,0x005ECC24,128
entry_005ecbf4,0x005ECBF4,0x005ECC10,28
entry_005ecc10,0x005ECC10,0x005ECC14,4
entry_005ecc14,0x005ECC14,0x005ECC1C,8
entry_005ecc1c,0x005ECC1C,0x005ECC40,36
FUN_005ecc40,0x005ECC40,0x005ECC48,8
FUN_005ecdd0,0x005ECDD0,0x005ECDF0,32
FUN_005ece50,0x005ECE50,0x005ECF80,224
entry_005ecec4,0x005ECEC4,0x005ECF78,180
entry_005ecf78,0x005ECF78,0x005ECF90,24
FUN_005ecf90,0x005ECF90,0x005ED064,204
entry_005ed050,0x005ED050,0x005ED05C,12
entry_005ed05c,0x005ED05C,0x005ED080,36
FUN_005ed080,0x005ED080,0x005ED0A8,40
FUN_005ed0c0,0x005ED0C0,0x005ED0EC,44
entry_005ed0e8,0x005ED0E8,0x005ED100,24
FUN_005ed100,0x005ED100,0x005ED108,8
FUN_005ed1b0,0x005ED1B0,0x005ED1C4,20
FUN_005ed280,0x005ED280,0x005ED394,164
entry_005ed2b0,0x005ED2B0,0x005ED370,192
entry_005ed370,0x005ED370,0x005ED374,4
entry_005ed374,0x005ED374,0x005ED390,28
entry_005ed390,0x005ED390,0x005ED3B0,32
FUN_005ed3b0,0x005ED3B0,0x005ED414,100
entry_005ed3d4,0x005ED3D4,0x005ED3EC,24
entry_005ed3ec,0x005ED3EC,0x005ED3F4,8
entry_005ed3f4,0x005ED3F4,0x005ED410,28
entry_005ed410,0x005ED410,0x005ED430,32
FUN_005ed430,0x005ED430,0x005ED440,16
FUN_005ed580,0x005ED580,0x005ED594,20
FUN_005ed7c0,0x005ED7C0,0x005ED7D8,24
FUN_005eda50,0x005EDA50,0x005EDA5C,12
FUN_005edb10,0x005EDB10,0x005EDB18,8
FUN_005edc40,0x005EDC40,0x005EDD2C,236
entry_005edc5c,0x005EDC5C,0x005EDC8C,48
entry_005edc8c,0x005EDC8C,0x005EDCA8,28
entry_005edca8,0x005EDCA8,0x005EDCB0,8
entry_005edcb0,0x005EDCB0,0x005EDCCC,28
entry_005edccc,0x005EDCCC,0x005EDD04,56
entry_005edd04,0x005EDD04,0x005EDD0C,8
entry_005edd0c,0x005EDD0C,0x005EDD1C,16
entry_005edd1c,0x005EDD1C,0x005EDD28,12
entry_005edd28,0x005EDD28,0x005EDD40,24
FUN_005edd40,0x005EDD40,0x005EDD48,8
FUN_005ede10,0x005EDE10,0x005EDE18,8
FUN_005ede90,0x005EDE90,0x005EDE9C,12
FUN_005edfa0,0x005EDFA0,0x005EDFA8,8
FUN_005ee010,0x005EE010,0x005EE0E8,216
entry_005ee070,0x005EE070,0x005EE084,20
entry_005ee084,0x005EE084,0x005EE0A8,36
entry_005ee0a8,0x005EE0A8,0x005EE0BC,20
entry_005ee0bc,0x005EE0BC,0x005EE0D0,20
entry_005ee0d0,0x005EE0D0,0x005EE0E0,16
entry_005ee0e0,0x005EE0E0,0x005EE0E4,4
entry_005ee0e4,0x005EE0E4,0x005EE100,28
FUN_005ee100,0x005EE100,0x005EE1A8,168
entry_005ee14c,0x005EE14C,0x005EE170,36
entry_005ee170,0x005EE170,0x005EE194,36
entry_005ee194,0x005EE194,0x005EE1C0,44
FUN_005ee1c0,0x005EE1C0,0x005EE1E8,40
FUN_005ee230,0x005EE230,0x005EE2D4,164
entry_005ee270,0x005EE270,0x005EE28C,28
entry_005ee28c,0x005EE28C,0x005EE2A8,28
entry_005ee2a8,0x005EE2A8,0x005EE2CC,36
entry_005ee2cc,0x005EE2CC,0x005EE2D0,4
entry_005ee2d0,0x005EE2D0,0x005EE2F0,32
FUN_005ee2f0,0x005EE2F0,0x005EE2F8,8
FUN_005ee3a0,0x005EE3A0,0x005EE3AC,12
FUN_005ee900,0x005EE900,0x005EE990,140
entry_005ee938,0x005EE938,0x005EE954,28
entry_005ee954,0x005EE954,0x005EE974,32
entry_005ee974,0x005EE974,0x005EE988,20
entry_005ee988,0x005EE988,0x005EE98C,4
entry_005ee98c,0x005EE98C,0x005EE9A0,20
FUN_005ee9a0,0x005EE9A0,0x005EEA04,100
FUN_005eea30,0x005EEA30,0x005EEA3C,12
FUN_005eeab0,0x005EEAB0,0x005EEAD8,40
FUN_005eeaf0,0x005EEAF0,0x005EEB2C,60
entry_005eeb24,0x005EEB24,0x005EEB70,76
FUN_005eeb70,0x005EEB70,0x005EEBC0,80
FUN_005eebd0,0x005EEBD0,0x005EEBD1,1
FUN_005eebe0,0x005EEBE0,0x005EEC84,164
entry_005eec1c,0x005EEC1C,0x005EEC58,60
entry_005eec58,0x005EEC58,0x005EEC5C,4
entry_005eec5c,0x005EEC5C,0x005EEC80,36
entry_005eec80,0x005EEC80,0x005EECB0,48
FUN_005eecb0,0x005EECB0,0x005EED5C,172
entry_005eecec,0x005EECEC,0x005EED1C,48
entry_005eed1c,0x005EED1C,0x005EED2C,16
entry_005eed2c,0x005EED2C,0x005EED34,8
entry_005eed34,0x005EED34,0x005EED58,36
entry_005eed58,0x005EED58,0x005EED70,24
FUN_005eed70,0x005EED70,0x005EED84,20
FUN_005ef370,0x005EF370,0x005EF3B8,72
entry_005ef3b0,0x005EF3B0,0x005EF3C0,16
FUN_005ef3c0,0x005EF3C0,0x005EF3CC,12
FUN_005ef4b0,0x005EF4B0,0x005EF574,196
entry_005ef4f8,0x005EF4F8,0x005EF534,60
entry_005ef534,0x005EF534,0x005EF540,12
entry_005ef540,0x005EF540,0x005EF568,40
entry_005ef568,0x005EF568,0x005EF570,8
entry_005ef570,0x005EF570,0x005EF590,32
FUN_005ef590,0x005EF590,0x005EF6F8,360
entry_005ef5f8,0x005EF5F8,0x005EF618,32
entry_005ef618,0x005EF618,0x005EF624,12
entry_005ef624,0x005EF624,0x005EF64C,40
entry_005ef64c,0x005EF64C,0x005EF68C,64
entry_005ef68c,0x005EF68C,0x005EF6AC,32
entry_005ef6ac,0x005EF6AC,0x005EF6BC,16
entry_005ef6bc,0x005EF6BC,0x005EF6E4,40
entry_005ef6e4,0x005EF6E4,0x005EF6F0,12
entry_005ef6f0,0x005EF6F0,0x005EF6F4,4
entry_005ef6f4,0x005EF6F4,0x005EF710,28
FUN_005ef710,0x005EF710,0x005EF8B8,424
entry_005ef778,0x005EF778,0x005EF798,32
entry_005ef798,0x005EF798,0x005EF7A4,12
entry_005ef7a4,0x005EF7A4,0x005EF7CC,40
entry_005ef7cc,0x005EF7CC,0x005EF80C,64
entry_005ef80c,0x005EF80C,0x005EF82C,32
entry_005ef82c,0x005EF82C,0x005EF83C,16
entry_005ef83c,0x005EF83C,0x005EF864,40
entry_005ef864,0x005EF864,0x005EF874,16
entry_005ef874,0x005EF874,0x005EF888,20
entry_005ef888,0x005EF888,0x005EF8B0,40
entry_005ef8b0,0x005EF8B0,0x005EF8D0,32
FUN_005ef8d0,0x005EF8D0,0x005EFB1C,588
entry_005ef93c,0x005EF93C,0x005EF95C,32
entry_005ef95c,0x005EF95C,0x005EF96C,16
entry_005ef96c,0x005EF96C,0x005EF994,40
entry_005ef994,0x005EF994,0x005EFA08,116
entry_005efa08,0x005EFA08,0x005EFA28,32
entry_005efa28,0x005EFA28,0x005EFA34,12
entry_005efa34,0x005EFA34,0x005EFA64,48
entry_005efa64,0x005EFA64,0x005EFAAC,72
entry_005efaac,0x005EFAAC,0x005EFACC,32
entry_005efacc,0x005EFACC,0x005EFADC,16
entry_005efadc,0x005EFADC,0x005EFB04,40
entry_005efb04,0x005EFB04,0x005EFB18,20
entry_005efb18,0x005EFB18,0x005EFB40,40
FUN_005efb40,0x005EFB40,0x005EFB48,8
FUN_005efc10,0x005EFC10,0x005EFC84,116
entry_005efc4c,0x005EFC4C,0x005EFC70,36
entry_005efc70,0x005EFC70,0x005EFCA0,48
FUN_005efca0,0x005EFCA0,0x005EFCE0,64
entry_005efcdc,0x005EFCDC,0x005EFDE0,260
FUN_005efde0,0x005EFDE0,0x005EFE94,180
entry_005efe38,0x005EFE38,0x005EFE58,32
entry_005efe58,0x005EFE58,0x005EFE64,12
entry_005efe64,0x005EFE64,0x005EFE8C,40
entry_005efe8c,0x005EFE8C,0x005EFF10,132
FUN_005eff10,0x005EFF10,0x005EFF24,20
FUN_005f0080,0x005F0080,0x005F009C,28
FUN_005f0220,0x005F0220,0x005F0350,304
entry_005f0284,0x005F0284,0x005F02C0,60
entry_005f02c0,0x005F02C0,0x005F02CC,12
entry_005f02cc,0x005F02CC,0x005F0340,116
entry_005f0340,0x005F0340,0x005F034C,12
entry_005f034c,0x005F034C,0x005F0360,20
FUN_005f0360,0x005F0360,0x005F0378,24
FUN_005f0560,0x005F0560,0x005F06A4,324
entry_005f058c,0x005F058C,0x005F05CC,64
entry_005f05cc,0x005F05CC,0x005F0608,60
entry_005f0608,0x005F0608,0x005F0614,12
entry_005f0614,0x005F0614,0x005F0688,116
entry_005f0688,0x005F0688,0x005F06C0,56
FUN_005f06c0,0x005F06C0,0x005F06CC,12
FUN_005f0c30,0x005F0C30,0x005F0C38,8
FUN_005f0d60,0x005F0D60,0x005F0DB8,88
entry_005f0d98,0x005F0D98,0x005F0D9C,4
entry_005f0d9c,0x005F0D9C,0x005F0DB0,20
entry_005f0db0,0x005F0DB0,0x005F0DB4,4
entry_005f0db4,0x005F0DB4,0x005F0DD0,28
FUN_005f0dd0,0x005F0DD0,0x005F0E90,192
entry_005f0e88,0x005F0E88,0x005F0EA0,24
FUN_005f0ea0,0x005F0EA0,0x005F0F28,136
entry_005f0f20,0x005F0F20,0x005F0F24,4
entry_005f0f24,0x005F0F24,0x005F0F50,44
FUN_005f0f50,0x005F0F50,0x005F10A4,340
entry_005f0f90,0x005F0F90,0x005F0FE8,88
entry_005f0fe8,0x005F0FE8,0x005F1040,88
entry_005f1040,0x005F1040,0x005F105C,28
entry_005f105c,0x005F105C,0x005F1078,28
entry_005f1078,0x005F1078,0x005F109C,36
entry_005f109c,0x005F109C,0x005F10A0,4
entry_005f10a0,0x005F10A0,0x005F10C0,32
FUN_005f10c0,0x005F10C0,0x005F11CC,268
FUN_005f11e0,0x005F11E0,0x005F11E4,4
FUN_005f11f0,0x005F11F0,0x005F11F4,4
FUN_005f1200,0x005F1200,0x005F1204,4
FUN_005f1210,0x005F1210,0x005F121C,12
FUN_005f1800,0x005F1800,0x005F1810,16
FUN_005f1ec0,0x005F1EC0,0x005F1EDC,28
FUN_005f2000,0x005F2000,0x005F200C,12
FUN_005f2520,0x005F2520,0x005F25B8,148
entry_005f2560,0x005F2560,0x005F257C,28
entry_005f257c,0x005F257C,0x005F259C,32
entry_005f259c,0x005F259C,0x005F25B0,20
entry_005f25b0,0x005F25B0,0x005F25B4,4
entry_005f25b4,0x005F25B4,0x005F25D0,28
FUN_005f25d0,0x005F25D0,0x005F2628,84
entry_005f260c,0x005F260C,0x005F2620,20
entry_005f2620,0x005F2620,0x005F2624,4
entry_005f2624,0x005F2624,0x005F2640,28
FUN_005f2640,0x005F2640,0x005F2698,84
entry_005f267c,0x005F267C,0x005F2690,20
entry_005f2690,0x005F2690,0x005F2694,4
entry_005f2694,0x005F2694,0x005F26B0,28
FUN_005f26b0,0x005F26B0,0x005F26F0,64
entry_005f26d4,0x005F26D4,0x005F2700,44
FUN_005f2700,0x005F2700,0x005F273C,60
entry_005f2738,0x005F2738,0x005F2750,24
FUN_005f2750,0x005F2750,0x005F2790,64
FUN_005f27a0,0x005F27A0,0x005F27A8,8
FUN_005f2830,0x005F2830,0x005F2840,16
FUN_005f2930,0x005F2930,0x005F2944,20
FUN_005f2a60,0x005F2A60,0x005F2A61,1
FUN_005f2a70,0x005F2A70,0x005F2A84,20
FUN_005f2c50,0x005F2C50,0x005F2FAC,808
entry_005f2ce4,0x005F2CE4,0x005F2D24,64
entry_005f2d24,0x005F2D24,0x005F2D60,60
entry_005f2d60,0x005F2D60,0x005F2DC8,104
entry_005f2dc8,0x005F2DC8,0x005F2DD8,16
entry_005f2dd8,0x005F2DD8,0x005F2E04,44
entry_005f2e04,0x005F2E04,0x005F2E4C,72
entry_005f2e4c,0x005F2E4C,0x005F2E5C,16
entry_005f2e5c,0x005F2E5C,0x005F2E60,4
entry_005f2e60,0x005F2E60,0x005F2E70,16
entry_005f2e70,0x005F2E70,0x005F2EAC,60
entry_005f2eac,0x005F2EAC,0x005F2EC0,20
entry_005f2ec0,0x005F2EC0,0x005F2F04,68
entry_005f2f04,0x005F2F04,0x005F2F14,16
entry_005f2f14,0x005F2F14,0x005F2F6C,88
entry_005f2f6c,0x005F2F6C,0x005F2F98,44
entry_005f2f98,0x005F2F98,0x005F2F9C,4
entry_005f2f9c,0x005F2F9C,0x005F2FA4,8
entry_005f2fa4,0x005F2FA4,0x005F2FC0,28
FUN_005f2fc0,0x005F2FC0,0x005F2FC1,1
FUN_005f2fd0,0x005F2FD0,0x005F3144,224
entry_005f3040,0x005F3040,0x005F3058,24
entry_005f3058,0x005F3058,0x005F3090,56
entry_005f3090,0x005F3090,0x005F3094,4
entry_005f3094,0x005F3094,0x005F313C,168
entry_005f313c,0x005F313C,0x005F3140,4
entry_005f3140,0x005F3140,0x005F3160,32
FUN_005f3160,0x005F3160,0x005F316C,12
FUN_005f3210,0x005F3210,0x005F321C,12
FUN_005f3310,0x005F3310,0x005F331C,12
FUN_005f3660,0x005F3660,0x005F3661,1
FUN_005f3670,0x005F3670,0x005F3671,1
FUN_005f3690,0x005F3690,0x005F369C,12
FUN_005f3950,0x005F3950,0x005F3960,16
entry_005f399c,0x005F399C,0x005F3B70,468
entry_005f3b70,0x005F3B70,0x005F3B8C,28
entry_005f3b8c,0x005F3B8C,0x005F3BA8,28
entry_005f3ba8,0x005F3BA8,0x005F3BBC,20
entry_005f3bbc,0x005F3BBC,0x005F3BF8,60
entry_005f3bf8,0x005F3BF8,0x005F3BFC,4
entry_005f3bfc,0x005F3BFC,0x005F3CBC,192
entry_005f3cbc,0x005F3CBC,0x005F3D20,100
entry_005f3d20,0x005F3D20,0x005F3D58,56
entry_005f3d58,0x005F3D58,0x005F3EB0,344
FUN_005f3eb0,0x005F3EB0,0x005F3EB8,8
FUN_005f4550,0x005F4550,0x005F4558,8
FUN_005f4840,0x005F4840,0x005F4850,16
entry_005f48f8,0x005F48F8,0x005F4920,40
entry_005f4920,0x005F4920,0x005F4958,56
entry_005f4958,0x005F4958,0x005F495C,4
entry_005f495c,0x005F495C,0x005F4994,56
entry_005f4994,0x005F4994,0x005F4998,4
entry_005f4998,0x005F4998,0x005F49A8,16
entry_005f49a8,0x005F49A8,0x005F49E0,56
entry_005f49e0,0x005F49E0,0x005F4A00,32
entry_005f4a00,0x005F4A00,0x005F4A10,16
entry_005f4a10,0x005F4A10,0x005F4A30,32
entry_005f4a30,0x005F4A30,0x005F4A64,52
entry_005f4a64,0x005F4A64,0x005F4A78,20
entry_005f4a78,0x005F4A78,0x005F4A80,8
entry_005f4a80,0x005F4A80,0x005F4A84,4
entry_005f4a84,0x005F4A84,0x005F4AA4,32
entry_005f4aa4,0x005F4AA4,0x005F4AC8,36
entry_005f4ac8,0x005F4AC8,0x005F4B3C,116
entry_005f4b3c,0x005F4B3C,0x005F4B40,4
entry_005f4b40,0x005F4B40,0x005F4B74,52
entry_005f4b74,0x005F4B74,0x005F4B7C,8
entry_005f4b7c,0x005F4B7C,0x005F4B80,4
entry_005f4b80,0x005F4B80,0x005F4BB0,48
entry_005f4bb0,0x005F4BB0,0x005F4BB8,8
entry_005f4bb8,0x005F4BB8,0x005F4BBC,4
entry_005f4bbc,0x005F4BBC,0x005F4BDC,32
entry_005f4bdc,0x005F4BDC,0x005F4C10,52
entry_005f4c10,0x005F4C10,0x005F4C20,16
entry_005f4c20,0x005F4C20,0x005F4C5C,60
entry_005f4c5c,0x005F4C5C,0x005F4C6C,16
entry_005f4c6c,0x005F4C6C,0x005F4CB4,72
entry_005f4cb4,0x005F4CB4,0x005F4CE8,52
entry_005f4ce8,0x005F4CE8,0x005F4D0C,36
entry_005f4d0c,0x005F4D0C,0x005F4D4C,64
entry_005f4d4c,0x005F4D4C,0x005F4D6C,32
entry_005f4d6c,0x005F4D6C,0x005F4DAC,64
entry_005f4dac,0x005F4DAC,0x005F4DC4,24
entry_005f4dc4,0x005F4DC4,0x005F4DEC,40
entry_005f4dec,0x005F4DEC,0x005F4DF8,12
entry_005f4df8,0x005F4DF8,0x005F4E18,32
entry_005f4e18,0x005F4E18,0x005F4E28,16
entry_005f4e28,0x005F4E28,0x005F4E58,48
entry_005f4e58,0x005F4E58,0x005F4E5C,4
entry_005f4e5c,0x005F4E5C,0x005F4ECC,112
entry_005f4ecc,0x005F4ECC,0x005F4EE8,28
entry_005f4ee8,0x005F4EE8,0x005F5288,928
entry_005f5288,0x005F5288,0x005F52FC,116
entry_005f52fc,0x005F52FC,0x005F532C,48
entry_005f532c,0x005F532C,0x005F5330,4
entry_005f5330,0x005F5330,0x005F5368,56
entry_005f5368,0x005F5368,0x005F53A0,56
FUN_005f53a0,0x005F53A0,0x005F5434,148
entry_005f5414,0x005F5414,0x005F542C,24
entry_005f542c,0x005F542C,0x005F5430,4
entry_005f5430,0x005F5430,0x005F5450,32
FUN_005f5450,0x005F5450,0x005F5458,8
FUN_005f5700,0x005F5700,0x005F571C,28
FUN_005f58e0,0x005F58E0,0x005F592C,76
entry_005f5924,0x005F5924,0x005F5940,28
FUN_005f5940,0x005F5940,0x005F5948,8
FUN_005f5a40,0x005F5A40,0x005F5A80,56
entry_005f5a74,0x005F5A74,0x005F5AA0,44
FUN_005f5aa0,0x005F5AA0,0x005F5B0C,100
entry_005f5af8,0x005F5AF8,0x005F5B04,12
entry_005f5b04,0x005F5B04,0x005F5B20,28
FUN_005f5b20,0x005F5B20,0x005F5B48,40
FUN_005f5b60,0x005F5B60,0x005F5BCC,76
entry_005f5bc4,0x005F5BC4,0x005F5BE0,28
FUN_005f5be0,0x005F5BE0,0x005F5BE8,8
FUN_005f5ca0,0x005F5CA0,0x005F5D44,80
entry_005f5d34,0x005F5D34,0x005F5D58,36
entry_005f5d58,0x005F5D58,0x005F5D70,24
FUN_005f5d70,0x005F5D70,0x005F5D84,20
FUN_005f5f80,0x005F5F80,0x005F5F88,8
FUN_005f60f0,0x005F60F0,0x005F61DC,84
entry_005f61d4,0x005F61D4,0x005F61F0,28
FUN_005f61f0,0x005F61F0,0x005F61F8,8
FUN_005f6380,0x005F6380,0x005F63B4,52
entry_005f63ac,0x005F63AC,0x005F63C0,20
FUN_005f63c0,0x005F63C0,0x005F63D0,16
FUN_005f6530,0x005F6530,0x005F6538,8
FUN_005f65c0,0x005F65C0,0x005F65F0,48
FUN_005f6700,0x005F6700,0x005F6754,84
entry_005f6750,0x005F6750,0x005F6830,224
FUN_005f6830,0x005F6830,0x005F6840,16
FUN_005f6a00,0x005F6A00,0x005F6A40,64
entry_005f6a24,0x005F6A24,0x005F6A50,44
FUN_005f6a50,0x005F6A50,0x005F6A6C,28
FUN_005f6b30,0x005F6B30,0x005F6B38,8
FUN_005f6c40,0x005F6C40,0x005F6C64,36
entry_005f6c60,0x005F6C60,0x005F6C70,16
FUN_005f6c70,0x005F6C70,0x005F6C80,16
FUN_005f7060,0x005F7060,0x005F7068,8
FUN_005f7100,0x005F7100,0x005F710C,12
FUN_005f7390,0x005F7390,0x005F7398,8
FUN_005f74f0,0x005F74F0,0x005F7504,20
FUN_005f76d0,0x005F76D0,0x005F76E4,20
FUN_005f77c0,0x005F77C0,0x005F77C8,8
FUN_005f7ab0,0x005F7AB0,0x005F7AC0,16
FUN_005f7c50,0x005F7C50,0x005F7C64,20
FUN_005f7e10,0x005F7E10,0x005F7E1C,12
FUN_005f8060,0x005F8060,0x005F8068,8
FUN_005f8190,0x005F8190,0x005F81A0,16
FUN_005f8ec0,0x005F8EC0,0x005F8EC4,4
FUN_005f8ed0,0x005F8ED0,0x005F8ED4,4
FUN_005f8ef0,0x005F8EF0,0x005F8F84,148
entry_005f8f64,0x005F8F64,0x005F8F68,4
entry_005f8f68,0x005F8F68,0x005F8F7C,20
entry_005f8f7c,0x005F8F7C,0x005F8F80,4
entry_005f8f80,0x005F8F80,0x005F8FA0,32
FUN_005f8fa0,0x005F8FA0,0x005F901C,124
entry_005f8ffc,0x005F8FFC,0x005F9000,4
entry_005f9000,0x005F9000,0x005F9014,20
entry_005f9014,0x005F9014,0x005F9018,4
entry_005f9018,0x005F9018,0x005F9030,24
FUN_005f9030,0x005F9030,0x005F9098,104
entry_005f907c,0x005F907C,0x005F9090,20
entry_005f9090,0x005F9090,0x005F9094,4
entry_005f9094,0x005F9094,0x005F90B0,28
FUN_005f90b0,0x005F90B0,0x005F9110,96
entry_005f9108,0x005F9108,0x005F910C,4
entry_005f910c,0x005F910C,0x005F9120,20
FUN_005f9120,0x005F9120,0x005F9134,20
FUN_005f9230,0x005F9230,0x005F923C,12
FUN_005f9320,0x005F9320,0x005F9330,16
FUN_005f94c0,0x005F94C0,0x005F94CC,12
FUN_005f9600,0x005F9600,0x005F9608,8
FUN_005f96c0,0x005F96C0,0x005F96CC,12
FUN_005f9760,0x005F9760,0x005F9768,8
FUN_005f9820,0x005F9820,0x005F982C,12
FUN_005f9ca0,0x005F9CA0,0x005F9CB0,16
FUN_005f9f60,0x005F9F60,0x005F9F84,36
FUN_005fa060,0x005FA060,0x005FA0C0,96
entry_005fa084,0x005FA084,0x005FA0A0,28
entry_005fa0a0,0x005FA0A0,0x005FA0BC,28
entry_005fa0bc,0x005FA0BC,0x005FA120,100
FUN_005fa120,0x005FA120,0x005FA170,36
entry_005fa16c,0x005FA16C,0x005FA180,20
FUN_005fa180,0x005FA180,0x005FA1DC,92
entry_005fa1d4,0x005FA1D4,0x005FA1D8,4
entry_005fa1d8,0x005FA1D8,0x005FA1F0,24
FUN_005fa1f0,0x005FA1F0,0x005FA23C,76
entry_005fa234,0x005FA234,0x005FA238,4
entry_005fa238,0x005FA238,0x005FA280,72
FUN_005fa280,0x005FA280,0x005FA2DC,92
entry_005fa2cc,0x005FA2CC,0x005FA2D8,12
entry_005fa2d8,0x005FA2D8,0x005FA2F0,24
FUN_005fa2f0,0x005FA2F0,0x005FA2F8,8
FUN_005fa470,0x005FA470,0x005FA47C,12
FUN_005fa540,0x005FA540,0x005FA630,236
entry_005fa568,0x005FA568,0x005FA5A4,60
entry_005fa5a4,0x005FA5A4,0x005FA5E4,64
entry_005fa5e4,0x005FA5E4,0x005FA624,64
entry_005fa624,0x005FA624,0x005FA650,44
FUN_005fa650,0x005FA650,0x005FA6E8,152
FUN_005fa700,0x005FA700,0x005FA820,288
entry_005fa760,0x005FA760,0x005FA764,4
entry_005fa764,0x005FA764,0x005FA780,28
entry_005fa780,0x005FA780,0x005FA79C,28
entry_005fa79c,0x005FA79C,0x005FA7F4,88
entry_005fa7f4,0x005FA7F4,0x005FA818,36
entry_005fa818,0x005FA818,0x005FA81C,4
entry_005fa81c,0x005FA81C,0x005FA830,20
FUN_005fa830,0x005FA830,0x005FA848,24
FUN_005fa950,0x005FA950,0x005FA95C,12
FUN_005faa00,0x005FAA00,0x005FAA08,8
FUN_005faa80,0x005FAA80,0x005FAA8C,12
FUN_005fabd0,0x005FABD0,0x005FABD1,1
FUN_005fabe0,0x005FABE0,0x005FAC38,84
entry_005fac1c,0x005FAC1C,0x005FAC30,20
entry_005fac30,0x005FAC30,0x005FAC34,4
entry_005fac34,0x005FAC34,0x005FAC80,76
FUN_005fac80,0x005FAC80,0x005FAC90,16
FUN_005fb310,0x005FB310,0x005FB318,8
FUN_005fb3f0,0x005FB3F0,0x005FB3F8,8
FUN_005fb480,0x005FB480,0x005FB48C,12
FUN_005fb540,0x005FB540,0x005FB548,8
FUN_005fb800,0x005FB800,0x005FB814,20
FUN_005fba40,0x005FBA40,0x005FBA48,8
FUN_005fbc10,0x005FBC10,0x005FBCC4,180
entry_005fbc48,0x005FBC48,0x005FBC60,24
entry_005fbc60,0x005FBC60,0x005FBC9C,60
entry_005fbc9c,0x005FBC9C,0x005FBCB0,20
entry_005fbcb0,0x005FBCB0,0x005FBCB4,4
entry_005fbcb4,0x005FBCB4,0x005FBCBC,8
entry_005fbcbc,0x005FBCBC,0x005FBCC0,4
entry_005fbcc0,0x005FBCC0,0x005FBD70,176
FUN_005fbd70,0x005FBD70,0x005FBD88,24
FUN_005fbfe0,0x005FBFE0,0x005FBFF4,20
FUN_005fc450,0x005FC450,0x005FC5E8,392
entry_005fc49c,0x005FC49C,0x005FC500,100
entry_005fc500,0x005FC500,0x005FC504,4
entry_005fc504,0x005FC504,0x005FC50C,8
entry_005fc50c,0x005FC50C,0x005FC510,4
entry_005fc510,0x005FC510,0x005FC51C,12
entry_005fc51c,0x005FC51C,0x005FC54C,48
entry_005fc54c,0x005FC54C,0x005FC56C,32
entry_005fc56c,0x005FC56C,0x005FC5A4,56
entry_005fc5a4,0x005FC5A4,0x005FC5B0,12
entry_005fc5b0,0x005FC5B0,0x005FC5D4,36
entry_005fc5d4,0x005FC5D4,0x005FC5E4,16
entry_005fc5e4,0x005FC5E4,0x005FC5F0,12
FUN_005fc5f0,0x005FC5F0,0x005FC838,448
entry_005fc624,0x005FC624,0x005FC648,36
entry_005fc648,0x005FC648,0x005FC658,16
entry_005fc658,0x005FC658,0x005FC688,48
entry_005fc688,0x005FC688,0x005FC698,16
entry_005fc698,0x005FC698,0x005FC6D0,56
entry_005fc6d0,0x005FC6D0,0x005FC734,100
entry_005fc734,0x005FC734,0x005FC75C,40
entry_005fc75c,0x005FC75C,0x005FC770,20
entry_005fc770,0x005FC770,0x005FC77C,12
entry_005fc77c,0x005FC77C,0x005FC834,184
entry_005fc834,0x005FC834,0x005FC850,28
FUN_005fc850,0x005FC850,0x005FCA40,360
entry_005fc898,0x005FC898,0x005FC8A8,16
entry_005fc8a8,0x005FC8A8,0x005FC8E0,56
entry_005fc8e0,0x005FC8E0,0x005FC940,96
entry_005fc940,0x005FC940,0x005FC964,36
entry_005fc964,0x005FC964,0x005FC978,20
entry_005fc978,0x005FC978,0x005FC984,12
entry_005fc984,0x005FC984,0x005FCA3C,184
entry_005fca3c,0x005FCA3C,0x005FCA50,20
FUN_005fca50,0x005FCA50,0x005FCA60,16
FUN_005fcd60,0x005FCD60,0x005FCF9C,548
entry_005fcda0,0x005FCDA0,0x005FCDC4,36
entry_005fcdc4,0x005FCDC4,0x005FCDDC,24
entry_005fcddc,0x005FCDDC,0x005FCDF4,24
entry_005fcdf4,0x005FCDF4,0x005FCE18,36
entry_005fce18,0x005FCE18,0x005FCE34,28
entry_005fce34,0x005FCE34,0x005FCE44,16
entry_005fce44,0x005FCE44,0x005FCE60,28
entry_005fce60,0x005FCE60,0x005FCEE4,132
entry_005fcee4,0x005FCEE4,0x005FCF6C,136
entry_005fcf6c,0x005FCF6C,0x005FCF98,44
entry_005fcf98,0x005FCF98,0x005FCFB0,24
FUN_005fcfb0,0x005FCFB0,0x005FD04C,156
entry_005fcff4,0x005FCFF4,0x005FD008,20
entry_005fd008,0x005FD008,0x005FD028,32
entry_005fd028,0x005FD028,0x005FD044,28
entry_005fd044,0x005FD044,0x005FD060,28
FUN_005fd060,0x005FD060,0x005FD1DC,380
entry_005fd094,0x005FD094,0x005FD0C8,52
entry_005fd0c8,0x005FD0C8,0x005FD0D0,8
entry_005fd0d0,0x005FD0D0,0x005FD0E8,24
entry_005fd0e8,0x005FD0E8,0x005FD100,24
entry_005fd100,0x005FD100,0x005FD110,16
entry_005fd110,0x005FD110,0x005FD124,20
entry_005fd124,0x005FD124,0x005FD134,16
entry_005fd134,0x005FD134,0x005FD144,16
entry_005fd144,0x005FD144,0x005FD154,16
entry_005fd154,0x005FD154,0x005FD1A0,76
entry_005fd1a0,0x005FD1A0,0x005FD1A8,8
entry_005fd1a8,0x005FD1A8,0x005FD1B0,8
entry_005fd1b0,0x005FD1B0,0x005FD1B8,8
entry_005fd1b8,0x005FD1B8,0x005FD1C0,8
entry_005fd1c0,0x005FD1C0,0x005FD1C8,8
entry_005fd1c8,0x005FD1C8,0x005FD1CC,4
entry_005fd1cc,0x005FD1CC,0x005FD1D8,12
entry_005fd1d8,0x005FD1D8,0x005FD1F0,24
FUN_005fd1f0,0x005FD1F0,0x005FD204,20
FUN_005fd500,0x005FD500,0x005FD508,8
FUN_005fd700,0x005FD700,0x005FD81C,268
entry_005fd760,0x005FD760,0x005FD76C,12
entry_005fd76c,0x005FD76C,0x005FD770,4
entry_005fd770,0x005FD770,0x005FD784,20
entry_005fd784,0x005FD784,0x005FD78C,8
entry_005fd78c,0x005FD78C,0x005FD7DC,80
entry_005fd7dc,0x005FD7DC,0x005FD7E8,12
entry_005fd7e8,0x005FD7E8,0x005FD7EC,4
entry_005fd7ec,0x005FD7EC,0x005FD810,36
entry_005fd810,0x005FD810,0x005FD814,4
entry_005fd814,0x005FD814,0x005FD8A0,140
FUN_005fd8a0,0x005FD8A0,0x005FD8AC,12
FUN_005fdb20,0x005FDB20,0x005FDB2C,12
FUN_005fdd10,0x005FDD10,0x005FDD1C,12
FUN_005fdf20,0x005FDF20,0x005FDFC8,168
entry_005fdf34,0x005FDF34,0x005FDFC0,140
entry_005fdfc0,0x005FDFC0,0x005FE050,144
FUN_005fe050,0x005FE050,0x005FE074,36
FUN_005fe0a0,0x005FE0A0,0x005FE144,164
entry_005fe0d0,0x005FE0D0,0x005FE0F0,32
entry_005fe0f0,0x005FE0F0,0x005FE0F8,8
entry_005fe0f8,0x005FE0F8,0x005FE13C,68
entry_005fe13c,0x005FE13C,0x005FE140,4
entry_005fe140,0x005FE140,0x005FE160,32
FUN_005fe160,0x005FE160,0x005FE170,16
FUN_005fe2a0,0x005FE2A0,0x005FE2A8,8
FUN_005fe6c0,0x005FE6C0,0x005FE708,72
entry_005fe6e8,0x005FE6E8,0x005FE700,24
entry_005fe700,0x005FE700,0x005FE704,4
entry_005fe704,0x005FE704,0x005FE710,12
FUN_005fe710,0x005FE710,0x005FE718,8
FUN_005ff340,0x005FF340,0x005FF3D4,148
entry_005ff360,0x005FF360,0x005FF36C,12
entry_005ff36c,0x005FF36C,0x005FF370,4
entry_005ff370,0x005FF370,0x005FF394,36
entry_005ff394,0x005FF394,0x005FF3B8,36
entry_005ff3b8,0x005FF3B8,0x005FF3C0,8
entry_005ff3c0,0x005FF3C0,0x005FF3CC,12
entry_005ff3cc,0x005FF3CC,0x005FF5A0,468
FUN_005ff5a0,0x005FF5A0,0x005FF5B0,16
FUN_005ff6c0,0x005FF6C0,0x005FF728,104
entry_005ff6e0,0x005FF6E0,0x005FF6F0,16
entry_005ff6f0,0x005FF6F0,0x005FF6F4,4
entry_005ff6f4,0x005FF6F4,0x005FF7C0,204
FUN_005ff7c0,0x005FF7C0,0x005FF7CC,12
FUN_005ff8b0,0x005FF8B0,0x005FF9F0,320
entry_005ff8d4,0x005FF8D4,0x005FF8F0,28
entry_005ff8f0,0x005FF8F0,0x005FF900,16
entry_005ff900,0x005FF900,0x005FF904,4
entry_005ff904,0x005FF904,0x005FF924,32
entry_005ff924,0x005FF924,0x005FF934,16
entry_005ff934,0x005FF934,0x005FF938,4
entry_005ff938,0x005FF938,0x005FF9B4,124
entry_005ff9b4,0x005FF9B4,0x005FF9E0,44
entry_005ff9e0,0x005FF9E0,0x005FF9E8,8
entry_005ff9e8,0x005FF9E8,0x005FF9EC,4
entry_005ff9ec,0x005FF9EC,0x005FFA00,20
FUN_005ffa00,0x005FFA00,0x005FFA7C,124
entry_005ffa20,0x005FFA20,0x005FFA2C,12
entry_005ffa2c,0x005FFA2C,0x005FFA30,4
entry_005ffa30,0x005FFA30,0x005FFA4C,28
entry_005ffa4c,0x005FFA4C,0x005FFA64,24
entry_005ffa64,0x005FFA64,0x005FFA74,16
entry_005ffa74,0x005FFA74,0x005FFA90,28
FUN_005ffa90,0x005FFA90,0x005FFB08,120
entry_005ffab0,0x005FFAB0,0x005FFAB4,4
entry_005ffab4,0x005FFAB4,0x005FFAC0,12
entry_005ffac0,0x005FFAC0,0x005FFAE0,32
entry_005ffae0,0x005FFAE0,0x005FFAF4,20
entry_005ffaf4,0x005FFAF4,0x005FFB10,28
FUN_005ffb10,0x005FFB10,0x005FFB60,80
entry_005ffb30,0x005FFB30,0x005FFB3C,12
entry_005ffb3c,0x005FFB3C,0x005FFB40,4
entry_005ffb40,0x005FFB40,0x005FFCE0,416
FUN_005ffce0,0x005FFCE0,0x005FFD30,80
entry_005ffd00,0x005FFD00,0x005FFD0C,12
entry_005ffd0c,0x005FFD0C,0x005FFD10,4
entry_005ffd10,0x005FFD10,0x005FFE60,336
FUN_005ffe60,0x005FFE60,0x005FFEB0,80
entry_005ffe80,0x005FFE80,0x005FFE8C,12
entry_005ffe8c,0x005FFE8C,0x005FFE90,4
entry_005ffe90,0x005FFE90,0x005FFFB0,288
FUN_005fffb0,0x005FFFB0,0x005FFFB8,8
FUN_006000a0,0x006000A0,0x006000E4,68
entry_006000b0,0x006000B0,0x006000CC,28
entry_006000cc,0x006000CC,0x006000DC,16
entry_006000dc,0x006000DC,0x006000F0,20
FUN_006000f0,0x006000F0,0x00600130,64
entry_00600104,0x00600104,0x0060011C,24
entry_0060011c,0x0060011C,0x00600140,36
FUN_00600140,0x00600140,0x006001A8,104
entry_00600150,0x00600150,0x0060016C,28
entry_0060016c,0x0060016C,0x0060017C,16
entry_0060017c,0x0060017C,0x00600184,8
entry_00600184,0x00600184,0x006001A4,32
entry_006001a4,0x006001A4,0x006001B0,12
FUN_006001b0,0x006001B0,0x00600208,88
entry_006001c0,0x006001C0,0x006001DC,28
entry_006001dc,0x006001DC,0x006001EC,16
entry_006001ec,0x006001EC,0x006001F4,8
entry_006001f4,0x006001F4,0x00600204,16
entry_00600204,0x00600204,0x00600210,12
FUN_00600210,0x00600210,0x006002F4,228
entry_0060022c,0x0060022C,0x00600248,28
entry_00600248,0x00600248,0x00600258,16
entry_00600258,0x00600258,0x0060025C,4
entry_0060025c,0x0060025C,0x00600280,36
entry_00600280,0x00600280,0x00600290,16
entry_00600290,0x00600290,0x006002AC,28
entry_006002ac,0x006002AC,0x006002BC,16
entry_006002bc,0x006002BC,0x006002C4,8
entry_006002c4,0x006002C4,0x006002EC,40
entry_006002ec,0x006002EC,0x006002F0,4
entry_006002f0,0x006002F0,0x006003E0,240
FUN_006003e0,0x006003E0,0x00600424,68
entry_0060041c,0x0060041C,0x00600470,84
FUN_00600470,0x00600470,0x006004F8,136
entry_006004a4,0x006004A4,0x006004D8,52
entry_006004d8,0x006004D8,0x006004E0,8
entry_006004e0,0x006004E0,0x006004EC,12
entry_006004ec,0x006004EC,0x006004F4,8
entry_006004f4,0x006004F4,0x00600530,60
FUN_00600530,0x00600530,0x0060055C,44
entry_00600558,0x00600558,0x00600570,24
FUN_00600570,0x00600570,0x006005F8,128
entry_006005f4,0x006005F4,0x00600600,12
FUN_00600600,0x00600600,0x00600634,52
entry_00600630,0x00600630,0x00600640,16
FUN_00600640,0x00600640,0x00600694,80
entry_00600690,0x00600690,0x006006A0,16
FUN_006006a0,0x006006A0,0x00600704,96
entry_006006d8,0x006006D8,0x00600700,40
entry_00600700,0x00600700,0x006007A0,160
FUN_006007a0,0x006007A0,0x006007B0,16
FUN_00601220,0x00601220,0x006014BC,668
entry_00601244,0x00601244,0x00601258,20
entry_00601258,0x00601258,0x00601264,12
entry_00601264,0x00601264,0x006012A8,68
entry_006012a8,0x006012A8,0x006012BC,20
entry_006012bc,0x006012BC,0x006012D4,24
entry_006012d4,0x006012D4,0x006012DC,8
entry_006012dc,0x006012DC,0x0060132C,80
entry_0060132c,0x0060132C,0x00601360,52
entry_00601360,0x00601360,0x006013C8,104
entry_006013c8,0x006013C8,0x0060149C,212
entry_0060149c,0x0060149C,0x006016D0,564
FUN_006016d0,0x006016D0,0x00601AAC,988
entry_00601718,0x00601718,0x0060173C,36
entry_0060173c,0x0060173C,0x006017E0,164
entry_006017e0,0x006017E0,0x006017E4,4
entry_006017e4,0x006017E4,0x00601824,64
entry_00601824,0x00601824,0x00601858,52
entry_00601858,0x00601858,0x006018AC,84
entry_006018ac,0x006018AC,0x00601918,108
entry_00601918,0x00601918,0x00601934,28
entry_00601934,0x00601934,0x0060194C,24
entry_0060194c,0x0060194C,0x00601970,36
entry_00601970,0x00601970,0x006019D0,96
entry_006019d0,0x006019D0,0x006019F8,40
entry_006019f8,0x006019F8,0x00601A58,96
entry_00601a58,0x00601A58,0x00601A78,32
entry_00601a78,0x00601A78,0x00601A88,16
entry_00601a88,0x00601A88,0x00601A98,16
entry_00601a98,0x00601A98,0x00601AC0,40
FUN_00601ac0,0x00601AC0,0x00601B38,120
entry_00601b34,0x00601B34,0x00601BD0,156
FUN_00601bd0,0x00601BD0,0x00601C4C,124
entry_00601bf4,0x00601BF4,0x00601C04,16
entry_00601c04,0x00601C04,0x00601C18,20
entry_00601c18,0x00601C18,0x00601C1C,4
entry_00601c1c,0x00601C1C,0x00601C60,68
FUN_00601c60,0x00601C60,0x00601C61,1
FUN_00601c70,0x00601C70,0x00601C71,1
FUN_00601c90,0x00601C90,0x00601CA4,20
FUN_006027e0,0x006027E0,0x006027F0,16
FUN_00602d10,0x00602D10,0x00602E64,340
entry_00602d3c,0x00602D3C,0x00602D4C,16
entry_00602d4c,0x00602D4C,0x00602D64,24
entry_00602d64,0x00602D64,0x00602D70,12
entry_00602d70,0x00602D70,0x00602DAC,60
entry_00602dac,0x00602DAC,0x00602DDC,48
entry_00602ddc,0x00602DDC,0x00602DF0,20
entry_00602df0,0x00602DF0,0x00602E54,100
entry_00602e54,0x00602E54,0x00602E70,28
FUN_00602e70,0x00602E70,0x00602F24,180
entry_00602e98,0x00602E98,0x00602EB0,24
entry_00602eb0,0x00602EB0,0x00602EB8,8
entry_00602eb8,0x00602EB8,0x00602EC4,12
entry_00602ec4,0x00602EC4,0x00602ECC,8
entry_00602ecc,0x00602ECC,0x00602EF0,36
entry_00602ef0,0x00602EF0,0x00602F04,20
entry_00602f04,0x00602F04,0x00602F0C,8
entry_00602f0c,0x00602F0C,0x00602F1C,16
entry_00602f1c,0x00602F1C,0x00602F30,20
FUN_00602f30,0x00602F30,0x00602F5C,36
entry_00602f54,0x00602F54,0x00602F80,44
FUN_00602f80,0x00602F80,0x00602FC0,64
entry_00602fb8,0x00602FB8,0x00602FBC,4
entry_00602fbc,0x00602FBC,0x00602FD0,20
FUN_00602fd0,0x00602FD0,0x00602FE0,16
FUN_006031f0,0x006031F0,0x006031F8,8
FUN_00603ea0,0x00603EA0,0x00603EBC,28
FUN_00603f50,0x00603F50,0x00603F64,20
FUN_00603fe0,0x00603FE0,0x00604044,100
entry_00604010,0x00604010,0x00604028,24
entry_00604028,0x00604028,0x00604040,24
entry_00604040,0x00604040,0x00604060,32
FUN_00604060,0x00604060,0x00604070,16
FUN_00605de0,0x00605DE0,0x00605DEC,12
FUN_00605f90,0x00605F90,0x00605F9C,12
FUN_006060b0,0x006060B0,0x006064B4,1028
entry_006060d4,0x006060D4,0x006060F0,28
entry_006060f0,0x006060F0,0x00606148,88
entry_00606148,0x00606148,0x0060616C,36
entry_0060616c,0x0060616C,0x00606184,24
entry_00606184,0x00606184,0x00606194,16
entry_00606194,0x00606194,0x006061E0,76
entry_006061e0,0x006061E0,0x006061F4,20
entry_006061f4,0x006061F4,0x00606204,16
entry_00606204,0x00606204,0x00606250,76
entry_00606250,0x00606250,0x00606264,20
entry_00606264,0x00606264,0x00606280,28
entry_00606280,0x00606280,0x00606284,4
entry_00606284,0x00606284,0x006062D0,76
entry_006062d0,0x006062D0,0x006062E4,20
entry_006062e4,0x006062E4,0x00606300,28
entry_00606300,0x00606300,0x00606304,4
entry_00606304,0x00606304,0x00606350,76
entry_00606350,0x00606350,0x00606364,20
entry_00606364,0x00606364,0x00606380,28
entry_00606380,0x00606380,0x00606384,4
entry_00606384,0x00606384,0x006063D0,76
entry_006063d0,0x006063D0,0x006063FC,44
entry_006063fc,0x006063FC,0x00606404,8
entry_00606404,0x00606404,0x00606430,44
entry_00606430,0x00606430,0x00606438,8
entry_00606438,0x00606438,0x00606464,44
entry_00606464,0x00606464,0x0060646C,8
entry_0060646c,0x0060646C,0x00606498,44
entry_00606498,0x00606498,0x006064A0,8
entry_006064a0,0x006064A0,0x006064D0,48
FUN_006064d0,0x006064D0,0x006064D1,1
FUN_006064e0,0x006064E0,0x006064F4,20
FUN_00606ca0,0x00606CA0,0x00606CB4,20
FUN_00607580,0x00607580,0x0060769C,284
entry_006075c8,0x006075C8,0x006075E4,28
entry_006075e4,0x006075E4,0x00607600,28
entry_00607600,0x00607600,0x0060761C,28
entry_0060761c,0x0060761C,0x00607638,28
entry_00607638,0x00607638,0x00607654,28
entry_00607654,0x00607654,0x00607670,28
entry_00607670,0x00607670,0x00607694,36
entry_00607694,0x00607694,0x00607698,4
entry_00607698,0x00607698,0x006076B0,24
FUN_006076b0,0x006076B0,0x006076B8,8
FUN_006077f0,0x006077F0,0x00607804,20
FUN_006078d0,0x006078D0,0x006079E0,272
entry_006078e0,0x006078E0,0x00607934,84
entry_00607934,0x00607934,0x00607974,64
entry_00607974,0x00607974,0x00607994,32
entry_00607994,0x00607994,0x006079B0,28
entry_006079b0,0x006079B0,0x006079F0,64
FUN_006079f0,0x006079F0,0x006079FC,12
FUN_00607f50,0x00607F50,0x00607FA8,84
entry_00607f8c,0x00607F8C,0x00607FA0,20
entry_00607fa0,0x00607FA0,0x00607FA4,4
entry_00607fa4,0x00607FA4,0x00607FC0,28
FUN_00607fc0,0x00607FC0,0x00608000,64
entry_00607fe4,0x00607FE4,0x00608010,44
FUN_00608010,0x00608010,0x006081B0,416
entry_00608044,0x00608044,0x00608060,28
entry_00608060,0x00608060,0x00608090,48
entry_00608090,0x00608090,0x006080B0,32
entry_006080b0,0x006080B0,0x006080D4,36
entry_006080d4,0x006080D4,0x006080FC,40
entry_006080fc,0x006080FC,0x00608124,40
entry_00608124,0x00608124,0x0060814C,40
entry_0060814c,0x0060814C,0x00608174,40
entry_00608174,0x00608174,0x0060819C,40
entry_0060819c,0x0060819C,0x006081A0,4
entry_006081a0,0x006081A0,0x006081A8,8
entry_006081a8,0x006081A8,0x00608220,120
FUN_00608220,0x00608220,0x00608234,20
FUN_00608400,0x00608400,0x006084E4,228
entry_0060842c,0x0060842C,0x00608474,72
entry_00608474,0x00608474,0x0060847C,8
entry_0060847c,0x0060847C,0x00608480,4
entry_00608480,0x00608480,0x006084E0,96
entry_006084e0,0x006084E0,0x006084F0,16
FUN_006084f0,0x006084F0,0x00608538,72
entry_00608534,0x00608534,0x00608540,12
FUN_00608540,0x00608540,0x0060854C,12
FUN_00608660,0x00608660,0x00608668,8
FUN_00608a90,0x00608A90,0x00608AAC,28
FUN_00608eb0,0x00608EB0,0x00608ECC,28
FUN_00609630,0x00609630,0x00609764,308
entry_0060975c,0x0060975C,0x00609760,4
entry_00609760,0x00609760,0x00609770,16
FUN_00609770,0x00609770,0x006097D4,100
FUN_006097e0,0x006097E0,0x0060990C,300
entry_00609824,0x00609824,0x00609840,28
entry_00609840,0x00609840,0x0060985C,28
entry_0060985c,0x0060985C,0x00609878,28
entry_00609878,0x00609878,0x00609894,28
entry_00609894,0x00609894,0x006098B0,28
entry_006098b0,0x006098B0,0x006098CC,28
entry_006098cc,0x006098CC,0x006098F0,36
entry_006098f0,0x006098F0,0x00609904,20
entry_00609904,0x00609904,0x00609908,4
entry_00609908,0x00609908,0x00609920,24
FUN_00609920,0x00609920,0x00609948,40
FUN_00609a60,0x00609A60,0x00609A68,8
FUN_0060a0e0,0x0060A0E0,0x0060A0E8,8
FUN_0060a300,0x0060A300,0x0060A308,8
FUN_0060a410,0x0060A410,0x0060A440,48
FUN_0060a470,0x0060A470,0x0060A484,20
FUN_0060a590,0x0060A590,0x0060A5E8,84
entry_0060a5cc,0x0060A5CC,0x0060A5E0,20
entry_0060a5e0,0x0060A5E0,0x0060A5E4,4
entry_0060a5e4,0x0060A5E4,0x0060A600,28
FUN_0060a600,0x0060A600,0x0060A638,56
entry_0060a61c,0x0060A61C,0x0060A640,36
FUN_0060a640,0x0060A640,0x0060A654,20
FUN_0060af20,0x0060AF20,0x0060AF30,16
FUN_0060b3d0,0x0060B3D0,0x0060B3D8,8
FUN_0060b8f0,0x0060B8F0,0x0060B91C,44
FUN_0060b960,0x0060B960,0x0060B994,52
FUN_0060ba20,0x0060BA20,0x0060BA2C,12
FUN_0060bc20,0x0060BC20,0x0060BC28,8
FUN_0060bcd0,0x0060BCD0,0x0060BCE4,20
FUN_0060be60,0x0060BE60,0x0060C028,44
entry_0060c020,0x0060C020,0x0060C030,16
FUN_0060c030,0x0060C030,0x0060C070,64
entry_0060c068,0x0060C068,0x0060C06C,4
entry_0060c06c,0x0060C06C,0x0060C0A0,52
FUN_0060c0a0,0x0060C0A0,0x0060C0B0,16
FUN_0060c180,0x0060C180,0x0060C18C,12
FUN_0060c300,0x0060C300,0x0060C30C,12
FUN_0060c4d0,0x0060C4D0,0x0060C4EC,28
FUN_0060c680,0x0060C680,0x0060C688,8
FUN_0060c830,0x0060C830,0x0060C838,8
FUN_0060ca80,0x0060CA80,0x0060CA98,24
FUN_0060cbb0,0x0060CBB0,0x0060CC70,168
entry_0060cc10,0x0060CC10,0x0060CC40,48
entry_0060cc40,0x0060CC40,0x0060CC44,4
entry_0060cc44,0x0060CC44,0x0060CC48,4
entry_0060cc48,0x0060CC48,0x0060CC68,32
entry_0060cc68,0x0060CC68,0x0060CC80,24
FUN_0060cc80,0x0060CC80,0x0060CD68,232
entry_0060cca8,0x0060CCA8,0x0060CD0C,100
entry_0060cd0c,0x0060CD0C,0x0060CD34,40
entry_0060cd34,0x0060CD34,0x0060CD44,16
entry_0060cd44,0x0060CD44,0x0060CD64,32
entry_0060cd64,0x0060CD64,0x0060CD80,28
FUN_0060cd80,0x0060CD80,0x0060CD88,8
FUN_0060cf10,0x0060CF10,0x0060D038,296
entry_0060cf78,0x0060CF78,0x0060CFA0,40
entry_0060cfa0,0x0060CFA0,0x0060CFC0,32
entry_0060cfc0,0x0060CFC0,0x0060CFF0,48
entry_0060cff0,0x0060CFF0,0x0060D010,32
entry_0060d010,0x0060D010,0x0060D01C,12
entry_0060d01c,0x0060D01C,0x0060D02C,16
entry_0060d02c,0x0060D02C,0x0060D030,4
entry_0060d030,0x0060D030,0x0060D034,4
entry_0060d034,0x0060D034,0x0060D050,28
FUN_0060d050,0x0060D050,0x0060D060,16
FUN_0060d140,0x0060D140,0x0060D244,92
entry_0060d230,0x0060D230,0x0060D238,8
entry_0060d238,0x0060D238,0x0060D23C,4
entry_0060d23c,0x0060D23C,0x0060D260,36
FUN_0060d260,0x0060D260,0x0060D270,16
FUN_0060d440,0x0060D440,0x0060D448,8
FUN_0060d580,0x0060D580,0x0060D588,8
FUN_0060d6b0,0x0060D6B0,0x0060D6B8,8
entry_0060e960,0x0060E960,0x0060EB90,560
FUN_0060eb90,0x0060EB90,0x0060EC1C,140
entry_0060ebf8,0x0060EBF8,0x0060EC00,8
entry_0060ec00,0x0060EC00,0x0060EC14,20
entry_0060ec14,0x0060EC14,0x0060EC18,4
entry_0060ec18,0x0060EC18,0x0060EC30,24
FUN_0060ec30,0x0060EC30,0x0060EC48,24
FUN_0060ec60,0x0060EC60,0x0060EC78,24
FUN_0060ec80,0x0060EC80,0x0060ECCC,68
entry_0060ecc4,0x0060ECC4,0x0060ECE0,28
FUN_0060ece0,0x0060ECE0,0x0060ED14,52
FUN_0060ed30,0x0060ED30,0x0060ED3C,12
FUN_0060ee50,0x0060EE50,0x0060EE5C,12
FUN_0060ef70,0x0060EF70,0x0060EF7C,12
FUN_0060f190,0x0060F190,0x0060F194,4
FUN_0060f1a0,0x0060F1A0,0x0060F1A4,4
FUN_0060f1b0,0x0060F1B0,0x0060F1BC,12
FUN_0060f5a0,0x0060F5A0,0x0060F648,168
entry_0060f5f0,0x0060F5F0,0x0060F610,32
entry_0060f610,0x0060F610,0x0060F62C,28
entry_0060f62c,0x0060F62C,0x0060F660,52
FUN_0060f660,0x0060F660,0x0060F66C,12
FUN_0060f720,0x0060F720,0x0060F728,8
FUN_0060f7b0,0x0060F7B0,0x0060F80C,92
entry_0060f7f8,0x0060F7F8,0x0060F7FC,4
entry_0060f7fc,0x0060F7FC,0x0060F820,36
FUN_0060f820,0x0060F820,0x0060F83C,28
FUN_0060f880,0x0060F880,0x0060FC18,220
entry_0060f8d8,0x0060F8D8,0x0060F900,40
entry_0060f900,0x0060F900,0x0060F90C,12
entry_0060f90c,0x0060F90C,0x0060FC10,772
entry_0060fc10,0x0060FC10,0x0060FC30,32
FUN_0060fc30,0x0060FC30,0x0060FC44,20
FUN_0060fcd0,0x0060FCD0,0x0060FCE8,24
FUN_0060ffd0,0x0060FFD0,0x0060FFD8,8
FUN_00610770,0x00610770,0x006107B8,72
entry_0061077c,0x0061077C,0x00610788,12
entry_00610788,0x00610788,0x006107A0,24
entry_006107a0,0x006107A0,0x006107B4,20
entry_006107b4,0x006107B4,0x006107C0,12
FUN_006107c0,0x006107C0,0x006107C8,8
FUN_006108a0,0x006108A0,0x0061098C,236
entry_006108d4,0x006108D4,0x006108EC,24
entry_006108ec,0x006108EC,0x00610908,28
entry_00610908,0x00610908,0x00610914,12
entry_00610914,0x00610914,0x00610934,32
entry_00610934,0x00610934,0x00610948,20
entry_00610948,0x00610948,0x00610954,12
entry_00610954,0x00610954,0x00610974,32
entry_00610974,0x00610974,0x006109A0,44
FUN_006109a0,0x006109A0,0x006109A8,8
FUN_00610a70,0x00610A70,0x00610AFC,140
entry_00610aa8,0x00610AA8,0x00610ABC,20
entry_00610abc,0x00610ABC,0x00610AC8,12
entry_00610ac8,0x00610AC8,0x00610AE8,32
entry_00610ae8,0x00610AE8,0x00610B10,40
FUN_00610b10,0x00610B10,0x00610B94,132
entry_00610b40,0x00610B40,0x00610B54,20
entry_00610b54,0x00610B54,0x00610B60,12
entry_00610b60,0x00610B60,0x00610B80,32
entry_00610b80,0x00610B80,0x00610BB0,48
FUN_00610bb0,0x00610BB0,0x00610C1C,108
entry_00610bdc,0x00610BDC,0x00610BE8,12
entry_00610be8,0x00610BE8,0x00610C08,32
entry_00610c08,0x00610C08,0x00610C30,40
FUN_00610c30,0x00610C30,0x00610C38,8
FUN_00610cb0,0x00610CB0,0x00610CB8,8
FUN_00611ce0,0x00611CE0,0x00611E04,292
FUN_00612020,0x00612020,0x00612028,8
FUN_00612640,0x00612640,0x00612650,16
FUN_006129f0,0x006129F0,0x006129F8,8
FUN_00612b40,0x00612B40,0x00612C04,92
entry_00612b70,0x00612B70,0x00612B84,20
entry_00612b84,0x00612B84,0x00612BF8,116
entry_00612bf8,0x00612BF8,0x00612C00,8
entry_00612c00,0x00612C00,0x00612C20,32
FUN_00612c20,0x00612C20,0x00612C2C,12
FUN_006136c0,0x006136C0,0x006136C8,8
FUN_00613760,0x00613760,0x00613768,8
FUN_00613910,0x00613910,0x00613918,8
FUN_00613bc0,0x00613BC0,0x00613BC8,8
FUN_00613f70,0x00613F70,0x00613F8C,28
FUN_00614270,0x00614270,0x0061427C,12
FUN_00614470,0x00614470,0x0061447C,12
FUN_006145f0,0x006145F0,0x006145FC,12
FUN_00614800,0x00614800,0x00614814,20
FUN_00614ac0,0x00614AC0,0x00614BDC,124
entry_00614b90,0x00614B90,0x00614BB4,36
entry_00614bb4,0x00614BB4,0x00614BCC,24
entry_00614bcc,0x00614BCC,0x00614BD8,12
entry_00614bd8,0x00614BD8,0x00614CC0,232
FUN_00614cc0,0x00614CC0,0x00614CCC,12
FUN_00614e10,0x00614E10,0x00614E1C,12
FUN_006151e0,0x006151E0,0x006151E8,8
FUN_00615bf0,0x00615BF0,0x00615BFC,12
FUN_00615e50,0x00615E50,0x00615E64,20
FUN_00615fb0,0x00615FB0,0x00615FB8,8
entry_00616370,0x00616370,0x00616CA0,2352
FUN_00616ca0,0x00616CA0,0x00616CB0,16
FUN_00617000,0x00617000,0x0061701C,28
FUN_006175f0,0x006175F0,0x006175F8,8
FUN_006176a0,0x006176A0,0x006176B4,20
FUN_006177d0,0x006177D0,0x006177D8,8
FUN_006178d0,0x006178D0,0x006178D1,1
FUN_00617930,0x00617930,0x00617964,52
entry_00617960,0x00617960,0x006179A0,64
FUN_006179a0,0x006179A0,0x006179AC,12
FUN_00617b10,0x00617B10,0x00617B18,8
FUN_00617c30,0x00617C30,0x00617C40,16
FUN_00617d00,0x00617D00,0x00617D18,24
FUN_00618020,0x00618020,0x00618021,1
FUN_00618030,0x00618030,0x00618040,16
FUN_006183f0,0x006183F0,0x00618404,20
FUN_00618670,0x00618670,0x00618678,8
FUN_00618790,0x00618790,0x006187A4,20
FUN_00618a50,0x00618A50,0x00618A5C,12
FUN_00618b50,0x00618B50,0x00618B68,24
FUN_00618dd0,0x00618DD0,0x00618DE4,20
FUN_00619150,0x00619150,0x0061928C,108
entry_00619184,0x00619184,0x00619198,20
entry_00619198,0x00619198,0x00619288,240
entry_00619288,0x00619288,0x006192B0,40
FUN_006192b0,0x006192B0,0x006193E4,220
entry_006192d8,0x006192D8,0x006192DC,4
entry_006192dc,0x006192DC,0x006192FC,32
entry_006192fc,0x006192FC,0x0061931C,32
entry_0061931c,0x0061931C,0x00619340,36
entry_00619340,0x00619340,0x00619360,32
entry_00619360,0x00619360,0x006193DC,124
entry_006193dc,0x006193DC,0x006193E0,4
entry_006193e0,0x006193E0,0x00619400,32
FUN_00619400,0x00619400,0x00619408,8
FUN_00619960,0x00619960,0x0061996C,12
FUN_00619bd0,0x00619BD0,0x00619BE4,20
FUN_00619db0,0x00619DB0,0x00619DC4,20
FUN_00619f90,0x00619F90,0x00619F98,8
FUN_0061a170,0x0061A170,0x0061A184,20
FUN_0061a4d0,0x0061A4D0,0x0061A4E0,16
FUN_0061a9a0,0x0061A9A0,0x0061A9B4,20
FUN_0061b0c0,0x0061B0C0,0x0061B0DC,28
FUN_0061b380,0x0061B380,0x0061B394,20
FUN_0061b700,0x0061B700,0x0061B7BC,180
entry_0061b738,0x0061B738,0x0061B740,8
entry_0061b740,0x0061B740,0x0061B75C,28
entry_0061b75c,0x0061B75C,0x0061B77C,32
entry_0061b77c,0x0061B77C,0x0061B790,20
entry_0061b790,0x0061B790,0x0061B7B8,40
entry_0061b7b8,0x0061B7B8,0x0061B7E0,40
FUN_0061b7e0,0x0061B7E0,0x0061B7E8,8
FUN_0061b940,0x0061B940,0x0061B950,16
FUN_0061bb20,0x0061BB20,0x0061BBB8,132
entry_0061bb70,0x0061BB70,0x0061BB90,32
entry_0061bb90,0x0061BB90,0x0061BBA4,20
entry_0061bba4,0x0061BBA4,0x0061BBB4,16
entry_0061bbb4,0x0061BBB4,0x0061BBD0,28
FUN_0061bbd0,0x0061BBD0,0x0061BC24,84
entry_0061bc20,0x0061BC20,0x0061BC50,48
FUN_0061bc50,0x0061BC50,0x0061BDC0,352
entry_0061bc90,0x0061BC90,0x0061BC94,4
entry_0061bc94,0x0061BC94,0x0061BCA4,16
entry_0061bca4,0x0061BCA4,0x0061BCA8,4
entry_0061bca8,0x0061BCA8,0x0061BCBC,20
entry_0061bcbc,0x0061BCBC,0x0061BCD4,24
entry_0061bcd4,0x0061BCD4,0x0061BCDC,8
entry_0061bcdc,0x0061BCDC,0x0061BCF8,28
entry_0061bcf8,0x0061BCF8,0x0061BD14,28
entry_0061bd14,0x0061BD14,0x0061BD24,16
entry_0061bd24,0x0061BD24,0x0061BD44,32
entry_0061bd44,0x0061BD44,0x0061BD4C,8
entry_0061bd4c,0x0061BD4C,0x0061BD68,28
entry_0061bd68,0x0061BD68,0x0061BD84,28
entry_0061bd84,0x0061BD84,0x0061BD94,16
entry_0061bd94,0x0061BD94,0x0061BDAC,24
entry_0061bdac,0x0061BDAC,0x0061BDD0,36
FUN_0061bdd0,0x0061BDD0,0x0061BDDC,12
FUN_0061be80,0x0061BE80,0x0061BEF0,112
entry_0061bec4,0x0061BEC4,0x0061BEE8,36
entry_0061bee8,0x0061BEE8,0x0061BF00,24
FUN_0061bf00,0x0061BF00,0x0061BF08,8
FUN_0061c290,0x0061C290,0x0061C2A4,20
FUN_0061c510,0x0061C510,0x0061C574,80
entry_0061c544,0x0061C544,0x0061C55C,24
entry_0061c55c,0x0061C55C,0x0061C570,20
entry_0061c570,0x0061C570,0x0061C580,16
FUN_0061c580,0x0061C580,0x0061C5B8,52
entry_0061c5a0,0x0061C5A0,0x0061C5B4,20
entry_0061c5b4,0x0061C5B4,0x0061C5C0,12
FUN_0061c5c0,0x0061C5C0,0x0061C5FC,52
entry_0061c5e0,0x0061C5E0,0x0061C5F8,24
entry_0061c5f8,0x0061C5F8,0x0061C610,24
FUN_0061c610,0x0061C610,0x0061C611,1
FUN_0061c640,0x0061C640,0x0061C648,8
FUN_0061c6e0,0x0061C6E0,0x0061C6EC,12
FUN_0061c770,0x0061C770,0x0061C7B4,68
entry_0061c7a0,0x0061C7A0,0x0061C7F0,80
FUN_0061c7f0,0x0061C7F0,0x0061C7FC,12
FUN_0061c890,0x0061C890,0x0061C89C,12
FUN_0061ca70,0x0061CA70,0x0061CAE8,120
entry_0061cac8,0x0061CAC8,0x0061CACC,4
entry_0061cacc,0x0061CACC,0x0061CAE0,20
entry_0061cae0,0x0061CAE0,0x0061CAE4,4
entry_0061cae4,0x0061CAE4,0x0061CB00,28
FUN_0061cb00,0x0061CB00,0x0061CCB4,436
entry_0061cb64,0x0061CB64,0x0061CC5C,248
entry_0061cc5c,0x0061CC5C,0x0061CC6C,16
entry_0061cc6c,0x0061CC6C,0x0061CCA0,52
entry_0061cca0,0x0061CCA0,0x0061CCAC,12
entry_0061ccac,0x0061CCAC,0x0061CCD0,36
FUN_0061ccd0,0x0061CCD0,0x0061CCDC,12
FUN_0061ccf0,0x0061CCF0,0x0061CCF8,8
FUN_0061cf00,0x0061CF00,0x0061CF0C,12
FUN_0061d030,0x0061D030,0x0061D03C,12
FUN_0061d190,0x0061D190,0x0061D1C8,48
entry_0061d1b0,0x0061D1B0,0x0061D1C4,20
entry_0061d1c4,0x0061D1C4,0x0061D2B0,236
FUN_0061d2b0,0x0061D2B0,0x0061D2B8,8
FUN_0061d3b0,0x0061D3B0,0x0061D3CC,28
FUN_0061d910,0x0061D910,0x0061D960,80
entry_0061d954,0x0061D954,0x0061DA00,172
FUN_0061da00,0x0061DA00,0x0061DA10,16
FUN_0061dea0,0x0061DEA0,0x0061DEF0,80
entry_0061dee4,0x0061DEE4,0x0061DF10,44
FUN_0061df10,0x0061DF10,0x0061DF68,84
entry_0061df4c,0x0061DF4C,0x0061DF60,20
entry_0061df60,0x0061DF60,0x0061DF64,4
entry_0061df64,0x0061DF64,0x0061DF80,28
FUN_0061df80,0x0061DF80,0x0061DFB8,56
entry_0061df9c,0x0061DF9C,0x0061DFC0,36
FUN_0061dfc0,0x0061DFC0,0x0061E024,96
entry_0061dfd8,0x0061DFD8,0x0061E014,60
entry_0061e014,0x0061E014,0x0061E040,44
FUN_0061e040,0x0061E040,0x0061E090,80
entry_0061e080,0x0061E080,0x0061E0E0,96
FUN_0061e0e0,0x0061E0E0,0x0061E0F0,16
FUN_0061e260,0x0061E260,0x0061E364,260
entry_0061e2a8,0x0061E2A8,0x0061E2D0,40
entry_0061e2d0,0x0061E2D0,0x0061E314,68
entry_0061e314,0x0061E314,0x0061E320,12
entry_0061e320,0x0061E320,0x0061E32C,12
entry_0061e32c,0x0061E32C,0x0061E338,12
entry_0061e338,0x0061E338,0x0061E360,40
entry_0061e360,0x0061E360,0x0061E380,32
FUN_0061e380,0x0061E380,0x0061E38C,12
FUN_0061e440,0x0061E440,0x0061E44C,12
FUN_0061e4c0,0x0061E4C0,0x0061E4CC,12
FUN_0061e540,0x0061E540,0x0061E54C,12
FUN_0061e5c0,0x0061E5C0,0x0061E5D4,20
FUN_0061e6c0,0x0061E6C0,0x0061E6CC,12
FUN_0061e7b0,0x0061E7B0,0x0061E7B8,8
FUN_0061e8c0,0x0061E8C0,0x0061E8D0,16
FUN_0061ea70,0x0061EA70,0x0061EA84,20
FUN_0061eb20,0x0061EB20,0x0061EB30,16
FUN_0061ee90,0x0061EE90,0x0061F03C,392
entry_0061eec8,0x0061EEC8,0x0061EED4,12
entry_0061eed4,0x0061EED4,0x0061EF48,116
entry_0061ef48,0x0061EF48,0x0061EF60,24
entry_0061ef60,0x0061EF60,0x0061EF78,24
entry_0061ef78,0x0061EF78,0x0061F050,216
FUN_0061f050,0x0061F050,0x0061F058,8
FUN_0061f0d0,0x0061F0D0,0x0061F0DC,12
FUN_0061f280,0x0061F280,0x0061F290,16
FUN_0061f3c0,0x0061F3C0,0x0061F3D0,16
FUN_0061f740,0x0061F740,0x0061F750,16
FUN_0061fa70,0x0061FA70,0x0061FA80,16
FUN_0061fdb0,0x0061FDB0,0x0061FDC0,16
FUN_0061ffb0,0x0061FFB0,0x0061FFC4,20
FUN_00620090,0x00620090,0x006200A4,20
FUN_00620180,0x00620180,0x00620194,20
FUN_006202c0,0x006202C0,0x006202C8,8
FUN_006203d0,0x006203D0,0x006203E4,20
FUN_00620520,0x00620520,0x0062052C,12
FUN_00620640,0x00620640,0x0062066C,44
entry_0062065c,0x0062065C,0x006206E0,132
FUN_006206e0,0x006206E0,0x006207A0,192
entry_00620720,0x00620720,0x0062073C,28
entry_0062073c,0x0062073C,0x00620758,28
entry_00620758,0x00620758,0x00620774,28
entry_00620774,0x00620774,0x00620798,36
entry_00620798,0x00620798,0x0062079C,4
entry_0062079c,0x0062079C,0x006207B0,20
FUN_006207b0,0x006207B0,0x006207B8,8
FUN_00620890,0x00620890,0x0062089C,12
FUN_00620dd0,0x00620DD0,0x00620E08,56
entry_00620dec,0x00620DEC,0x00620E10,36
FUN_00620e10,0x00620E10,0x00620EA0,140
entry_00620e48,0x00620E48,0x00620E64,28
entry_00620e64,0x00620E64,0x00620E84,32
entry_00620e84,0x00620E84,0x00620E98,20
entry_00620e98,0x00620E98,0x00620E9C,4
entry_00620e9c,0x00620E9C,0x00620EB0,20
FUN_00620eb0,0x00620EB0,0x00620EB1,1
FUN_00620ed0,0x00620ED0,0x00620ED8,8
FUN_00620fa0,0x00620FA0,0x00620FD4,52
FUN_00620ff0,0x00620FF0,0x00620FF8,8
FUN_00621150,0x00621150,0x00621164,20
FUN_006216a0,0x006216A0,0x006216E0,64
FUN_006217d0,0x006217D0,0x006217D8,8
FUN_00621b70,0x00621B70,0x00621BC8,88
FUN_00621c40,0x00621C40,0x00621C48,8
FUN_00622030,0x00622030,0x00622040,16
FUN_00622db0,0x00622DB0,0x00622DC0,16
FUN_00623c30,0x00623C30,0x00623C40,16
FUN_00624880,0x00624880,0x00624894,20
FUN_00624ba0,0x00624BA0,0x00624BC0,32
FUN_00624fd0,0x00624FD0,0x00625020,80
entry_00625018,0x00625018,0x0062501C,4
entry_0062501c,0x0062501C,0x00625030,20
FUN_00625030,0x00625030,0x00625044,20
FUN_00625070,0x00625070,0x00625088,24
FUN_00625350,0x00625350,0x00625368,24
FUN_006255f0,0x006255F0,0x00625608,24
FUN_00625770,0x00625770,0x006257C8,84
entry_006257ac,0x006257AC,0x006257C0,20
entry_006257c0,0x006257C0,0x006257C4,4
entry_006257c4,0x006257C4,0x006257E0,28
FUN_006257e0,0x006257E0,0x00625838,84
entry_0062581c,0x0062581C,0x00625830,20
entry_00625830,0x00625830,0x00625834,4
entry_00625834,0x00625834,0x00625850,28
FUN_00625850,0x00625850,0x006258A8,84
entry_0062588c,0x0062588C,0x006258A0,20
entry_006258a0,0x006258A0,0x006258A4,4
entry_006258a4,0x006258A4,0x006258C0,28
FUN_006258c0,0x006258C0,0x006258C8,8
FUN_00625940,0x00625940,0x00625948,8
FUN_006259d0,0x006259D0,0x006259D8,8
FUN_00625a90,0x00625A90,0x00625A98,8
FUN_00625ba0,0x00625BA0,0x00625C8C,96
entry_00625c84,0x00625C84,0x00625CA0,28
FUN_00625ca0,0x00625CA0,0x00625D00,88
entry_00625ce4,0x00625CE4,0x00625CF4,16
entry_00625cf4,0x00625CF4,0x00625E20,300
FUN_00625e20,0x00625E20,0x00625E70,80
FUN_00625e90,0x00625E90,0x00625F14,120
entry_00625edc,0x00625EDC,0x00625EFC,32
entry_00625efc,0x00625EFC,0x00625F20,36
FUN_00625f20,0x00625F20,0x00625FA0,116
entry_00625f6c,0x00625F6C,0x00625F88,28
entry_00625f88,0x00625F88,0x00625FB0,40
FUN_00625fb0,0x00625FB0,0x00625FE8,56
FUN_00626070,0x00626070,0x00626078,8
FUN_00626130,0x00626130,0x00626138,8
FUN_006261f0,0x006261F0,0x00626218,40
FUN_006262a0,0x006262A0,0x006262C0,32
FUN_00626300,0x00626300,0x006264FC,76
entry_00626338,0x00626338,0x006264F8,448
entry_006264f8,0x006264F8,0x00626510,24
FUN_00626510,0x00626510,0x00626528,24
FUN_00626610,0x00626610,0x00626650,64
entry_00626648,0x00626648,0x0062664C,4
entry_0062664c,0x0062664C,0x00626660,20
FUN_00626660,0x00626660,0x006266D4,116
FUN_006266e0,0x006266E0,0x006266F4,20
FUN_00626820,0x00626820,0x00626834,20
FUN_00626a50,0x00626A50,0x00626AA0,80
entry_00626a98,0x00626A98,0x00626A9C,4
entry_00626a9c,0x00626A9C,0x00626AB0,20
FUN_00626ab0,0x00626AB0,0x00626AF0,64
FUN_00626b20,0x00626B20,0x00626B34,20
FUN_00626b80,0x00626B80,0x00626D30,340
entry_00626bcc,0x00626BCC,0x00626BFC,48
entry_00626bfc,0x00626BFC,0x00626C14,24
entry_00626c14,0x00626C14,0x00626C18,4
entry_00626c18,0x00626C18,0x00626C38,32
entry_00626c38,0x00626C38,0x00626C44,12
entry_00626c44,0x00626C44,0x00626CA8,100
entry_00626ca8,0x00626CA8,0x00626CC0,24
entry_00626cc0,0x00626CC0,0x00626CCC,12
entry_00626ccc,0x00626CCC,0x00626CE8,28
entry_00626ce8,0x00626CE8,0x00626CF4,12
entry_00626cf4,0x00626CF4,0x00626D18,36
entry_00626d18,0x00626D18,0x00626D28,16
entry_00626d28,0x00626D28,0x00626D50,40
FUN_00626d50,0x00626D50,0x00626D5C,12
FUN_00626e10,0x00626E10,0x00626E24,20
FUN_00626ee0,0x00626EE0,0x00626F00,32
FUN_00627310,0x00627310,0x00627360,80
entry_00627358,0x00627358,0x0062735C,4
entry_0062735c,0x0062735C,0x00627370,20
FUN_00627370,0x00627370,0x006273BC,76
FUN_00627460,0x00627460,0x0062747C,28
FUN_006274b0,0x006274B0,0x006274C0,16
FUN_00627900,0x00627900,0x006279AC,172
entry_00627918,0x00627918,0x00627954,60
entry_00627954,0x00627954,0x00627994,64
entry_00627994,0x00627994,0x00627A10,124
FUN_00627a10,0x00627A10,0x00627A1C,12
FUN_00627b50,0x00627B50,0x00627DBC,620
entry_00627bac,0x00627BAC,0x00627BB4,8
entry_00627bb4,0x00627BB4,0x00627BBC,8
entry_00627bbc,0x00627BBC,0x00627BC8,12
entry_00627bc8,0x00627BC8,0x00627BCC,4
entry_00627bcc,0x00627BCC,0x00627BEC,32
entry_00627bec,0x00627BEC,0x00627C28,60
entry_00627c28,0x00627C28,0x00627C4C,36
entry_00627c4c,0x00627C4C,0x00627CA4,88
entry_00627ca4,0x00627CA4,0x00627CBC,24
entry_00627cbc,0x00627CBC,0x00627CF8,60
entry_00627cf8,0x00627CF8,0x00627D18,32
entry_00627d18,0x00627D18,0x00627D44,44
entry_00627d44,0x00627D44,0x00627D80,60
entry_00627d80,0x00627D80,0x00627D9C,28
entry_00627d9c,0x00627D9C,0x00627DA0,4
entry_00627da0,0x00627DA0,0x00627DA8,8
entry_00627da8,0x00627DA8,0x00627DB8,16
entry_00627db8,0x00627DB8,0x00627DD0,24
FUN_00627dd0,0x00627DD0,0x00627F40,368
entry_00627df4,0x00627DF4,0x00627E34,64
entry_00627e34,0x00627E34,0x00627E78,68
entry_00627e78,0x00627E78,0x00627EA8,48
entry_00627ea8,0x00627EA8,0x00627EF0,72
entry_00627ef0,0x00627EF0,0x00627F1C,44
entry_00627f1c,0x00627F1C,0x00627F2C,16
entry_00627f2c,0x00627F2C,0x00627F50,36
FUN_00627f50,0x00627F50,0x00627FB8,104
entry_00627f68,0x00627F68,0x00628000,152
FUN_00628000,0x00628000,0x00628010,16
FUN_006280a0,0x006280A0,0x006280A8,8
FUN_006281d0,0x006281D0,0x00628378,424
entry_00628220,0x00628220,0x006282F0,208
entry_006282f0,0x006282F0,0x00628640,848
FUN_00628640,0x00628640,0x00628654,20
FUN_00628980,0x00628980,0x00628A04,132
entry_006289a4,0x006289A4,0x006289B8,20
entry_006289b8,0x006289B8,0x006289BC,4
entry_006289bc,0x006289BC,0x006289F8,60
entry_006289f8,0x006289F8,0x00628A00,8
entry_00628a00,0x00628A00,0x00628A70,112
FUN_00628a70,0x00628A70,0x00628B6C,184
entry_00628a8c,0x00628A8C,0x00628B68,220
entry_00628b68,0x00628B68,0x00628B80,24
FUN_00628b80,0x00628B80,0x00628B98,24
FUN_00628ba0,0x00628BA0,0x00628C70,208
entry_00628bf8,0x00628BF8,0x00628C34,60
entry_00628c34,0x00628C34,0x00628C3C,8
entry_00628c3c,0x00628C3C,0x00628C44,8
entry_00628c44,0x00628C44,0x00628C60,28
entry_00628c60,0x00628C60,0x00628C80,32
FUN_00628c80,0x00628C80,0x00628CAC,44
FUN_00628cc0,0x00628CC0,0x00628CD0,16
FUN_00628d70,0x00628D70,0x00628D88,24
FUN_006290c0,0x006290C0,0x006290E0,32
FUN_006290f0,0x006290F0,0x00629198,168
entry_00629100,0x00629100,0x0062910C,12
entry_0062910c,0x0062910C,0x00629130,36
entry_00629130,0x00629130,0x00629154,36
entry_00629154,0x00629154,0x00629168,20
entry_00629168,0x00629168,0x00629180,24
entry_00629180,0x00629180,0x00629190,16
entry_00629190,0x00629190,0x006291A0,16
FUN_006291a0,0x006291A0,0x006291B0,16
FUN_006294e0,0x006294E0,0x006294F0,16
FUN_006298d0,0x006298D0,0x006298F4,36
entry_006298f0,0x006298F0,0x00629900,16
FUN_00629900,0x00629900,0x00629938,56
FUN_00629a20,0x00629A20,0x00629A30,16
FUN_00629b10,0x00629B10,0x00629B1C,12
FUN_00629c70,0x00629C70,0x00629D4C,64
entry_00629d48,0x00629D48,0x00629D60,24
FUN_00629d60,0x00629D60,0x00629DD4,88
entry_00629db8,0x00629DB8,0x00629DCC,20
entry_00629dcc,0x00629DCC,0x00629DD0,4
entry_00629dd0,0x00629DD0,0x00629DF0,32
FUN_00629df0,0x00629DF0,0x00629E04,20
FUN_0062a220,0x0062A220,0x0062A2D4,180
entry_0062a260,0x0062A260,0x0062A298,56
entry_0062a298,0x0062A298,0x0062A2D0,56
entry_0062a2d0,0x0062A2D0,0x0062A2F0,32
FUN_0062a2f0,0x0062A2F0,0x0062A324,52
FUN_0062a340,0x0062A340,0x0062A34C,12
FUN_0062a6f0,0x0062A6F0,0x0062A70C,28
FUN_0062a7f0,0x0062A7F0,0x0062A86C,124
entry_0062a828,0x0062A828,0x0062A83C,20
entry_0062a83c,0x0062A83C,0x0062A858,28
entry_0062a858,0x0062A858,0x0062A85C,4
entry_0062a85c,0x0062A85C,0x0062A868,12
entry_0062a868,0x0062A868,0x0062A880,24
FUN_0062a880,0x0062A880,0x0062A888,8
FUN_0062a920,0x0062A920,0x0062A98C,108
entry_0062a944,0x0062A944,0x0062A960,28
entry_0062a960,0x0062A960,0x0062A964,4
entry_0062a964,0x0062A964,0x0062A984,32
entry_0062a984,0x0062A984,0x0062A9A0,28
entry_0062a9a0,0x0062A9A0,0x0062AA30,144
FUN_0062aa30,0x0062AA30,0x0062AA48,24
FUN_0062aa90,0x0062AA90,0x0062AA9C,12
FUN_0062afb0,0x0062AFB0,0x0062AFC8,24
FUN_0062b230,0x0062B230,0x0062B231,1
FUN_0062b240,0x0062B240,0x0062B241,1
FUN_0062b250,0x0062B250,0x0062B3B4,356
entry_0062b27c,0x0062B27C,0x0062B298,28
entry_0062b298,0x0062B298,0x0062B2D8,64
entry_0062b2d8,0x0062B2D8,0x0062B2FC,36
entry_0062b2fc,0x0062B2FC,0x0062B300,4
entry_0062b300,0x0062B300,0x0062B354,84
entry_0062b354,0x0062B354,0x0062B3A8,84
entry_0062b3a8,0x0062B3A8,0x0062B3B0,8
entry_0062b3b0,0x0062B3B0,0x0062B3D0,32
FUN_0062b3d0,0x0062B3D0,0x0062B42C,92
entry_0062b3f4,0x0062B3F4,0x0062B404,16
entry_0062b404,0x0062B404,0x0062B420,28
entry_0062b420,0x0062B420,0x0062B440,32
FUN_0062b440,0x0062B440,0x0062B450,16
entry_0062b918,0x0062B918,0x0062B920,8
entry_0062b920,0x0062B920,0x0062BA20,256
FUN_0062ba20,0x0062BA20,0x0062BA90,112
entry_0062ba44,0x0062BA44,0x0062BA6C,40
entry_0062ba6c,0x0062BA6C,0x0062BA74,8
entry_0062ba74,0x0062BA74,0x0062BA7C,8
entry_0062ba7c,0x0062BA7C,0x0062BA80,4
entry_0062ba80,0x0062BA80,0x0062BAC0,64
FUN_0062bac0,0x0062BAC0,0x0062BB14,84
entry_0062baf0,0x0062BAF0,0x0062BB0C,28
entry_0062bb0c,0x0062BB0C,0x0062BB20,20
FUN_0062bb20,0x0062BB20,0x0062BB54,52
FUN_0062bbf0,0x0062BBF0,0x0062BC18,40
entry_0062bc0c,0x0062BC0C,0x0062BC20,20
FUN_0062bc20,0x0062BC20,0x0062BC60,64
entry_0062bc3c,0x0062BC3C,0x0062BC58,28
entry_0062bc58,0x0062BC58,0x0062BC5C,4
entry_0062bc5c,0x0062BC5C,0x0062BC64,8
entry_0062bc64,0x0062BC64,0x0062BC70,12
FUN_0062bc70,0x0062BC70,0x0062BC78,8
FUN_0062bc80,0x0062BC80,0x0062BC88,8
FUN_0062bd30,0x0062BD30,0x0062BD98,104
entry_0062bd70,0x0062BD70,0x0062BD8C,28
entry_0062bd8c,0x0062BD8C,0x0062BD94,8
entry_0062bd94,0x0062BD94,0x0062BDB0,28
FUN_0062bdb0,0x0062BDB0,0x0062BDB4,4
FUN_0062bdd0,0x0062BDD0,0x0062BDD4,4
FUN_0062bde0,0x0062BDE0,0x0062BDE8,8
FUN_0062bf30,0x0062BF30,0x0062BF50,32
entry_0062bf4c,0x0062BF4C,0x0062BF60,20
FUN_0062bf60,0x0062BF60,0x0062BF74,20
FUN_0062c270,0x0062C270,0x0062C290,32
entry_0062c28c,0x0062C28C,0x0062C2A0,20
FUN_0062c2a0,0x0062C2A0,0x0062C2AC,12
FUN_0062c7e0,0x0062C7E0,0x0062C85C,124
entry_0062c804,0x0062C804,0x0062C810,12
entry_0062c810,0x0062C810,0x0062C858,72
entry_0062c858,0x0062C858,0x0062C870,24
FUN_0062c870,0x0062C870,0x0062C8BC,76
entry_0062c898,0x0062C898,0x0062C8B4,28
entry_0062c8b4,0x0062C8B4,0x0062C8B8,4
entry_0062c8b8,0x0062C8B8,0x0062C8D0,24
FUN_0062c8d0,0x0062C8D0,0x0062C944,112
entry_0062c90c,0x0062C90C,0x0062C934,40
entry_0062c934,0x0062C934,0x0062C940,12
entry_0062c940,0x0062C940,0x0062C950,16
FUN_0062c950,0x0062C950,0x0062C9A4,84
entry_0062c998,0x0062C998,0x0062C9A0,8
entry_0062c9a0,0x0062C9A0,0x0062C9B0,16
FUN_0062c9b0,0x0062C9B0,0x0062C9B8,8
FUN_0062cac0,0x0062CAC0,0x0062CB88,200
entry_0062cae4,0x0062CAE4,0x0062CAFC,24
entry_0062cafc,0x0062CAFC,0x0062CB14,24
entry_0062cb14,0x0062CB14,0x0062CB1C,8
entry_0062cb1c,0x0062CB1C,0x0062CB2C,16
entry_0062cb2c,0x0062CB2C,0x0062CB44,24
entry_0062cb44,0x0062CB44,0x0062CB60,28
entry_0062cb60,0x0062CB60,0x0062CB6C,12
entry_0062cb6c,0x0062CB6C,0x0062CB84,24
entry_0062cb84,0x0062CB84,0x0062CBA0,28
FUN_0062cba0,0x0062CBA0,0x0062CBA8,8
FUN_0062cbb0,0x0062CBB0,0x0062CBB8,8
FUN_0062da60,0x0062DA60,0x0062DA6C,12
FUN_0062dd60,0x0062DD60,0x0062DD88,40
FUN_0062df50,0x0062DF50,0x0062DF8C,60
entry_0062df84,0x0062DF84,0x0062DFA0,28
FUN_0062dfa0,0x0062DFA0,0x0062DFCC,44
entry_0062dfc4,0x0062DFC4,0x0062DFE0,28
FUN_0062dfe0,0x0062DFE0,0x0062E000,32
entry_0062dffc,0x0062DFFC,0x0062E010,20
FUN_0062e010,0x0062E010,0x0062E090,128
entry_0062e034,0x0062E034,0x0062E040,12
entry_0062e040,0x0062E040,0x0062E08C,76
entry_0062e08c,0x0062E08C,0x0062E0A0,20
FUN_0062e0a0,0x0062E0A0,0x0062E0A8,8
FUN_0062e200,0x0062E200,0x0062E230,48
entry_0062e22c,0x0062E22C,0x0062E240,20
FUN_0062e240,0x0062E240,0x0062E274,52
entry_0062e270,0x0062E270,0x0062E280,16
FUN_0062e280,0x0062E280,0x0062E2D0,80
entry_0062e298,0x0062E298,0x0062E2B0,24
entry_0062e2b0,0x0062E2B0,0x0062E2D0,32
FUN_0062e2d0,0x0062E2D0,0x0062E2D8,8
FUN_0062e470,0x0062E470,0x0062E488,24
FUN_0062e490,0x0062E490,0x0062E4CC,60
entry_0062e4ac,0x0062E4AC,0x0062E4C0,20
entry_0062e4c0,0x0062E4C0,0x0062E4C8,8
entry_0062e4c8,0x0062E4C8,0x0062E4E0,24
FUN_0062e4e0,0x0062E4E0,0x0062E51C,60
entry_0062e4fc,0x0062E4FC,0x0062E510,20
entry_0062e510,0x0062E510,0x0062E518,8
entry_0062e518,0x0062E518,0x0062E530,24
FUN_0062e530,0x0062E530,0x0062E56C,60
entry_0062e54c,0x0062E54C,0x0062E560,20
entry_0062e560,0x0062E560,0x0062E568,8
entry_0062e568,0x0062E568,0x0062E580,24
FUN_0062e580,0x0062E580,0x0062E5B8,56
entry_0062e5ac,0x0062E5AC,0x0062E5B4,8
entry_0062e5b4,0x0062E5B4,0x0062E5C0,12
FUN_0062e5c0,0x0062E5C0,0x0062E5EC,44
entry_0062e5e8,0x0062E5E8,0x0062E600,24
FUN_0062e600,0x0062E600,0x0062E644,68
entry_0062e63c,0x0062E63C,0x0062E650,20
FUN_0062e650,0x0062E650,0x0062E714,196
entry_0062e678,0x0062E678,0x0062E69C,36
entry_0062e69c,0x0062E69C,0x0062E710,116
entry_0062e710,0x0062E710,0x0062E730,32
FUN_0062e730,0x0062E730,0x0062E738,8
FUN_0062e820,0x0062E820,0x0062E8E0,192
entry_0062e844,0x0062E844,0x0062E8C0,124
entry_0062e8c0,0x0062E8C0,0x0062E8DC,28
entry_0062e8dc,0x0062E8DC,0x0062E8F0,20
FUN_0062e8f0,0x0062E8F0,0x0062E9CC,220
entry_0062e91c,0x0062E91C,0x0062E954,56
entry_0062e954,0x0062E954,0x0062E998,68
entry_0062e998,0x0062E998,0x0062E9B4,28
entry_0062e9b4,0x0062E9B4,0x0062E9B8,4
entry_0062e9b8,0x0062E9B8,0x0062E9C0,8
entry_0062e9c0,0x0062E9C0,0x0062E9C8,8
entry_0062e9c8,0x0062E9C8,0x0062EBB0,488
FUN_0062ebb0,0x0062EBB0,0x0062EBC8,24
FUN_0062ec90,0x0062EC90,0x0062ECE0,60
entry_0062ecd8,0x0062ECD8,0x0062ECDC,4
entry_0062ecdc,0x0062ECDC,0x0062ECF0,20
FUN_0062ecf0,0x0062ECF0,0x0062ED0C,28
FUN_0062ede0,0x0062EDE0,0x0062EF04,220
entry_0062ee28,0x0062EE28,0x0062EE2C,4
entry_0062ee2c,0x0062EE2C,0x0062EE88,92
entry_0062ee88,0x0062EE88,0x0062EED4,76
entry_0062eed4,0x0062EED4,0x0062EEF8,36
entry_0062eef8,0x0062EEF8,0x0062EF70,120
FUN_0062ef70,0x0062EF70,0x0062EF78,8
FUN_0062f030,0x0062F030,0x0062F090,96
entry_0062f07c,0x0062F07C,0x0062F080,4
entry_0062f080,0x0062F080,0x0062F088,8
entry_0062f088,0x0062F088,0x0062F08C,4
entry_0062f08c,0x0062F08C,0x0062F0A0,20
FUN_0062f0a0,0x0062F0A0,0x0062F108,104
entry_0062f0f8,0x0062F0F8,0x0062F100,8
entry_0062f100,0x0062F100,0x0062F104,4
entry_0062f104,0x0062F104,0x0062F120,28
FUN_0062f120,0x0062F120,0x0062F190,76
entry_0062f180,0x0062F180,0x0062F18C,12
entry_0062f18c,0x0062F18C,0x0062F1A0,20
FUN_0062f1a0,0x0062F1A0,0x0062F1E4,68
FUN_0062f240,0x0062F240,0x0062F258,24
FUN_0062f5f0,0x0062F5F0,0x0062F638,72
entry_0062f62c,0x0062F62C,0x0062F650,36
FUN_0062f650,0x0062F650,0x0062F6E8,100
entry_0062f698,0x0062F698,0x0062F6E4,76
entry_0062f6e4,0x0062F6E4,0x0062F8B0,460
FUN_0062f8b0,0x0062F8B0,0x0062F934,120
entry_0062f904,0x0062F904,0x0062F91C,24
entry_0062f91c,0x0062F91C,0x0062F950,52
FUN_0062f950,0x0062F950,0x0062F958,8
FUN_0062fa30,0x0062FA30,0x0062FAC8,152
entry_0062fa9c,0x0062FA9C,0x0062FAC0,36
entry_0062fac0,0x0062FAC0,0x0062FAC4,4
entry_0062fac4,0x0062FAC4,0x0062FAE0,28
FUN_0062fae0,0x0062FAE0,0x0062FC0C,300
entry_0062fb34,0x0062FB34,0x0062FBDC,168
entry_0062fbdc,0x0062FBDC,0x0062FBF8,28
entry_0062fbf8,0x0062FBF8,0x0062FBFC,4
entry_0062fbfc,0x0062FBFC,0x0062FC04,8
entry_0062fc04,0x0062FC04,0x0062FC08,4
entry_0062fc08,0x0062FC08,0x0062FC20,24
FUN_0062fc20,0x0062FC20,0x0062FD4C,300
entry_0062fc74,0x0062FC74,0x0062FD1C,168
entry_0062fd1c,0x0062FD1C,0x0062FD38,28
entry_0062fd38,0x0062FD38,0x0062FD3C,4
entry_0062fd3c,0x0062FD3C,0x0062FD44,8
entry_0062fd44,0x0062FD44,0x0062FD48,4
entry_0062fd48,0x0062FD48,0x0062FD60,24
FUN_0062fd60,0x0062FD60,0x0062FE88,296
entry_0062fdb0,0x0062FDB0,0x0062FE58,168
entry_0062fe58,0x0062FE58,0x0062FE74,28
entry_0062fe74,0x0062FE74,0x0062FE78,4
entry_0062fe78,0x0062FE78,0x0062FE80,8
entry_0062fe80,0x0062FE80,0x0062FE84,4
entry_0062fe84,0x0062FE84,0x0062FEA0,28
FUN_0062fea0,0x0062FEA0,0x0062FEEC,76
entry_0062fee0,0x0062FEE0,0x0062FF00,32
FUN_0062ff00,0x0062FF00,0x0062FF08,8
FUN_006301f0,0x006301F0,0x00630220,48
entry_00630218,0x00630218,0x0063021C,4
entry_0063021c,0x0063021C,0x00630280,100
FUN_00630280,0x00630280,0x00630288,8
FUN_00630390,0x00630390,0x006303CC,60
entry_006303c0,0x006303C0,0x00630440,128
FUN_00630440,0x00630440,0x00630450,16
FUN_00630db0,0x00630DB0,0x00630DB8,8
FUN_00631480,0x00631480,0x00631488,8
FUN_00631650,0x00631650,0x00631698,44
entry_00631694,0x00631694,0x006316B0,28
FUN_006316b0,0x006316B0,0x006316F8,72
FUN_00631710,0x00631710,0x00631790,128
entry_00631768,0x00631768,0x00631788,32
entry_00631788,0x00631788,0x0063178C,4
entry_0063178c,0x0063178C,0x006317A0,20
FUN_006317a0,0x006317A0,0x0063180C,108
FUN_006318e0,0x006318E0,0x00631988,168
entry_0063191c,0x0063191C,0x00631950,52
entry_00631950,0x00631950,0x00631954,4
entry_00631954,0x00631954,0x00631980,44
entry_00631980,0x00631980,0x00631984,4
entry_00631984,0x00631984,0x00631AD0,332
FUN_00631ad0,0x00631AD0,0x00631B6C,156
entry_00631b04,0x00631B04,0x00631B38,52
entry_00631b38,0x00631B38,0x00631B3C,4
entry_00631b3c,0x00631B3C,0x00631B54,24
entry_00631b54,0x00631B54,0x00631B64,16
entry_00631b64,0x00631B64,0x00631B68,4
entry_00631b68,0x00631B68,0x00631B80,24
FUN_00631b80,0x00631B80,0x00631C20,160
entry_00631bb4,0x00631BB4,0x00631BE8,52
entry_00631be8,0x00631BE8,0x00631BEC,4
entry_00631bec,0x00631BEC,0x00631C04,24
entry_00631c04,0x00631C04,0x00631C14,16
entry_00631c14,0x00631C14,0x00631C1C,8
entry_00631c1c,0x00631C1C,0x00631C30,20
FUN_00631c30,0x00631C30,0x00631C80,80
entry_00631c5c,0x00631C5C,0x00631C60,4
entry_00631c60,0x00631C60,0x00631C78,24
entry_00631c78,0x00631C78,0x00631C7C,4
entry_00631c7c,0x00631C7C,0x00631C90,20
FUN_00631c90,0x00631C90,0x00631CE0,80
entry_00631cbc,0x00631CBC,0x00631CC0,4
entry_00631cc0,0x00631CC0,0x00631CD8,24
entry_00631cd8,0x00631CD8,0x00631CDC,4
entry_00631cdc,0x00631CDC,0x00631CF0,20
FUN_00631cf0,0x00631CF0,0x00631DA8,184
entry_00631d2c,0x00631D2C,0x00631D60,52
entry_00631d60,0x00631D60,0x00631D64,4
entry_00631d64,0x00631D64,0x00631D90,44
entry_00631d90,0x00631D90,0x00631DA0,16
entry_00631da0,0x00631DA0,0x00631DA4,4
entry_00631da4,0x00631DA4,0x00631DC0,28
FUN_00631dc0,0x00631DC0,0x00631E78,184
entry_00631dfc,0x00631DFC,0x00631E30,52
entry_00631e30,0x00631E30,0x00631E34,4
entry_00631e34,0x00631E34,0x00631E60,44
entry_00631e60,0x00631E60,0x00631E70,16
entry_00631e70,0x00631E70,0x00631E74,4
entry_00631e74,0x00631E74,0x00631E90,28
FUN_00631e90,0x00631E90,0x00631F4C,188
entry_00631ecc,0x00631ECC,0x00631F00,52
entry_00631f00,0x00631F00,0x00631F04,4
entry_00631f04,0x00631F04,0x00631F30,44
entry_00631f30,0x00631F30,0x00631F40,16
entry_00631f40,0x00631F40,0x00631F48,8
entry_00631f48,0x00631F48,0x00631F60,24
FUN_00631f60,0x00631F60,0x00632008,168
entry_00631f88,0x00631F88,0x00631F8C,4
entry_00631f8c,0x00631F8C,0x00631FAC,32
entry_00631fac,0x00631FAC,0x00631FD8,44
entry_00631fd8,0x00631FD8,0x00631FDC,4
entry_00631fdc,0x00631FDC,0x00631FF4,24
entry_00631ff4,0x00631FF4,0x00632004,16
entry_00632004,0x00632004,0x00632010,12
FUN_00632010,0x00632010,0x006320BC,172
entry_00632038,0x00632038,0x0063203C,4
entry_0063203c,0x0063203C,0x0063205C,32
entry_0063205c,0x0063205C,0x00632088,44
entry_00632088,0x00632088,0x0063208C,4
entry_0063208c,0x0063208C,0x006320A4,24
entry_006320a4,0x006320A4,0x006320B4,16
entry_006320b4,0x006320B4,0x006322D0,540
FUN_006322d0,0x006322D0,0x0063247C,404
entry_006322f0,0x006322F0,0x00632318,40
entry_00632318,0x00632318,0x0063231C,4
entry_0063231c,0x0063231C,0x00632340,36
entry_00632340,0x00632340,0x0063236C,44
entry_0063236c,0x0063236C,0x00632370,4
entry_00632370,0x00632370,0x0063238C,28
entry_0063238c,0x0063238C,0x0063239C,16
entry_0063239c,0x0063239C,0x006323D4,56
entry_006323d4,0x006323D4,0x0063241C,72
entry_0063241c,0x0063241C,0x00632434,24
entry_00632434,0x00632434,0x00632478,68
entry_00632478,0x00632478,0x00632560,232
FUN_00632560,0x00632560,0x00632588,36
entry_00632584,0x00632584,0x00632CA0,1820
FUN_00632ca0,0x00632CA0,0x00632DB8,280
entry_00632d00,0x00632D00,0x00632D24,36
entry_00632d24,0x00632D24,0x00632D48,36
entry_00632d48,0x00632D48,0x00632D4C,4
entry_00632d4c,0x00632D4C,0x00632D60,20
entry_00632d60,0x00632D60,0x00632D68,8
entry_00632d68,0x00632D68,0x00632D74,12
entry_00632d74,0x00632D74,0x00632D9C,40
entry_00632d9c,0x00632D9C,0x00632DB0,20
entry_00632db0,0x00632DB0,0x00632DB4,4
entry_00632db4,0x00632DB4,0x00632E10,92
FUN_00632e10,0x00632E10,0x00632E20,16
FUN_00633630,0x00633630,0x00633894,612
entry_006336d0,0x006336D0,0x006336E0,16
entry_006336e0,0x006336E0,0x006336F0,16
entry_006336f0,0x006336F0,0x00633700,16
entry_00633700,0x00633700,0x00633710,16
entry_00633710,0x00633710,0x00633720,16
entry_00633720,0x00633720,0x00633730,16
entry_00633730,0x00633730,0x00633740,16
entry_00633740,0x00633740,0x00633750,16
entry_00633750,0x00633750,0x00633760,16
entry_00633760,0x00633760,0x00633770,16
entry_00633770,0x00633770,0x00633798,40
entry_00633798,0x00633798,0x006337A8,16
entry_006337a8,0x006337A8,0x00633890,232
entry_00633890,0x00633890,0x006338B0,32
FUN_006338b0,0x006338B0,0x006338F8,72
entry_006338f4,0x006338F4,0x006339C0,204
FUN_006339c0,0x006339C0,0x006339CC,12
FUN_00634260,0x00634260,0x00634268,8
FUN_00634520,0x00634520,0x00634530,16
FUN_006349a0,0x006349A0,0x006349C4,36
FUN_00634cb0,0x00634CB0,0x00634CB8,8
FUN_00634de0,0x00634DE0,0x00634DFC,28
FUN_00635100,0x00635100,0x00635110,16
FUN_006354e0,0x006354E0,0x006354EC,12
FUN_006358f0,0x006358F0,0x006358FC,12
FUN_006375a0,0x006375A0,0x006375B0,16
FUN_00637800,0x00637800,0x006378F4,244
entry_00637828,0x00637828,0x00637844,28
entry_00637844,0x00637844,0x0063784C,8
entry_0063784c,0x0063784C,0x00637868,28
entry_00637868,0x00637868,0x00637870,8
entry_00637870,0x00637870,0x00637884,20
entry_00637884,0x00637884,0x006378D8,84
entry_006378d8,0x006378D8,0x006378E0,8
entry_006378e0,0x006378E0,0x006378EC,12
entry_006378ec,0x006378EC,0x006378F0,4
entry_006378f0,0x006378F0,0x00637A50,352
FUN_00637a50,0x00637A50,0x00637A6C,28
FUN_00637ce0,0x00637CE0,0x00637CF0,16
FUN_00638300,0x00638300,0x00638308,8
FUN_006383c0,0x006383C0,0x006383CC,12
FUN_00638850,0x00638850,0x006389D0,384
entry_0063899c,0x0063899C,0x006389B8,28
entry_006389b8,0x006389B8,0x006389E0,40
FUN_006389e0,0x006389E0,0x00638A0C,44
FUN_00638a20,0x00638A20,0x00638A30,16
FUN_00638c00,0x00638C00,0x00638C14,20
FUN_00639280,0x00639280,0x00639288,8
FUN_00639660,0x00639660,0x00639730,208
FUN_006397d0,0x006397D0,0x006397DC,12
FUN_00639e20,0x00639E20,0x00639E7C,92
FUN_00639eb0,0x00639EB0,0x00639F00,80
entry_00639ef8,0x00639EF8,0x00639EFC,4
entry_00639efc,0x00639EFC,0x00639F10,20
FUN_00639f10,0x00639F10,0x00639F24,20
FUN_00639f50,0x00639F50,0x00639F78,40
FUN_0063a2a0,0x0063A2A0,0x0063A2AC,12
FUN_0063adc0,0x0063ADC0,0x0063ADCC,12
FUN_0063b400,0x0063B400,0x0063B408,8
FUN_0063b9c0,0x0063B9C0,0x0063B9C8,8
FUN_0063bbc0,0x0063BBC0,0x0063BBF0,48
entry_0063bbe4,0x0063BBE4,0x0063BC90,172
FUN_0063bc90,0x0063BC90,0x0063BC98,8
FUN_0063bd50,0x0063BD50,0x0063BDDC,140
FUN_0063bdf0,0x0063BDF0,0x0063BE00,16
FUN_0063bfb0,0x0063BFB0,0x0063BFC4,20
FUN_0063bff0,0x0063BFF0,0x0063C048,88
entry_0063c03c,0x0063C03C,0x0063C060,36
FUN_0063c060,0x0063C060,0x0063C068,8
FUN_0063c390,0x0063C390,0x0063C3BC,44
FUN_0063c3e0,0x0063C3E0,0x0063C3E8,8
FUN_0063c4d0,0x0063C4D0,0x0063C530,56
entry_0063c528,0x0063C528,0x0063C614,236
entry_0063c614,0x0063C614,0x0063C630,28
FUN_0063c630,0x0063C630,0x0063C698,104
entry_0063c690,0x0063C690,0x0063C6B0,32
FUN_0063c6b0,0x0063C6B0,0x0063C71C,100
entry_0063c710,0x0063C710,0x0063C730,32
FUN_0063c730,0x0063C730,0x0063C77C,52
entry_0063c760,0x0063C760,0x0063C778,24
entry_0063c778,0x0063C778,0x0063C790,24
FUN_0063c790,0x0063C790,0x0063C7C0,48
FUN_0063c7d0,0x0063C7D0,0x0063C828,88
entry_0063c80c,0x0063C80C,0x0063C824,24
entry_0063c824,0x0063C824,0x0063C830,12
FUN_0063c830,0x0063C830,0x0063C874,68
entry_0063c870,0x0063C870,0x0063C880,16
FUN_0063c880,0x0063C880,0x0063C900,128
entry_0063c8b8,0x0063C8B8,0x0063C8E0,40
entry_0063c8e0,0x0063C8E0,0x0063C8E8,8
entry_0063c8e8,0x0063C8E8,0x0063C8F4,12
entry_0063c8f4,0x0063C8F4,0x0063C8FC,8
entry_0063c8fc,0x0063C8FC,0x0063C910,20
FUN_0063c910,0x0063C910,0x0063C998,136
entry_0063c940,0x0063C940,0x0063C95C,28
entry_0063c95c,0x0063C95C,0x0063C978,28
entry_0063c978,0x0063C978,0x0063C994,28
entry_0063c994,0x0063C994,0x0063C9B0,28
FUN_0063c9b0,0x0063C9B0,0x0063CAB4,260
entry_0063c9f8,0x0063C9F8,0x0063C9FC,4
entry_0063c9fc,0x0063C9FC,0x0063CA34,56
entry_0063ca34,0x0063CA34,0x0063CA38,4
entry_0063ca38,0x0063CA38,0x0063CA70,56
entry_0063ca70,0x0063CA70,0x0063CA74,4
entry_0063ca74,0x0063CA74,0x0063CAAC,56
entry_0063caac,0x0063CAAC,0x0063CAB0,4
entry_0063cab0,0x0063CAB0,0x0063CAC0,16
FUN_0063cac0,0x0063CAC0,0x0063CAD0,16
FUN_0063cc90,0x0063CC90,0x0063CF74,180
entry_0063ccd8,0x0063CCD8,0x0063CD5C,132
entry_0063cd5c,0x0063CD5C,0x0063CDE0,132
entry_0063cde0,0x0063CDE0,0x0063CE64,132
entry_0063ce64,0x0063CE64,0x0063CEE8,132
entry_0063cee8,0x0063CEE8,0x0063CF6C,132
entry_0063cf6c,0x0063CF6C,0x0063CF70,4
entry_0063cf70,0x0063CF70,0x0063CF80,16
FUN_0063cf80,0x0063CF80,0x0063CF88,8
FUN_0063d0d0,0x0063D0D0,0x0063D0D8,8
FUN_0063d8b0,0x0063D8B0,0x0063D8C4,20
FUN_0063dc70,0x0063DC70,0x0063DC80,16
FUN_0063df50,0x0063DF50,0x0063DF60,16
FUN_0063e170,0x0063E170,0x0063E17C,12
FUN_0063e2c0,0x0063E2C0,0x0063E2D0,16
FUN_0063e580,0x0063E580,0x0063E5E0,96
entry_0063e5b8,0x0063E5B8,0x0063E5D0,24
entry_0063e5d0,0x0063E5D0,0x0063E610,64
FUN_0063e610,0x0063E610,0x0063E6D0,192
entry_0063e63c,0x0063E63C,0x0063E654,24
entry_0063e654,0x0063E654,0x0063E66C,24
entry_0063e66c,0x0063E66C,0x0063E684,24
entry_0063e684,0x0063E684,0x0063E68C,8
entry_0063e68c,0x0063E68C,0x0063E6B8,44
entry_0063e6b8,0x0063E6B8,0x0063E6C8,16
entry_0063e6c8,0x0063E6C8,0x0063E6CC,4
entry_0063e6cc,0x0063E6CC,0x0063E780,180
FUN_0063e780,0x0063E780,0x0063E790,16
FUN_0063ee30,0x0063EE30,0x0063EE44,20
FUN_0063ef60,0x0063EF60,0x0063EF78,24
FUN_0063f120,0x0063F120,0x0063F12C,12
entry_0063f270,0x0063F270,0x0063F280,16
entry_0063f280,0x0063F280,0x0063F370,240
FUN_0063f370,0x0063F370,0x0063F3DC,104
entry_0063f3b0,0x0063F3B0,0x0063F3D4,36
entry_0063f3d4,0x0063F3D4,0x0063F3D8,4
entry_0063f3d8,0x0063F3D8,0x0063F3F0,24
FUN_0063f3f0,0x0063F3F0,0x0063F414,36
FUN_0063f4a0,0x0063F4A0,0x0063F4B4,20
FUN_0063f570,0x0063F570,0x0063F584,20
FUN_0063f5a0,0x0063F5A0,0x0063F5B4,20
FUN_0063f6c0,0x0063F6C0,0x0063F710,80
entry_0063f708,0x0063F708,0x0063F70C,4
entry_0063f70c,0x0063F70C,0x0063F720,20
FUN_0063f720,0x0063F720,0x0063F774,84
FUN_0063f790,0x0063F790,0x0063F798,8
FUN_00640300,0x00640300,0x00640318,24
FUN_00640870,0x00640870,0x00640884,20
FUN_00640a00,0x00640A00,0x00640A80,128
entry_00640a4c,0x00640A4C,0x00640A78,44
entry_00640a78,0x00640A78,0x00640A7C,4
entry_00640a7c,0x00640A7C,0x00640A90,20
FUN_00640a90,0x00640A90,0x00640AA4,20
entry_00640c94,0x00640C94,0x00640CB0,28
FUN_00640cb0,0x00640CB0,0x00640D74,196
entry_00640d2c,0x00640D2C,0x00640D44,24
entry_00640d44,0x00640D44,0x00640D68,36
entry_00640d68,0x00640D68,0x00640D70,8
entry_00640d70,0x00640D70,0x00640D90,32
FUN_00640d90,0x00640D90,0x00640E18,136
entry_00640e04,0x00640E04,0x00640E08,4
entry_00640e08,0x00640E08,0x00640E30,40
FUN_00640e30,0x00640E30,0x00640EDC,40
entry_00640ed8,0x00640ED8,0x00640EF0,24
FUN_00640ef0,0x00640EF0,0x00640F2C,60
entry_00640f24,0x00640F24,0x00640F28,4
entry_00640f28,0x00640F28,0x00640F40,24
FUN_00640f40,0x00640F40,0x00640FB8,48
entry_00640fb0,0x00640FB0,0x00640FC0,16
FUN_00640fc0,0x00640FC0,0x00640FE0,32
entry_00640fdc,0x00640FDC,0x00640FF0,20
FUN_00640ff0,0x00640FF0,0x00641024,52
entry_00641020,0x00641020,0x00641030,16
FUN_00641030,0x00641030,0x00641050,32
entry_0064104c,0x0064104C,0x00641060,20
FUN_00641060,0x00641060,0x00641080,32
entry_0064107c,0x0064107C,0x00641090,20
FUN_00641090,0x00641090,0x006410C4,52
entry_006410bc,0x006410BC,0x006410C0,4
entry_006410c0,0x006410C0,0x006410D0,16
FUN_006410d0,0x006410D0,0x006410F0,32
entry_006410ec,0x006410EC,0x00641100,20
FUN_00641100,0x00641100,0x00641144,68
entry_00641134,0x00641134,0x00641140,12
entry_00641140,0x00641140,0x00641170,48
FUN_00641170,0x00641170,0x0064119C,44
entry_00641194,0x00641194,0x006411B0,28
FUN_006411b0,0x006411B0,0x006411DC,44
entry_006411d4,0x006411D4,0x006411F0,28
FUN_006411f0,0x006411F0,0x0064121C,44
entry_00641214,0x00641214,0x00641230,28
FUN_00641230,0x00641230,0x00641250,32
entry_0064124c,0x0064124C,0x00641260,20
FUN_00641260,0x00641260,0x0064128C,44
entry_00641284,0x00641284,0x006412A0,28
FUN_006412a0,0x006412A0,0x006412C0,32
entry_006412bc,0x006412BC,0x006412F0,52
entry_006412f0,0x006412F0,0x00641300,16
entry_00641300,0x00641300,0x00641380,128
FUN_00641380,0x00641380,0x006413A0,32
entry_0064139c,0x0064139C,0x006413B0,20
FUN_006413b0,0x006413B0,0x006413D0,32
entry_006413cc,0x006413CC,0x006413E0,20
FUN_006413e0,0x006413E0,0x00641400,32
entry_006413fc,0x006413FC,0x00641410,20
FUN_00641410,0x00641410,0x00641430,32
entry_0064142c,0x0064142C,0x00641440,20
FUN_00641440,0x00641440,0x006414A0,96
entry_00641480,0x00641480,0x00641484,4
entry_00641484,0x00641484,0x006414B0,44
FUN_006414b0,0x006414B0,0x006414B8,8
FUN_00641850,0x00641850,0x0064185C,12
FUN_006419d0,0x006419D0,0x00641A1C,76
entry_00641a0c,0x00641A0C,0x00641A14,8
entry_00641a14,0x00641A14,0x00641A18,4
entry_00641a18,0x00641A18,0x00641A30,24
FUN_00641a30,0x00641A30,0x00641A38,8
FUN_00641b30,0x00641B30,0x00641B98,104
entry_00641b90,0x00641B90,0x00641BB0,32
FUN_00641bb0,0x00641BB0,0x00641BDC,44
entry_00641bd8,0x00641BD8,0x00641BF0,24
FUN_00641bf0,0x00641BF0,0x00641C04,20
FUN_00641d00,0x00641D00,0x00641D64,100
entry_00641d5c,0x00641D5C,0x00641D60,4
entry_00641d60,0x00641D60,0x00641D80,32
FUN_00641d80,0x00641D80,0x00641DC0,64
FUN_00641dd0,0x00641DD0,0x00641E10,64
FUN_00641e20,0x00641E20,0x00641E2C,12
FUN_00642300,0x00642300,0x00642358,84
entry_0064233c,0x0064233C,0x00642350,20
entry_00642350,0x00642350,0x00642354,4
entry_00642354,0x00642354,0x00642370,28
FUN_00642370,0x00642370,0x006423A8,56
entry_0064238c,0x0064238C,0x006423C0,52
FUN_006423c0,0x006423C0,0x006423C8,8
FUN_006424b0,0x006424B0,0x00642554,164
entry_00642510,0x00642510,0x0064252C,28
entry_0064252c,0x0064252C,0x00642538,12
entry_00642538,0x00642538,0x0064254C,20
entry_0064254c,0x0064254C,0x00642570,36
FUN_00642570,0x00642570,0x00642578,8
FUN_00642670,0x00642670,0x006426AC,60
entry_006426a4,0x006426A4,0x006426A8,4
entry_006426a8,0x006426A8,0x006426C0,24
FUN_006426c0,0x006426C0,0x006427B4,244
entry_0064272c,0x0064272C,0x00642758,44
entry_00642758,0x00642758,0x0064276C,20
entry_0064276c,0x0064276C,0x00642794,40
entry_00642794,0x00642794,0x006427B0,28
entry_006427b0,0x006427B0,0x006427E0,48
FUN_006427e0,0x006427E0,0x006427EC,12
FUN_00643700,0x00643700,0x0064370C,12
FUN_00643930,0x00643930,0x00643AB0,384
entry_006439c0,0x006439C0,0x006439DC,28
entry_006439dc,0x006439DC,0x006439F4,24
entry_006439f4,0x006439F4,0x00643A18,36
entry_00643a18,0x00643A18,0x00643A2C,20
entry_00643a2c,0x00643A2C,0x00643A80,84
entry_00643a80,0x00643A80,0x00643A84,4
entry_00643a84,0x00643A84,0x00643AA8,36
entry_00643aa8,0x00643AA8,0x00643AAC,4
entry_00643aac,0x00643AAC,0x00643AC0,20
FUN_00643ac0,0x00643AC0,0x00643B74,180
entry_00643b2c,0x00643B2C,0x00643B30,4
entry_00643b30,0x00643B30,0x00643B54,36
entry_00643b54,0x00643B54,0x00643B70,28
entry_00643b70,0x00643B70,0x00643B90,32
FUN_00643b90,0x00643B90,0x00643C28,152
entry_00643bf4,0x00643BF4,0x00643C24,48
entry_00643c24,0x00643C24,0x00643C40,28
FUN_00643c40,0x00643C40,0x00643CD8,152
entry_00643ca4,0x00643CA4,0x00643CD4,48
entry_00643cd4,0x00643CD4,0x00643CF0,28
FUN_00643cf0,0x00643CF0,0x00643D54,100
entry_00643d4c,0x00643D4C,0x00643D50,4
entry_00643d50,0x00643D50,0x00643D60,16
FUN_00643d60,0x00643D60,0x00643E70,272
entry_00643e24,0x00643E24,0x00643E28,4
entry_00643e28,0x00643E28,0x00643E30,8
entry_00643e30,0x00643E30,0x00643E34,4
entry_00643e34,0x00643E34,0x00643E4C,24
entry_00643e4c,0x00643E4C,0x00643E6C,32
entry_00643e6c,0x00643E6C,0x00643E80,20
FUN_00643e80,0x00643E80,0x00643EF4,116
entry_00643eb4,0x00643EB4,0x00643ECC,24
entry_00643ecc,0x00643ECC,0x00643EEC,32
entry_00643eec,0x00643EEC,0x00643EF0,4
entry_00643ef0,0x00643EF0,0x00643F00,16
FUN_00643f00,0x00643F00,0x00643F08,8
FUN_00643fa0,0x00643FA0,0x00643FAC,12
FUN_00644030,0x00644030,0x00644038,8
FUN_00644480,0x00644480,0x006444C8,72
entry_006444c4,0x006444C4,0x006444E0,28
FUN_006444e0,0x006444E0,0x006444EC,12
FUN_00644740,0x00644740,0x00644788,72
entry_00644784,0x00644784,0x00644810,140
FUN_00644810,0x00644810,0x00644818,8
FUN_00644940,0x00644940,0x00644974,52
entry_00644970,0x00644970,0x00644980,16
FUN_00644980,0x00644980,0x006449B8,56
entry_006449b4,0x006449B4,0x006449C0,12
FUN_006449c0,0x006449C0,0x006449F4,52
FUN_00644a20,0x00644A20,0x00644AAC,140
entry_00644a6c,0x00644A6C,0x00644A88,28
entry_00644a88,0x00644A88,0x00644A8C,4
entry_00644a8c,0x00644A8C,0x00644A94,8
entry_00644a94,0x00644A94,0x00644AA8,20
entry_00644aa8,0x00644AA8,0x00644AC0,24
FUN_00644ac0,0x00644AC0,0x00644B58,152
entry_00644af4,0x00644AF4,0x00644AF8,4
entry_00644af8,0x00644AF8,0x00644B70,120
FUN_00644b70,0x00644B70,0x00644B84,20
FUN_00645080,0x00645080,0x006450B8,56
entry_006450b0,0x006450B0,0x006450B4,4
entry_006450b4,0x006450B4,0x006450D0,28
FUN_006450d0,0x006450D0,0x00645120,80
entry_00645118,0x00645118,0x0064511C,4
entry_0064511c,0x0064511C,0x00645130,20
FUN_00645130,0x00645130,0x00645184,84
FUN_006451a0,0x006451A0,0x006451B0,16
FUN_006455d0,0x006455D0,0x0064560C,60
FUN_00645790,0x00645790,0x006457C4,52
FUN_00645950,0x00645950,0x00645CB4,584
entry_0064599c,0x0064599C,0x006459E0,68
entry_006459e0,0x006459E0,0x006459F8,24
entry_006459f8,0x006459F8,0x00645A18,32
entry_00645a18,0x00645A18,0x00645A30,24
entry_00645a30,0x00645A30,0x00645A48,24
entry_00645a48,0x00645A48,0x00645A7C,52
entry_00645a7c,0x00645A7C,0x00645B0C,144
entry_00645b0c,0x00645B0C,0x00645B50,68
entry_00645b50,0x00645B50,0x00645B68,24
entry_00645b68,0x00645B68,0x00645B88,32
entry_00645b88,0x00645B88,0x00645BA0,24
entry_00645ba0,0x00645BA0,0x00645BB8,24
entry_00645bb8,0x00645BB8,0x00645BEC,52
entry_00645bec,0x00645BEC,0x00645C88,156
entry_00645c88,0x00645C88,0x00645C98,16
entry_00645c98,0x00645C98,0x00645CA0,8
entry_00645ca0,0x00645CA0,0x00645CA4,4
entry_00645ca4,0x00645CA4,0x00645CC0,28
FUN_00645cc0,0x00645CC0,0x00645D10,80
entry_00645d08,0x00645D08,0x00645D0C,4
entry_00645d0c,0x00645D0C,0x00645D20,20
FUN_00645d20,0x00645D20,0x00645DEC,204
FUN_00645e60,0x00645E60,0x00645E80,32
FUN_00645f00,0x00645F00,0x00645F0C,12
FUN_00646460,0x00646460,0x00646478,24
FUN_006464e0,0x006464E0,0x00646508,40
FUN_006465e0,0x006465E0,0x00646604,36
FUN_00646690,0x00646690,0x006466BC,44
FUN_00646710,0x00646710,0x0064673C,44
FUN_00646790,0x00646790,0x0064681C,104
entry_00646814,0x00646814,0x00646830,28
FUN_00646830,0x00646830,0x00646838,8
FUN_006469f0,0x006469F0,0x00646A30,64
FUN_00646a60,0x00646A60,0x00646AA0,64
FUN_00646ac0,0x00646AC0,0x00646AE0,32
FUN_00646af0,0x00646AF0,0x00646B10,32
FUN_00646b20,0x00646B20,0x00646B44,36
FUN_00646b50,0x00646B50,0x00646B70,32
FUN_00646b80,0x00646B80,0x00646BA0,32
FUN_00646bb0,0x00646BB0,0x00646BD4,36
FUN_00646be0,0x00646BE0,0x00646C00,32
FUN_00646c10,0x00646C10,0x00646C30,32
FUN_00646c40,0x00646C40,0x00646C9C,92
FUN_00646cb0,0x00646CB0,0x00646D20,112
FUN_00646ee0,0x00646EE0,0x00646F18,56
entry_00646f0c,0x00646F0C,0x00646FB0,164
FUN_00646fb0,0x00646FB0,0x00646FF8,72
entry_00646fdc,0x00646FDC,0x00647000,36
FUN_00647000,0x00647000,0x00647040,64
entry_00647038,0x00647038,0x0064703C,4
entry_0064703c,0x0064703C,0x00647050,20
FUN_00647050,0x00647050,0x006470D4,132
entry_00647054,0x00647054,0x00647120,204
FUN_00647120,0x00647120,0x0064712C,12
FUN_00647590,0x00647590,0x006475E0,80
entry_006475d8,0x006475D8,0x006475F0,24
FUN_006475f0,0x006475F0,0x00647640,80
entry_00647638,0x00647638,0x00647650,24
FUN_00647650,0x00647650,0x00647660,16
FUN_00647860,0x00647860,0x0064788C,44
FUN_006478a0,0x006478A0,0x006478F8,88
entry_006478ec,0x006478EC,0x006478F0,4
entry_006478f0,0x006478F0,0x006479D0,224
FUN_006479d0,0x006479D0,0x006479DC,12
FUN_00647d60,0x00647D60,0x00647F54,500
entry_00647d9c,0x00647D9C,0x00647DB4,24
entry_00647db4,0x00647DB4,0x00647E04,80
entry_00647e04,0x00647E04,0x00647E1C,24
entry_00647e1c,0x00647E1C,0x00647E6C,80
entry_00647e6c,0x00647E6C,0x00647E84,24
entry_00647e84,0x00647E84,0x00647EEC,104
entry_00647eec,0x00647EEC,0x00647F04,24
entry_00647f04,0x00647F04,0x00647F50,76
entry_00647f50,0x00647F50,0x00647F70,32
FUN_00647f70,0x00647F70,0x00648040,208
entry_00647fd8,0x00647FD8,0x00647FF0,24
entry_00647ff0,0x00647FF0,0x0064803C,76
entry_0064803c,0x0064803C,0x006480C0,132
FUN_006480c0,0x006480C0,0x006480C8,8
FUN_00648180,0x00648180,0x006481A8,40
entry_006481a4,0x006481A4,0x006481B0,12
FUN_006481b0,0x006481B0,0x006481C4,20
FUN_006482c0,0x006482C0,0x006482CC,12
FUN_00648460,0x00648460,0x00648510,176
entry_006484ac,0x006484AC,0x006484D0,36
entry_006484d0,0x006484D0,0x00648508,56
entry_00648508,0x00648508,0x0064850C,4
entry_0064850c,0x0064850C,0x00648520,20
FUN_00648520,0x00648520,0x00648534,20
FUN_00648650,0x00648650,0x00648668,24
FUN_00648850,0x00648850,0x00648918,200
entry_006488ac,0x006488AC,0x006488C4,24
entry_006488c4,0x006488C4,0x00648914,80
entry_00648914,0x00648914,0x00648930,28
FUN_00648930,0x00648930,0x00648964,52
FUN_00648990,0x00648990,0x00648998,8
entry_00648ac8,0x00648AC8,0x00648AD0,8
FUN_00648ad0,0x00648AD0,0x00648B1C,76
entry_00648ae4,0x00648AE4,0x00648AFC,24
entry_00648afc,0x00648AFC,0x00648B18,28
entry_00648b18,0x00648B18,0x00648B30,24
FUN_00648b30,0x00648B30,0x00648B3C,12
FUN_00648c10,0x00648C10,0x00648C2C,28
FUN_00648ff0,0x00648FF0,0x006490A0,176
entry_0064903c,0x0064903C,0x00649060,36
entry_00649060,0x00649060,0x00649098,56
entry_00649098,0x00649098,0x0064909C,4
entry_0064909c,0x0064909C,0x006490B0,20
FUN_006490b0,0x006490B0,0x006490C4,20
FUN_006491e0,0x006491E0,0x006491F4,20
FUN_00649260,0x00649260,0x006492F4,148
entry_0064927c,0x0064927C,0x006492AC,48
entry_006492ac,0x006492AC,0x006492BC,16
entry_006492bc,0x006492BC,0x006492CC,16
entry_006492cc,0x006492CC,0x006492D4,8
entry_006492d4,0x006492D4,0x006492D8,4
entry_006492d8,0x006492D8,0x006492F0,24
entry_006492f0,0x006492F0,0x00649330,64
FUN_00649330,0x00649330,0x00649340,16
FUN_00649600,0x00649600,0x00649610,16
entry_006496d4,0x006496D4,0x00649850,380
FUN_00649850,0x00649850,0x00649860,16
FUN_00649950,0x00649950,0x00649958,8
FUN_0064a590,0x0064A590,0x0064A598,8
FUN_0064b0c0,0x0064B0C0,0x0064B0CC,12
FUN_0064b6c0,0x0064B6C0,0x0064B754,148
entry_0064b6dc,0x0064B6DC,0x0064B70C,48
entry_0064b70c,0x0064B70C,0x0064B71C,16
entry_0064b71c,0x0064B71C,0x0064B72C,16
entry_0064b72c,0x0064B72C,0x0064B734,8
entry_0064b734,0x0064B734,0x0064B738,4
entry_0064b738,0x0064B738,0x0064B750,24
entry_0064b750,0x0064B750,0x0064B780,48
FUN_0064b780,0x0064B780,0x0064B82C,172
entry_0064b79c,0x0064B79C,0x0064B940,420
FUN_0064b940,0x0064B940,0x0064B9C0,128
entry_0064b970,0x0064B970,0x0064B974,4
entry_0064b974,0x0064B974,0x0064B9D0,92
FUN_0064b9d0,0x0064B9D0,0x0064BA4C,124
entry_0064ba14,0x0064BA14,0x0064BA18,4
entry_0064ba18,0x0064BA18,0x0064BA44,44
entry_0064ba44,0x0064BA44,0x0064BA48,4
entry_0064ba48,0x0064BA48,0x0064BA60,24
FUN_0064ba60,0x0064BA60,0x0064BA74,20
FUN_0064bb00,0x0064BB00,0x0064BB14,20
FUN_0064bc70,0x0064BC70,0x0064BCA4,52
FUN_0064bea0,0x0064BEA0,0x0064BEA8,8
FUN_0064bf60,0x0064BF60,0x0064BF68,8
FUN_0064c030,0x0064C030,0x0064C044,20
FUN_0064c340,0x0064C340,0x0064C354,20
FUN_0064c700,0x0064C700,0x0064C760,96
entry_0064c70c,0x0064C70C,0x0064C730,36
entry_0064c730,0x0064C730,0x0064C740,16
entry_0064c740,0x0064C740,0x0064C744,4
entry_0064c744,0x0064C744,0x0064C770,44
FUN_0064c770,0x0064C770,0x0064C7D0,80
entry_0064c78c,0x0064C78C,0x0064C7C0,52
entry_0064c7c0,0x0064C7C0,0x0064C7C4,4
entry_0064c7c4,0x0064C7C4,0x0064C9B0,492
FUN_0064c9b0,0x0064C9B0,0x0064CA08,88
entry_0064c9c8,0x0064C9C8,0x0064C9F0,40
entry_0064c9f0,0x0064C9F0,0x0064C9F4,4
entry_0064c9f4,0x0064C9F4,0x0064C9FC,8
entry_0064c9fc,0x0064C9FC,0x0064CA10,20
FUN_0064ca10,0x0064CA10,0x0064CA24,20
FUN_0064cab0,0x0064CAB0,0x0064CABC,12
FUN_0064cb30,0x0064CB30,0x0064CB38,8
FUN_0064cbf0,0x0064CBF0,0x0064CC50,96
entry_0064cc0c,0x0064CC0C,0x0064CC28,28
entry_0064cc28,0x0064CC28,0x0064CC2C,4
entry_0064cc2c,0x0064CC2C,0x0064CC60,52
FUN_0064cc60,0x0064CC60,0x0064CD00,112
entry_0064cca0,0x0064CCA0,0x0064CCE8,72
entry_0064cce8,0x0064CCE8,0x0064CCEC,4
entry_0064ccec,0x0064CCEC,0x0064CCF8,12
entry_0064ccf8,0x0064CCF8,0x0064CD10,24
FUN_0064cd10,0x0064CD10,0x0064CD48,56
entry_0064cd40,0x0064CD40,0x0064CD50,16
FUN_0064cd50,0x0064CD50,0x0064CD58,8
FUN_0064cf00,0x0064CF00,0x0064CF38,56
entry_0064cf30,0x0064CF30,0x0064CF40,16
FUN_0064cf40,0x0064CF40,0x0064CF48,8
FUN_0064d0c0,0x0064D0C0,0x0064D0C8,8
FUN_0064d250,0x0064D250,0x0064D258,8
FUN_0064d340,0x0064D340,0x0064D374,52
FUN_0064d3a0,0x0064D3A0,0x0064D3B0,16
FUN_0064d550,0x0064D550,0x0064D5D8,68
entry_0064d5d4,0x0064D5D4,0x0064D5F0,28
FUN_0064d5f0,0x0064D5F0,0x0064D7AC,148
entry_0064d62c,0x0064D62C,0x0064D750,292
entry_0064d750,0x0064D750,0x0064D754,4
entry_0064d754,0x0064D754,0x0064D798,68
entry_0064d798,0x0064D798,0x0064D7A0,8
entry_0064d7a0,0x0064D7A0,0x0064D7A8,8
entry_0064d7a8,0x0064D7A8,0x0064D7C0,24
FUN_0064d7c0,0x0064D7C0,0x0064D7F4,52
entry_0064d7ec,0x0064D7EC,0x0064D800,20
FUN_0064d800,0x0064D800,0x0064D820,32
entry_0064d81c,0x0064D81C,0x0064D830,20
FUN_0064d830,0x0064D830,0x0064D86C,60
entry_0064d864,0x0064D864,0x0064D868,4
entry_0064d868,0x0064D868,0x0064D880,24
FUN_0064d880,0x0064D880,0x0064D888,8
FUN_0064db80,0x0064DB80,0x0064DBA0,32
FUN_0064dd70,0x0064DD70,0x0064DD88,24
FUN_0064df20,0x0064DF20,0x0064DF2C,12
FUN_0064dfa0,0x0064DFA0,0x0064E000,96
entry_0064dfac,0x0064DFAC,0x0064DFD0,36
entry_0064dfd0,0x0064DFD0,0x0064DFE0,16
entry_0064dfe0,0x0064DFE0,0x0064DFE4,4
entry_0064dfe4,0x0064DFE4,0x0064E090,172
FUN_0064e090,0x0064E090,0x0064E0E8,88
entry_0064e0a8,0x0064E0A8,0x0064E0D0,40
entry_0064e0d0,0x0064E0D0,0x0064E0D4,4
entry_0064e0d4,0x0064E0D4,0x0064E0DC,8
entry_0064e0dc,0x0064E0DC,0x0064E0F0,20
FUN_0064e0f0,0x0064E0F0,0x0064E0F8,8
FUN_0064e180,0x0064E180,0x0064E1D8,88
entry_0064e19c,0x0064E19C,0x0064E1B4,24
entry_0064e1b4,0x0064E1B4,0x0064E1F0,60
FUN_0064e1f0,0x0064E1F0,0x0064E25C,108
entry_0064e21c,0x0064E21C,0x0064E24C,48
entry_0064e24c,0x0064E24C,0x0064E250,4
entry_0064e250,0x0064E250,0x0064E258,8
entry_0064e258,0x0064E258,0x0064E270,24
FUN_0064e270,0x0064E270,0x0064E27C,12
FUN_0064e2f0,0x0064E2F0,0x0064E2FC,12
FUN_0064e540,0x0064E540,0x0064E5A0,96
entry_0064e55c,0x0064E55C,0x0064E578,28
entry_0064e578,0x0064E578,0x0064E57C,4
entry_0064e57c,0x0064E57C,0x0064E5B0,52
FUN_0064e5b0,0x0064E5B0,0x0064E61C,108
entry_0064e5d8,0x0064E5D8,0x0064E608,48
entry_0064e608,0x0064E608,0x0064E60C,4
entry_0064e60c,0x0064E60C,0x0064E618,12
entry_0064e618,0x0064E618,0x0064E630,24
FUN_0064e630,0x0064E630,0x0064E688,88
entry_0064e63c,0x0064E63C,0x0064E654,24
entry_0064e654,0x0064E654,0x0064E668,20
entry_0064e668,0x0064E668,0x0064E66C,4
entry_0064e66c,0x0064E66C,0x0064E690,36
FUN_0064e690,0x0064E690,0x0064E6F8,104
entry_0064e6e4,0x0064E6E4,0x0064E6F4,16
entry_0064e6f4,0x0064E6F4,0x0064E710,28
FUN_0064e710,0x0064E710,0x0064E734,36
FUN_0064e740,0x0064E740,0x0064E748,8
FUN_0064e8a0,0x0064E8A0,0x0064E8AC,12
FUN_0064eae0,0x0064EAE0,0x0064EAEC,12
FUN_0064ec80,0x0064EC80,0x0064EC8C,12
FUN_0064ee70,0x0064EE70,0x0064EE78,8
FUN_0064f010,0x0064F010,0x0064F020,16
FUN_0064f0f0,0x0064F0F0,0x0064F124,52
entry_0064f120,0x0064F120,0x0064F170,80
FUN_0064f170,0x0064F170,0x0064F264,212
entry_0064f260,0x0064F260,0x0064F280,32
FUN_0064f280,0x0064F280,0x0064F2C4,52
entry_0064f2c0,0x0064F2C0,0x0064F320,96
FUN_0064f320,0x0064F320,0x0064F338,24
thunk_FUN_00573d10,0x0064F370,0x0064F378,8
FUN_0064f380,0x0064F380,0x0064F3E4,100
entry_0064f3dc,0x0064F3DC,0x0064F3E0,4
entry_0064f3e0,0x0064F3E0,0x0064F400,32
FUN_0064f400,0x0064F400,0x0064F41C,28
FUN_0064f600,0x0064F600,0x0064F614,20
FUN_0064f800,0x0064F800,0x0064F8B8,184
FUN_0064f8c0,0x0064F8C0,0x0064F974,180
entry_0064f908,0x0064F908,0x0064F938,48
entry_0064f938,0x0064F938,0x0064F968,48
entry_0064f968,0x0064F968,0x0064F96C,4
entry_0064f96c,0x0064F96C,0x0064F990,36
FUN_0064f990,0x0064F990,0x0064FB3C,240
entry_0064fa64,0x0064FA64,0x0064FA70,12
entry_0064fa70,0x0064FA70,0x0064FB38,200
entry_0064fb38,0x0064FB38,0x0064FB50,24
FUN_0064fb50,0x0064FB50,0x0064FBA0,72
entry_0064fb98,0x0064FB98,0x0064FBB0,24
entry_0064fbb0,0x0064FBB0,0x0064FBF0,64
FUN_0064fbf0,0x0064FBF0,0x0064FC14,36
entry_0064fc10,0x0064FC10,0x0064FC20,16
FUN_0064fc20,0x0064FC20,0x0064FC44,36
entry_0064fc40,0x0064FC40,0x0064FC50,16
FUN_0064fc50,0x0064FC50,0x0064FC74,36
FUN_0064fc80,0x0064FC80,0x0064FC88,8
FUN_0064fd60,0x0064FD60,0x0064FDBC,92
entry_0064fd80,0x0064FD80,0x0064FDA0,32
entry_0064fda0,0x0064FDA0,0x0064FDA4,4
entry_0064fda4,0x0064FDA4,0x0064FDAC,8
entry_0064fdac,0x0064FDAC,0x0064FDB8,12
entry_0064fdb8,0x0064FDB8,0x0064FDD0,24
FUN_0064fdd0,0x0064FDD0,0x0064FE5C,140
entry_0064fdfc,0x0064FDFC,0x0064FE34,56
entry_0064fe34,0x0064FE34,0x0064FE48,20
entry_0064fe48,0x0064FE48,0x0064FE4C,4
entry_0064fe4c,0x0064FE4C,0x0064FE58,12
entry_0064fe58,0x0064FE58,0x0064FE70,24
FUN_0064fe70,0x0064FE70,0x0064FE7C,12
FUN_0064ff40,0x0064FF40,0x0064FF54,20
FUN_0064fff0,0x0064FFF0,0x0064FFFC,12
FUN_00650080,0x00650080,0x0065008C,12
FUN_00650180,0x00650180,0x0065018C,12
FUN_00650270,0x00650270,0x0065027C,12
FUN_00650310,0x00650310,0x00650354,68
entry_0065034c,0x0065034C,0x00650370,36
FUN_00650370,0x00650370,0x006503B0,64
entry_006503a8,0x006503A8,0x006503C0,24
FUN_006503c0,0x006503C0,0x006503C8,8
FUN_00650430,0x00650430,0x00650438,8
FUN_00650580,0x00650580,0x00650D44,160
entry_006505b4,0x006505B4,0x00650CF0,1852
entry_00650cf0,0x00650CF0,0x00650D38,72
entry_00650d38,0x00650D38,0x00650D40,8
entry_00650d40,0x00650D40,0x00650D70,48
FUN_00650d70,0x00650D70,0x00650DDC,108
entry_00650db0,0x00650DB0,0x00650DD4,36
entry_00650dd4,0x00650DD4,0x00650DD8,4
entry_00650dd8,0x00650DD8,0x00650DF0,24
FUN_00650df0,0x00650DF0,0x00650E08,24
FUN_00650e90,0x00650E90,0x00650ED4,68
entry_00650ecc,0x00650ECC,0x00650EE0,20
FUN_00650ee0,0x00650EE0,0x00650F34,84
entry_00650f28,0x00650F28,0x00650F2C,4
entry_00650f2c,0x00650F2C,0x00651000,212
FUN_00651000,0x00651000,0x00651018,24
FUN_006518b0,0x006518B0,0x006518B8,8
FUN_00651990,0x00651990,0x00651CB8,172
entry_00651b18,0x00651B18,0x00651C60,328
entry_00651c60,0x00651C60,0x00651C7C,28
entry_00651c7c,0x00651C7C,0x00651C98,28
entry_00651c98,0x00651C98,0x00651CB4,28
entry_00651cb4,0x00651CB4,0x00651CD0,28
FUN_00651cd0,0x00651CD0,0x00651E2C,68
entry_00651e28,0x00651E28,0x00651E40,24
FUN_00651e40,0x00651E40,0x00651E50,16
FUN_006524d0,0x006524D0,0x00652614,324
entry_0065251c,0x0065251C,0x00652540,36
entry_00652540,0x00652540,0x00652564,36
entry_00652564,0x00652564,0x00652588,36
entry_00652588,0x00652588,0x006525AC,36
entry_006525ac,0x006525AC,0x006525D0,36
entry_006525d0,0x006525D0,0x0065260C,60
entry_0065260c,0x0065260C,0x00652610,4
entry_00652610,0x00652610,0x00652630,32
FUN_00652630,0x00652630,0x00652644,20
FUN_00652720,0x00652720,0x0065272C,12
FUN_006527e0,0x006527E0,0x006527EC,12
FUN_00652940,0x00652940,0x00652954,20
FUN_00652a50,0x00652A50,0x00652A5C,12
FUN_00652b00,0x00652B00,0x00652B58,88
entry_00652b3c,0x00652B3C,0x00652B70,52
FUN_00652b70,0x00652B70,0x00652BF0,128
entry_00652bc0,0x00652BC0,0x00652BC8,8
entry_00652bc8,0x00652BC8,0x00652BD0,8
entry_00652bd0,0x00652BD0,0x00652BD4,4
entry_00652bd4,0x00652BD4,0x00652BD8,4
entry_00652bd8,0x00652BD8,0x00652BEC,20
entry_00652bec,0x00652BEC,0x00652C00,20
FUN_00652c00,0x00652C00,0x00652C08,8
FUN_00652c90,0x00652C90,0x00652C9C,12
FUN_00652d20,0x00652D20,0x00652D2C,12
FUN_00652ff0,0x00652FF0,0x00652FF8,8
FUN_006530c0,0x006530C0,0x006530E8,40
entry_006530e4,0x006530E4,0x00653100,28
FUN_00653100,0x00653100,0x00653200,256
entry_0065317c,0x0065317C,0x006531D4,88
entry_006531d4,0x006531D4,0x006531F8,36
entry_006531f8,0x006531F8,0x006531FC,4
entry_006531fc,0x006531FC,0x00653210,20
FUN_00653210,0x00653210,0x00653214,4
FUN_00653220,0x00653220,0x00653224,4
FUN_00653230,0x00653230,0x00653231,1
FUN_00653240,0x00653240,0x0065325C,28
FUN_006532d0,0x006532D0,0x006532DC,12
FUN_00653380,0x00653380,0x0065338C,12
FUN_006535b0,0x006535B0,0x006535E0,48
entry_006535dc,0x006535DC,0x006535F0,20
FUN_006535f0,0x006535F0,0x00653614,36
FUN_00653630,0x00653630,0x00653650,32
entry_0065364c,0x0065364C,0x00653660,20
FUN_00653660,0x00653660,0x0065368C,44
FUN_006536a0,0x006536A0,0x006536B0,16
FUN_006537f0,0x006537F0,0x00653800,16
FUN_00653930,0x00653930,0x00653940,16
FUN_00653a70,0x00653A70,0x00653A84,20
FUN_00653b80,0x00653B80,0x00653BCC,76
entry_00653bc8,0x00653BC8,0x00653C10,72
FUN_00653c10,0x00653C10,0x00653C44,52
entry_00653c3c,0x00653C3C,0x00653C50,20
FUN_00653c50,0x00653C50,0x00653C78,40
entry_00653c74,0x00653C74,0x00653C80,12
FUN_00653c80,0x00653C80,0x00653CA8,40
entry_00653ca4,0x00653CA4,0x00653CB0,12
FUN_00653cb0,0x00653CB0,0x00653CB8,8
FUN_00653f20,0x00653F20,0x00653F2C,12
FUN_00654030,0x00654030,0x0065403C,12
FUN_00654390,0x00654390,0x00654398,8
FUN_00654500,0x00654500,0x00654514,20
FUN_006546d0,0x006546D0,0x00654718,72
entry_00654714,0x00654714,0x00654730,28
FUN_00654730,0x00654730,0x0065475C,44
entry_00654758,0x00654758,0x00654770,24
FUN_00654770,0x00654770,0x00654794,36
entry_00654790,0x00654790,0x006547B0,32
FUN_006547b0,0x006547B0,0x00654968,436
entry_006547fc,0x006547FC,0x0065484C,80
entry_0065484c,0x0065484C,0x0065487C,48
entry_0065487c,0x0065487C,0x006548C4,72
entry_006548c4,0x006548C4,0x006548CC,8
entry_006548cc,0x006548CC,0x00654930,100
entry_00654930,0x00654930,0x0065495C,44
entry_0065495c,0x0065495C,0x00654964,8
entry_00654964,0x00654964,0x00654980,28
FUN_00654980,0x00654980,0x006549C0,64
entry_006549bc,0x006549BC,0x006549D0,20
FUN_006549d0,0x006549D0,0x006549D8,8
FUN_00654be0,0x00654BE0,0x00654BE8,8
FUN_00654de0,0x00654DE0,0x00654E54,116
entry_00654e28,0x00654E28,0x00654E4C,36
entry_00654e4c,0x00654E4C,0x00654E50,4
entry_00654e50,0x00654E50,0x00654E70,32
FUN_00654e70,0x00654E70,0x00654E84,20
FUN_00654ee0,0x00654EE0,0x00654F00,32
FUN_00655030,0x00655030,0x0065503C,12
FUN_00655050,0x00655050,0x00655090,64
entry_00655088,0x00655088,0x0065508C,4
entry_0065508c,0x0065508C,0x006550A0,20
FUN_006550a0,0x006550A0,0x006550D0,48
FUN_006550e0,0x006550E0,0x0065515C,124
entry_0065512c,0x0065512C,0x0065513C,16
entry_0065513c,0x0065513C,0x00655140,4
entry_00655140,0x00655140,0x00655150,16
entry_00655150,0x00655150,0x00655154,4
entry_00655154,0x00655154,0x00655158,4
entry_00655158,0x00655158,0x00655170,24
FUN_00655170,0x00655170,0x006551BC,76
entry_006551a4,0x006551A4,0x006551D0,44
FUN_006551d0,0x006551D0,0x00655220,72
entry_00655218,0x00655218,0x00655230,24
FUN_00655230,0x00655230,0x00655240,16
FUN_00655430,0x00655430,0x006554AC,96
entry_0065544c,0x0065544C,0x00655484,56
entry_00655484,0x00655484,0x0065548C,8
entry_0065548c,0x0065548C,0x00655540,180
FUN_00655540,0x00655540,0x006555A4,100
entry_0065555c,0x0065555C,0x00655588,44
entry_00655588,0x00655588,0x006555C0,56
FUN_006555c0,0x006555C0,0x006555CC,12
FUN_00655650,0x00655650,0x006556A0,80
entry_0065569c,0x0065569C,0x006556B0,20
FUN_006556b0,0x006556B0,0x006556C0,16
FUN_006557a0,0x006557A0,0x006557B8,24
FUN_006558b0,0x006558B0,0x00655910,96
entry_006558cc,0x006558CC,0x006558E8,28
entry_006558e8,0x006558E8,0x006558EC,4
entry_006558ec,0x006558EC,0x00655930,68
FUN_00655930,0x00655930,0x006559CC,64
entry_00655950,0x00655950,0x006559B4,100
entry_006559b4,0x006559B4,0x006559E0,44
FUN_006559e0,0x006559E0,0x00655A4C,108
entry_00655a20,0x00655A20,0x00655A44,36
entry_00655a44,0x00655A44,0x00655A48,4
entry_00655a48,0x00655A48,0x00655A60,24
FUN_00655a60,0x00655A60,0x00655A78,24
FUN_00655ad0,0x00655AD0,0x00655AE0,16
FUN_00656470,0x00656470,0x0065647C,12
FUN_00656e00,0x00656E00,0x00656E18,24
FUN_00657b80,0x00657B80,0x00657B9C,28
FUN_006580f0,0x006580F0,0x00658100,16
FUN_00658240,0x00658240,0x00658284,68
FUN_006582c0,0x006582C0,0x006583B0,240
entry_006582fc,0x006582FC,0x00658390,148
entry_00658390,0x00658390,0x006583A8,24
entry_006583a8,0x006583A8,0x006583AC,4
entry_006583ac,0x006583AC,0x006583C0,20
FUN_006583c0,0x006583C0,0x006583D4,20
FUN_00658470,0x00658470,0x00658478,8
FUN_00658ac0,0x00658AC0,0x00658AC8,8
FUN_00658ba0,0x00658BA0,0x00658BA8,8
FUN_00658fd0,0x00658FD0,0x00658FF4,36
FUN_00659030,0x00659030,0x00659050,32
entry_0065904c,0x0065904C,0x00659060,20
FUN_00659060,0x00659060,0x00659074,20
FUN_00659280,0x00659280,0x006592F0,112
entry_006592c4,0x006592C4,0x006592E8,36
entry_006592e8,0x006592E8,0x006592EC,4
entry_006592ec,0x006592EC,0x006594A0,436
FUN_006594a0,0x006594A0,0x00659514,116
entry_006594c8,0x006594C8,0x006594D8,16
entry_006594d8,0x006594D8,0x006594F4,28
entry_006594f4,0x006594F4,0x006594FC,8
entry_006594fc,0x006594FC,0x006595D0,212
FUN_006595d0,0x006595D0,0x00659698,200
entry_006595f8,0x006595F8,0x0065960C,20
entry_0065960c,0x0065960C,0x0065964C,64
entry_0065964c,0x0065964C,0x00659654,8
entry_00659654,0x00659654,0x00659740,236
entry_00659740,0x00659740,0x00659820,224
FUN_00659820,0x00659820,0x00659828,8
FUN_00659a90,0x00659A90,0x00659AE8,88
entry_00659ae4,0x00659AE4,0x00659B00,28
FUN_00659b00,0x00659B00,0x00659B54,84
entry_00659b28,0x00659B28,0x00659B3C,20
entry_00659b3c,0x00659B3C,0x00659B50,20
entry_00659b50,0x00659B50,0x00659B70,32
FUN_00659b70,0x00659B70,0x00659D08,408
entry_00659b9c,0x00659B9C,0x00659BB8,28
entry_00659bb8,0x00659BB8,0x00659BD4,28
entry_00659bd4,0x00659BD4,0x00659C28,84
entry_00659c28,0x00659C28,0x00659C68,64
entry_00659c68,0x00659C68,0x00659C84,28
entry_00659c84,0x00659C84,0x00659CA0,28
entry_00659ca0,0x00659CA0,0x00659CBC,28
entry_00659cbc,0x00659CBC,0x00659CD8,28
entry_00659cd8,0x00659CD8,0x00659D04,44
entry_00659d04,0x00659D04,0x00659D20,28
FUN_00659d20,0x00659D20,0x00659DE4,196
entry_00659d50,0x00659D50,0x00659D6C,28
entry_00659d6c,0x00659D6C,0x00659D88,28
entry_00659d88,0x00659D88,0x00659DA4,28
entry_00659da4,0x00659DA4,0x00659DC0,28
entry_00659dc0,0x00659DC0,0x00659DDC,28
entry_00659ddc,0x00659DDC,0x00659DF0,20
FUN_00659df0,0x00659DF0,0x00659DFC,12
FUN_0065a330,0x0065A330,0x0065A434,260
entry_0065a364,0x0065A364,0x0065A368,4
entry_0065a368,0x0065A368,0x0065A38C,36
entry_0065a38c,0x0065A38C,0x0065A390,4
entry_0065a390,0x0065A390,0x0065A3B4,36
entry_0065a3b4,0x0065A3B4,0x0065A3B8,4
entry_0065a3b8,0x0065A3B8,0x0065A3DC,36
entry_0065a3dc,0x0065A3DC,0x0065A3E0,4
entry_0065a3e0,0x0065A3E0,0x0065A404,36
entry_0065a404,0x0065A404,0x0065A408,4
entry_0065a408,0x0065A408,0x0065A42C,36
entry_0065a42c,0x0065A42C,0x0065A430,4
entry_0065a430,0x0065A430,0x0065A440,16
FUN_0065a440,0x0065A440,0x0065A498,88
entry_0065a490,0x0065A490,0x0065A494,4
entry_0065a494,0x0065A494,0x0065A4B0,28
FUN_0065a4b0,0x0065A4B0,0x0065A4C4,20
FUN_0065a6c0,0x0065A6C0,0x0065A750,144
entry_0065a6e0,0x0065A6E0,0x0065A714,52
entry_0065a714,0x0065A714,0x0065A72C,24
entry_0065a72c,0x0065A72C,0x0065A738,12
entry_0065a738,0x0065A738,0x0065A73C,4
entry_0065a73c,0x0065A73C,0x0065A74C,16
entry_0065a74c,0x0065A74C,0x0065A760,20
FUN_0065a760,0x0065A760,0x0065A7B4,80
entry_0065a77c,0x0065A77C,0x0065A794,24
entry_0065a794,0x0065A794,0x0065A7D0,60
FUN_0065a7d0,0x0065A7D0,0x0065A9C0,496
entry_0065a80c,0x0065A80C,0x0065A824,24
entry_0065a824,0x0065A824,0x0065A874,80
entry_0065a874,0x0065A874,0x0065A88C,24
entry_0065a88c,0x0065A88C,0x0065A8DC,80
entry_0065a8dc,0x0065A8DC,0x0065A8F4,24
entry_0065a8f4,0x0065A8F4,0x0065A95C,104
entry_0065a95c,0x0065A95C,0x0065A974,24
entry_0065a974,0x0065A974,0x0065A9BC,72
entry_0065a9bc,0x0065A9BC,0x0065A9E0,36
FUN_0065a9e0,0x0065A9E0,0x0065AA18,56
entry_0065aa14,0x0065AA14,0x0065AA30,28
FUN_0065aa30,0x0065AA30,0x0065AA98,80
entry_0065aa50,0x0065AA50,0x0065AA8C,60
entry_0065aa8c,0x0065AA8C,0x0065AA90,4
entry_0065aa90,0x0065AA90,0x0065AAA0,16
FUN_0065aaa0,0x0065AAA0,0x0065AAC8,40
entry_0065aac4,0x0065AAC4,0x0065AAD0,12
FUN_0065aad0,0x0065AAD0,0x0065AAE4,20
FUN_0065ad10,0x0065AD10,0x0065AD18,8
FUN_0065af00,0x0065AF00,0x0065AF08,8
FUN_0065b050,0x0065B050,0x0065B06C,28
entry_0065b0bc,0x0065B0BC,0x0065B118,92
entry_0065b118,0x0065B118,0x0065B240,296
FUN_0065b240,0x0065B240,0x0065B24C,12
FUN_0065b710,0x0065B710,0x0065B768,84
entry_0065b74c,0x0065B74C,0x0065B760,20
entry_0065b760,0x0065B760,0x0065B764,4
entry_0065b764,0x0065B764,0x0065B780,28
FUN_0065b780,0x0065B780,0x0065B7B8,56
entry_0065b79c,0x0065B79C,0x0065B800,100
FUN_0065b800,0x0065B800,0x0065B818,24
FUN_0065bb50,0x0065BB50,0x0065BD94,152
entry_0065bb98,0x0065BB98,0x0065BBA0,8
entry_0065bba0,0x0065BBA0,0x0065BBCC,44
entry_0065bbcc,0x0065BBCC,0x0065BC54,136
entry_0065bc54,0x0065BC54,0x0065BC60,12
entry_0065bc60,0x0065BC60,0x0065BD90,304
entry_0065bd90,0x0065BD90,0x0065BF20,400
FUN_0065bf20,0x0065BF20,0x0065BF4C,44
FUN_0065bfe0,0x0065BFE0,0x0065C00C,44
FUN_0065c080,0x0065C080,0x0065C0AC,44
FUN_0065c120,0x0065C120,0x0065C14C,44
FUN_0065c1d0,0x0065C1D0,0x0065C2C0,148
entry_0065c22c,0x0065C22C,0x0065C24C,32
entry_0065c24c,0x0065C24C,0x0065C2BC,112
entry_0065c2bc,0x0065C2BC,0x0065C2D0,20
FUN_0065c2d0,0x0065C2D0,0x0065C2E0,16
FUN_0065c2f0,0x0065C2F0,0x0065C324,52
entry_0065c300,0x0065C300,0x0065C350,80
FUN_0065c350,0x0065C350,0x0065C37C,44
entry_0065c378,0x0065C378,0x0065C390,24
FUN_0065c390,0x0065C390,0x0065C538,396
entry_0065c43c,0x0065C43C,0x0065C468,44
entry_0065c468,0x0065C468,0x0065C47C,20
entry_0065c47c,0x0065C47C,0x0065C4E4,104
entry_0065c4e4,0x0065C4E4,0x0065C534,80
entry_0065c534,0x0065C534,0x0065C560,44
FUN_0065c560,0x0065C560,0x0065C580,32
FUN_0065c8c0,0x0065C8C0,0x0065C8D0,16
FUN_0065cb30,0x0065CB30,0x0065CB48,24
FUN_0065ccf0,0x0065CCF0,0x0065CD08,24
FUN_0065d0a0,0x0065D0A0,0x0065D104,100
entry_0065d0f8,0x0065D0F8,0x0065D100,8
entry_0065d100,0x0065D100,0x0065D110,16
FUN_0065d110,0x0065D110,0x0065D144,52
entry_0065d134,0x0065D134,0x0065D140,12
entry_0065d140,0x0065D140,0x0065D150,16
FUN_0065d150,0x0065D150,0x0065D16C,28
FUN_0065d3f0,0x0065D3F0,0x0065D408,24
FUN_0065d5b0,0x0065D5B0,0x0065D5B8,8
FUN_0065d830,0x0065D830,0x0065D848,24
FUN_0065d880,0x0065D880,0x0065D898,24
FUN_0065d8d0,0x0065D8D0,0x0065D8E4,20
FUN_0065d960,0x0065D960,0x0065D968,8
FUN_0065dd10,0x0065DD10,0x0065DD28,24
FUN_0065de70,0x0065DE70,0x0065DE78,8
FUN_0065e170,0x0065E170,0x0065E190,32
FUN_0065e1d0,0x0065E1D0,0x0065E1E4,20
FUN_0065e2d0,0x0065E2D0,0x0065E40C,316
entry_0065e304,0x0065E304,0x0065E33C,56
entry_0065e33c,0x0065E33C,0x0065E364,40
entry_0065e364,0x0065E364,0x0065E394,48
entry_0065e394,0x0065E394,0x0065E470,220
FUN_0065e470,0x0065E470,0x0065E4C0,80
FUN_0065e4f0,0x0065E4F0,0x0065E528,56
FUN_0065e540,0x0065E540,0x0065E560,32
FUN_0065e570,0x0065E570,0x0065E590,32
FUN_0065e5a0,0x0065E5A0,0x0065E5C8,40
FUN_0065e5e0,0x0065E5E0,0x0065E5EC,12
FUN_0065e7b0,0x0065E7B0,0x0065E80C,92
entry_0065e7e0,0x0065E7E0,0x0065E820,64
FUN_0065e820,0x0065E820,0x0065E864,68
entry_0065e85c,0x0065E85C,0x0065E880,36
FUN_0065e880,0x0065E880,0x0065E894,20
FUN_0065ea20,0x0065EA20,0x0065EA54,52
FUN_0065ea80,0x0065EA80,0x0065EAA8,40
FUN_0065eb00,0x0065EB00,0x0065EB1C,28
FUN_0065ec00,0x0065EC00,0x0065EC18,24
FUN_0065ec20,0x0065EC20,0x0065EC54,52
entry_0065ec3c,0x0065EC3C,0x0065ECD0,148
FUN_0065ecd0,0x0065ECD0,0x0065ECE4,20
FUN_0065ed80,0x0065ED80,0x0065ED84,4
FUN_0065eec0,0x0065EEC0,0x0065EEDC,28
entry_0065eed8,0x0065EED8,0x0065EEF0,24
FUN_0065eef0,0x0065EEF0,0x0065EF0C,28
entry_0065ef08,0x0065EF08,0x0065EF50,72
FUN_0065ef50,0x0065EF50,0x0065EF6C,28
entry_0065ef68,0x0065EF68,0x0065EF90,40
FUN_0065ef90,0x0065EF90,0x0065EFA8,24
entry_0065ef98,0x0065EF98,0x0065F120,392
FUN_0065f120,0x0065F120,0x0065F140,32
FUN_0065f480,0x0065F480,0x0065F488,8
FUN_0065f820,0x0065F820,0x0065F838,24
FUN_0065f970,0x0065F970,0x0065F9AC,60
entry_0065f9a4,0x0065F9A4,0x0065F9A8,4
entry_0065f9a8,0x0065F9A8,0x0065FA20,120
FUN_0065fa20,0x0065FA20,0x0065FA70,80
entry_0065fa68,0x0065FA68,0x0065FA6C,4
entry_0065fa6c,0x0065FA6C,0x0065FA80,20
FUN_0065fa80,0x0065FA80,0x0065FAAC,44
entry_0065faa4,0x0065FAA4,0x0065FAC0,28
FUN_0065fac0,0x0065FAC0,0x0065FAE8,40
entry_0065fae4,0x0065FAE4,0x0065FB00,28
FUN_0065fb00,0x0065FB00,0x0065FB1C,28
FUN_0065fbb0,0x0065FBB0,0x0065FC38,136
entry_0065fc24,0x0065FC24,0x0065FC34,16
entry_0065fc34,0x0065FC34,0x0065FD00,204
FUN_0065fd00,0x0065FD00,0x0065FE1C,284
entry_0065fe18,0x0065FE18,0x0065FE30,24
FUN_0065fe30,0x0065FE30,0x0065FE3C,12
FUN_0065ff30,0x0065FF30,0x0065FF3C,12
FUN_006600b0,0x006600B0,0x006600C0,16
FUN_00660230,0x00660230,0x00660238,8
FUN_00660370,0x00660370,0x00660378,8
FUN_00660660,0x00660660,0x00660670,16
FUN_00660790,0x00660790,0x0066079C,12
FUN_00660970,0x00660970,0x00660A70,120
entry_006609b8,0x006609B8,0x00660A10,88
entry_00660a10,0x00660A10,0x00660A54,68
entry_00660a54,0x00660A54,0x00660AD0,124
FUN_00660ad0,0x00660AD0,0x00660CE0,224
entry_00660b38,0x00660B38,0x00660BB4,124
entry_00660bb4,0x00660BB4,0x00660C48,148
entry_00660c48,0x00660C48,0x00660C58,16
entry_00660c58,0x00660C58,0x00660CD4,124
entry_00660cd4,0x00660CD4,0x00660CDC,8
entry_00660cdc,0x00660CDC,0x00660CF0,20
FUN_00660cf0,0x00660CF0,0x00660D30,64
entry_00660d28,0x00660D28,0x00660D2C,4
entry_00660d2c,0x00660D2C,0x00660D70,68
FUN_00660d70,0x00660D70,0x00660DD4,100
entry_00660d8c,0x00660D8C,0x00660DAC,32
entry_00660dac,0x00660DAC,0x00660DB4,8
entry_00660db4,0x00660DB4,0x00660E30,124
FUN_00660e30,0x00660E30,0x00660E38,8
FUN_00660fa0,0x00660FA0,0x00660FD8,56
entry_00660fd0,0x00660FD0,0x00660FD4,4
entry_00660fd4,0x00660FD4,0x00660FE0,12
FUN_00660fe0,0x00660FE0,0x00660FF4,20
FUN_00661160,0x00661160,0x00661168,8
FUN_00661230,0x00661230,0x00661248,24
FUN_00661320,0x00661320,0x0066138C,108
entry_0066135c,0x0066135C,0x0066136C,16
entry_0066136c,0x0066136C,0x0066137C,16
entry_0066137c,0x0066137C,0x00661388,12
entry_00661388,0x00661388,0x006613A0,24
FUN_006613a0,0x006613A0,0x006613A8,8
FUN_006614b0,0x006614B0,0x0066158C,220
entry_006614e4,0x006614E4,0x00661514,48
entry_00661514,0x00661514,0x00661544,48
entry_00661544,0x00661544,0x00661574,48
entry_00661574,0x00661574,0x00661588,20
entry_00661588,0x00661588,0x006615A0,24
FUN_006615a0,0x006615A0,0x00661620,124
entry_006615ec,0x006615EC,0x00661604,24
entry_00661604,0x00661604,0x00661618,20
entry_00661618,0x00661618,0x0066161C,4
entry_0066161c,0x0066161C,0x00661660,68
FUN_00661660,0x00661660,0x00661698,56
entry_00661694,0x00661694,0x006616A0,12
FUN_006616a0,0x006616A0,0x006616A8,8
FUN_00661e30,0x00661E30,0x00661E8C,92
entry_00661e6c,0x00661E6C,0x00661E84,24
entry_00661e84,0x00661E84,0x00661E88,4
entry_00661e88,0x00661E88,0x00661EA0,24
FUN_00661ea0,0x00661EA0,0x00661EB4,20
FUN_006622d0,0x006622D0,0x006622E8,24
FUN_006623c0,0x006623C0,0x006623D8,24
FUN_006624b0,0x006624B0,0x006624BC,12
FUN_006625b0,0x006625B0,0x006625BC,12
FUN_00662690,0x00662690,0x006626A0,16
FUN_00662900,0x00662900,0x0066290C,12
FUN_00662aa0,0x00662AA0,0x00662AAC,12
FUN_00662ba0,0x00662BA0,0x00662BA8,8
FUN_00662c50,0x00662C50,0x00662C5C,12
FUN_00662e00,0x00662E00,0x00662E0C,12
FUN_00662fb0,0x00662FB0,0x00663014,100
entry_00662fec,0x00662FEC,0x00662FFC,16
entry_00662ffc,0x00662FFC,0x0066300C,16
entry_0066300c,0x0066300C,0x00663010,4
entry_00663010,0x00663010,0x00663020,16
FUN_00663020,0x00663020,0x00663034,20
FUN_006637e0,0x006637E0,0x00663914,304
entry_0066381c,0x0066381C,0x00663840,36
entry_00663840,0x00663840,0x00663864,36
entry_00663864,0x00663864,0x00663888,36
entry_00663888,0x00663888,0x006638A0,24
entry_006638a0,0x006638A0,0x006638C8,40
entry_006638c8,0x006638C8,0x006638CC,4
entry_006638cc,0x006638CC,0x006638F4,40
entry_006638f4,0x006638F4,0x006638F8,4
entry_006638f8,0x006638F8,0x0066390C,20
entry_0066390c,0x0066390C,0x00663910,4
entry_00663910,0x00663910,0x00663930,32
FUN_00663930,0x00663930,0x00663970,64
entry_00663968,0x00663968,0x0066396C,4
entry_0066396c,0x0066396C,0x006639F0,132
FUN_006639f0,0x006639F0,0x00663A4C,92
entry_00663a2c,0x00663A2C,0x00663A44,24
entry_00663a44,0x00663A44,0x00663A48,4
entry_00663a48,0x00663A48,0x00663A60,24
FUN_00663a60,0x00663A60,0x00663A70,16
FUN_00663fa0,0x00663FA0,0x00663FAC,12
FUN_006640e0,0x006640E0,0x0066422C,300
entry_0066410c,0x0066410C,0x00664138,44
entry_00664138,0x00664138,0x00664198,96
entry_00664198,0x00664198,0x006641A8,16
entry_006641a8,0x006641A8,0x006641F0,72
entry_006641f0,0x006641F0,0x00664228,56
entry_00664228,0x00664228,0x00664240,24
FUN_00664240,0x00664240,0x00664410,432
entry_0066426c,0x0066426C,0x00664298,44
entry_00664298,0x00664298,0x00664340,168
entry_00664340,0x00664340,0x00664350,16
entry_00664350,0x00664350,0x006643D0,128
entry_006643d0,0x006643D0,0x0066440C,60
entry_0066440c,0x0066440C,0x00664420,20
FUN_00664420,0x00664420,0x00664430,16
FUN_00664850,0x00664850,0x00664858,8
FUN_00664c10,0x00664C10,0x00664C20,16
FUN_00665030,0x00665030,0x0066504C,28
FUN_00665310,0x00665310,0x006653C0,176
entry_00665344,0x00665344,0x0066538C,72
entry_0066538c,0x0066538C,0x006653B8,44
entry_006653b8,0x006653B8,0x006653D0,24
FUN_006653d0,0x006653D0,0x006653E0,16
FUN_00665890,0x00665890,0x006658A0,16
FUN_00665cf0,0x00665CF0,0x00665CF8,8
FUN_00667670,0x00667670,0x0066767C,12
FUN_00667ee0,0x00667EE0,0x00667EFC,28
FUN_00667fe0,0x00667FE0,0x00668008,40
entry_00668004,0x00668004,0x00668070,108
FUN_00668070,0x00668070,0x00668078,8
FUN_006680d0,0x006680D0,0x006680DC,12
FUN_006685a0,0x006685A0,0x006685A8,8
FUN_006686d0,0x006686D0,0x00668790,188
entry_00668710,0x00668710,0x00668778,104
entry_00668778,0x00668778,0x0066878C,20
entry_0066878c,0x0066878C,0x006687A0,20
FUN_006687a0,0x006687A0,0x00668800,96
entry_006687e4,0x006687E4,0x006687F8,20
entry_006687f8,0x006687F8,0x006687FC,4
entry_006687fc,0x006687FC,0x006688C0,196
FUN_006688c0,0x006688C0,0x00668914,84
entry_006688f4,0x006688F4,0x0066890C,24
entry_0066890c,0x0066890C,0x00668910,4
entry_00668910,0x00668910,0x00668940,48
FUN_00668940,0x00668940,0x00668950,16
FUN_00668d70,0x00668D70,0x00668D84,20
FUN_00668e90,0x00668E90,0x00668EA4,20
FUN_00669010,0x00669010,0x00669020,16
FUN_00669400,0x00669400,0x00669450,80
entry_00669428,0x00669428,0x0066943C,20
entry_0066943c,0x0066943C,0x00669600,452
FUN_00669600,0x00669600,0x00669650,80
entry_00669628,0x00669628,0x0066963C,20
entry_0066963c,0x0066963C,0x00669800,452
FUN_00669800,0x00669800,0x00669808,8
FUN_00669bb0,0x00669BB0,0x00669C20,108
entry_00669bec,0x00669BEC,0x00669C04,24
entry_00669c04,0x00669C04,0x00669C18,20
entry_00669c18,0x00669C18,0x00669C1C,4
entry_00669c1c,0x00669C1C,0x00669C30,20
FUN_00669c30,0x00669C30,0x00669C60,48
FUN_00669ca0,0x00669CA0,0x00669CAC,12
FUN_00669e50,0x00669E50,0x00669ED8,44
entry_00669e70,0x00669E70,0x00669ED4,100
entry_00669ed4,0x00669ED4,0x00669EF0,28
FUN_00669ef0,0x00669EF0,0x00669F04,20
FUN_0066a220,0x0066A220,0x0066A234,20
FUN_0066a6a0,0x0066A6A0,0x0066A724,132
entry_0066a6dc,0x0066A6DC,0x0066A6F8,28
entry_0066a6f8,0x0066A6F8,0x0066A71C,36
entry_0066a71c,0x0066A71C,0x0066A720,4
entry_0066a720,0x0066A720,0x0066A740,32
FUN_0066a740,0x0066A740,0x0066A754,20
FUN_0066ab60,0x0066AB60,0x0066AB6C,12
FUN_0066ad50,0x0066AD50,0x0066AD58,8
FUN_0066adf0,0x0066ADF0,0x0066AE08,24
FUN_0066b0a0,0x0066B0A0,0x0066B0B4,20
FUN_0066b200,0x0066B200,0x0066B214,20
FUN_0066b680,0x0066B680,0x0066B690,16
entry_0066b95c,0x0066B95C,0x0066BB38,476
entry_0066bb38,0x0066BB38,0x0066BB90,88
FUN_0066bb90,0x0066BB90,0x0066BB98,8
entry_0066bc28,0x0066BC28,0x0066BC80,88
FUN_0066bc80,0x0066BC80,0x0066BC88,8
FUN_0066bd60,0x0066BD60,0x0066BD68,8
FUN_0066bdf0,0x0066BDF0,0x0066BDF8,8
FUN_0066bec0,0x0066BEC0,0x0066BEC8,8
FUN_0066bf90,0x0066BF90,0x0066BFD0,48
entry_0066bfc8,0x0066BFC8,0x0066BFE0,24
FUN_0066bfe0,0x0066BFE0,0x0066BFE8,8
FUN_0066c080,0x0066C080,0x0066C104,132
FUN_0066c120,0x0066C120,0x0066C138,24
FUN_0066c2e0,0x0066C2E0,0x0066C2E8,8
FUN_0066c3f0,0x0066C3F0,0x0066C440,80
entry_0066c438,0x0066C438,0x0066C43C,4
entry_0066c43c,0x0066C43C,0x0066C450,20
FUN_0066c450,0x0066C450,0x0066C45C,12
FUN_0066c9a0,0x0066C9A0,0x0066C9B4,20
FUN_0066d1d0,0x0066D1D0,0x0066D274,164
entry_0066d20c,0x0066D20C,0x0066D22C,32
entry_0066d22c,0x0066D22C,0x0066D230,4
entry_0066d230,0x0066D230,0x0066D248,24
entry_0066d248,0x0066D248,0x0066D26C,36
entry_0066d26c,0x0066D26C,0x0066D270,4
entry_0066d270,0x0066D270,0x0066D290,32
FUN_0066d290,0x0066D290,0x0066D2A8,24
FUN_0066d730,0x0066D730,0x0066D738,8
FUN_0066d800,0x0066D800,0x0066D808,8
FUN_0066d8a0,0x0066D8A0,0x0066D8A8,8
FUN_0066db10,0x0066DB10,0x0066DB18,8
FUN_0066dc40,0x0066DC40,0x0066DC48,8
FUN_0066dd10,0x0066DD10,0x0066DD60,80
entry_0066dd58,0x0066DD58,0x0066DD5C,4
entry_0066dd5c,0x0066DD5C,0x0066DE30,212
FUN_0066de30,0x0066DE30,0x0066DE38,8
FUN_0066df00,0x0066DF00,0x0066DF50,80
entry_0066df48,0x0066DF48,0x0066DF4C,4
entry_0066df4c,0x0066DF4C,0x0066DFF0,164
FUN_0066dff0,0x0066DFF0,0x0066DFF8,8
FUN_0066e0d0,0x0066E0D0,0x0066E0D8,8
FUN_0066e170,0x0066E170,0x0066E19C,44
FUN_0066e220,0x0066E220,0x0066E228,8
FUN_0066e300,0x0066E300,0x0066E350,80
entry_0066e348,0x0066E348,0x0066E34C,4
entry_0066e34c,0x0066E34C,0x0066E360,20
FUN_0066e360,0x0066E360,0x0066E394,52
FUN_0066e420,0x0066E420,0x0066E428,8
FUN_0066e500,0x0066E500,0x0066E550,80
entry_0066e548,0x0066E548,0x0066E54C,4
entry_0066e54c,0x0066E54C,0x0066E560,20
FUN_0066e560,0x0066E560,0x0066E588,40
FUN_0066e5c0,0x0066E5C0,0x0066E62C,108
entry_0066e604,0x0066E604,0x0066E640,60
FUN_0066e640,0x0066E640,0x0066E654,20
FUN_0066e700,0x0066E700,0x0066E708,8
FUN_0066e810,0x0066E810,0x0066E818,8
FUN_0066e8e0,0x0066E8E0,0x0066E918,56
FUN_0066e9d0,0x0066E9D0,0x0066E9D8,8
FUN_0066eae0,0x0066EAE0,0x0066EB30,80
entry_0066eb28,0x0066EB28,0x0066EB2C,4
entry_0066eb2c,0x0066EB2C,0x0066EB40,20
FUN_0066eb40,0x0066EB40,0x0066EB4C,12
FUN_0066ece0,0x0066ECE0,0x0066ECEC,12
FUN_0066edc0,0x0066EDC0,0x0066EDC8,8
FUN_0066eee0,0x0066EEE0,0x0066EF30,80
entry_0066ef28,0x0066EF28,0x0066EF2C,4
entry_0066ef2c,0x0066EF2C,0x0066EF40,20
FUN_0066ef40,0x0066EF40,0x0066EFC4,132
FUN_0066f030,0x0066F030,0x0066F038,8
FUN_0066f0e0,0x0066F0E0,0x0066F15C,124
FUN_0066f170,0x0066F170,0x0066F178,8
FUN_0066f220,0x0066F220,0x0066F238,24
FUN_0066f410,0x0066F410,0x0066F420,16
FUN_0066f580,0x0066F580,0x0066F588,8
FUN_0066f680,0x0066F680,0x0066F6D0,80
entry_0066f6c8,0x0066F6C8,0x0066F6CC,4
entry_0066f6cc,0x0066F6CC,0x0066F6E0,20
FUN_0066f6e0,0x0066F6E0,0x0066F714,52
FUN_0066f730,0x0066F730,0x0066F738,8
FUN_0066f7d0,0x0066F7D0,0x0066F7D8,8
FUN_0066f8a0,0x0066F8A0,0x0066F8A8,8
FUN_0066f950,0x0066F950,0x0066F958,8
FUN_0066faa0,0x0066FAA0,0x0066FAA8,8
FUN_0066fb60,0x0066FB60,0x0066FB68,8
FUN_0066fc30,0x0066FC30,0x0066FC38,8
FUN_0066fd00,0x0066FD00,0x0066FD08,8
FUN_0066fdb0,0x0066FDB0,0x0066FDB8,8
FUN_0066fe70,0x0066FE70,0x0066FE7C,12
FUN_0066ffe0,0x0066FFE0,0x0066FFEC,12
FUN_006700c0,0x006700C0,0x006700C8,8
FUN_006701d0,0x006701D0,0x00670220,80
entry_00670218,0x00670218,0x0067021C,4
entry_0067021c,0x0067021C,0x00670230,20
FUN_00670230,0x00670230,0x00670238,8
FUN_00670470,0x00670470,0x0067049C,44
FUN_006704f0,0x006704F0,0x006704F8,8
FUN_006705e0,0x006705E0,0x00670630,80
entry_00670628,0x00670628,0x0067062C,4
entry_0067062c,0x0067062C,0x00670640,20
FUN_00670640,0x00670640,0x006706BC,52
entry_006706b4,0x006706B4,0x006706D0,28
FUN_006706d0,0x006706D0,0x006706D8,8
FUN_00670770,0x00670770,0x00670780,16
FUN_00670ad0,0x00670AD0,0x00670AD8,8
FUN_00670bd0,0x00670BD0,0x00670C20,80
entry_00670c18,0x00670C18,0x00670C1C,4
entry_00670c1c,0x00670C1C,0x00670C30,20
FUN_00670c30,0x00670C30,0x00670C78,72
FUN_00670ce0,0x00670CE0,0x00670CE8,8
FUN_00670dc0,0x00670DC0,0x00670E10,80
entry_00670e08,0x00670E08,0x00670E0C,4
entry_00670e0c,0x00670E0C,0x00670E50,68
FUN_00670e50,0x00670E50,0x00670EC4,44
entry_00670e70,0x00670E70,0x00670EC0,80
entry_00670ec0,0x00670EC0,0x00670EE0,32
FUN_00670ee0,0x00670EE0,0x00670F50,112
FUN_00670fb0,0x00670FB0,0x00671024,44
entry_00670fd0,0x00670FD0,0x00671020,80
entry_00671020,0x00671020,0x00671040,32
FUN_00671040,0x00671040,0x00671054,20
FUN_006712c0,0x006712C0,0x006712D0,16
FUN_00671410,0x00671410,0x00671418,8
FUN_00671510,0x00671510,0x00671560,80
entry_00671558,0x00671558,0x0067155C,4
entry_0067155c,0x0067155C,0x00671570,20
FUN_00671570,0x00671570,0x00671580,16
FUN_006717c0,0x006717C0,0x006717D0,16
FUN_006720a0,0x006720A0,0x00672124,132
entry_006720dc,0x006720DC,0x006720F8,28
entry_006720f8,0x006720F8,0x0067211C,36
entry_0067211c,0x0067211C,0x00672120,4
entry_00672120,0x00672120,0x00672140,32
FUN_00672140,0x00672140,0x0067215C,28
FUN_00672780,0x00672780,0x00672790,16
FUN_006728d0,0x006728D0,0x00672914,52
entry_006728f8,0x006728F8,0x00673370,2680
FUN_00673370,0x00673370,0x00673378,8
FUN_00673450,0x00673450,0x0067357C,80
entry_00673494,0x00673494,0x00673574,224
entry_00673574,0x00673574,0x00673620,172
FUN_00673620,0x00673620,0x0067362C,12
FUN_00673890,0x00673890,0x006738E0,80
entry_006738d8,0x006738D8,0x006738DC,4
entry_006738dc,0x006738DC,0x00673900,36
FUN_00673900,0x00673900,0x00673950,80
entry_00673948,0x00673948,0x0067394C,4
entry_0067394c,0x0067394C,0x00673970,36
FUN_00673970,0x00673970,0x006739F8,136
entry_006739b0,0x006739B0,0x006739CC,28
entry_006739cc,0x006739CC,0x006739F0,36
entry_006739f0,0x006739F0,0x006739F4,4
entry_006739f4,0x006739F4,0x00673A10,28
FUN_00673a10,0x00673A10,0x00673A60,80
entry_00673a58,0x00673A58,0x00673A5C,4
entry_00673a5c,0x00673A5C,0x00673A80,36
FUN_00673a80,0x00673A80,0x00673AD0,80
entry_00673ac8,0x00673AC8,0x00673ACC,4
entry_00673acc,0x00673ACC,0x00673AF0,36
FUN_00673af0,0x00673AF0,0x00673B40,80
entry_00673b38,0x00673B38,0x00673B3C,4
entry_00673b3c,0x00673B3C,0x00673B60,36
FUN_00673b60,0x00673B60,0x00673BB0,80
entry_00673ba8,0x00673BA8,0x00673BAC,4
entry_00673bac,0x00673BAC,0x00673BD0,36
FUN_00673bd0,0x00673BD0,0x00673C20,80
entry_00673c18,0x00673C18,0x00673C1C,4
entry_00673c1c,0x00673C1C,0x00673C40,36
FUN_00673c40,0x00673C40,0x00673C90,80
entry_00673c88,0x00673C88,0x00673C8C,4
entry_00673c8c,0x00673C8C,0x00673CB0,36
FUN_00673cb0,0x00673CB0,0x00673D00,80
entry_00673cf8,0x00673CF8,0x00673CFC,4
entry_00673cfc,0x00673CFC,0x00673D20,36
FUN_00673d20,0x00673D20,0x00673D70,80
entry_00673d68,0x00673D68,0x00673D6C,4
entry_00673d6c,0x00673D6C,0x00673D90,36
FUN_00673d90,0x00673D90,0x00673DE0,80
entry_00673dd8,0x00673DD8,0x00673DDC,4
entry_00673ddc,0x00673DDC,0x00673E00,36
FUN_00673e00,0x00673E00,0x00673E50,80
entry_00673e48,0x00673E48,0x00673E4C,4
entry_00673e4c,0x00673E4C,0x00673E70,36
FUN_00673e70,0x00673E70,0x00673EC0,80
entry_00673eb8,0x00673EB8,0x00673EBC,4
entry_00673ebc,0x00673EBC,0x00673EE0,36
FUN_00673ee0,0x00673EE0,0x00673F30,80
entry_00673f28,0x00673F28,0x00673F2C,4
entry_00673f2c,0x00673F2C,0x00673F50,36
FUN_00673f50,0x00673F50,0x00673FA0,80
entry_00673f98,0x00673F98,0x00673F9C,4
entry_00673f9c,0x00673F9C,0x00673FC0,36
FUN_00673fc0,0x00673FC0,0x00674010,80
entry_00674008,0x00674008,0x0067400C,4
entry_0067400c,0x0067400C,0x00674030,36
FUN_00674030,0x00674030,0x00674080,80
entry_00674078,0x00674078,0x0067407C,4
entry_0067407c,0x0067407C,0x006740A0,36
FUN_006740a0,0x006740A0,0x006740F0,80
entry_006740e8,0x006740E8,0x006740EC,4
entry_006740ec,0x006740EC,0x00674110,36
FUN_00674110,0x00674110,0x00674160,80
entry_00674158,0x00674158,0x0067415C,4
entry_0067415c,0x0067415C,0x00674180,36
FUN_00674180,0x00674180,0x006741D0,80
entry_006741c8,0x006741C8,0x006741CC,4
entry_006741cc,0x006741CC,0x006741F0,36
FUN_006741f0,0x006741F0,0x006741FC,12
FUN_00674740,0x00674740,0x0067474C,12
FUN_00674c10,0x00674C10,0x00674C68,84
entry_00674c4c,0x00674C4C,0x00674C60,20
entry_00674c60,0x00674C60,0x00674C64,4
entry_00674c64,0x00674C64,0x00674C80,28
FUN_00674c80,0x00674C80,0x00674CD8,84
entry_00674cbc,0x00674CBC,0x00674CD0,20
entry_00674cd0,0x00674CD0,0x00674CD4,4
entry_00674cd4,0x00674CD4,0x00674CF0,28
FUN_00674cf0,0x00674CF0,0x00674D30,64
entry_00674d14,0x00674D14,0x00674D40,44
FUN_00674d40,0x00674D40,0x00674D80,64
entry_00674d64,0x00674D64,0x00674DB0,76
FUN_00674db0,0x00674DB0,0x00674F80,464
entry_00674dfc,0x00674DFC,0x00674E98,156
entry_00674e98,0x00674E98,0x00674EE4,76
entry_00674ee4,0x00674EE4,0x00674EF8,20
entry_00674ef8,0x00674EF8,0x00674F0C,20
entry_00674f0c,0x00674F0C,0x00674F20,20
entry_00674f20,0x00674F20,0x00674F34,20
entry_00674f34,0x00674F34,0x00674F48,20
entry_00674f48,0x00674F48,0x00674F5C,20
entry_00674f5c,0x00674F5C,0x00674F7C,32
entry_00674f7c,0x00674F7C,0x00674F90,20
FUN_00674f90,0x00674F90,0x00674FA0,16
FUN_00675520,0x00675520,0x00675534,20
FUN_00675730,0x00675730,0x00675748,24
FUN_00675a30,0x00675A30,0x00675A3C,12
FUN_00675bf0,0x00675BF0,0x00675BFC,12
FUN_006763b0,0x006763B0,0x00676504,340
entry_006763f8,0x006763F8,0x0067643C,68
entry_0067643c,0x0067643C,0x00676480,68
entry_00676480,0x00676480,0x006764C4,68
entry_006764c4,0x006764C4,0x00676500,60
entry_00676500,0x00676500,0x00676530,48
FUN_00676530,0x00676530,0x00676564,52
entry_0067655c,0x0067655C,0x00676560,4
entry_00676560,0x00676560,0x00676570,16
FUN_00676570,0x00676570,0x006766F0,384
entry_006765bc,0x006765BC,0x006765E0,36
entry_006765e0,0x006765E0,0x00676604,36
entry_00676604,0x00676604,0x00676628,36
entry_00676628,0x00676628,0x0067664C,36
entry_0067664c,0x0067664C,0x00676670,36
entry_00676670,0x00676670,0x00676694,36
entry_00676694,0x00676694,0x006766B8,36
entry_006766b8,0x006766B8,0x006766E8,48
entry_006766e8,0x006766E8,0x006766EC,4
entry_006766ec,0x006766EC,0x00676700,20
FUN_00676700,0x00676700,0x00676714,20
FUN_00676910,0x00676910,0x0067691C,12
FUN_00676fb0,0x00676FB0,0x00676FC4,20
FUN_006771e0,0x006771E0,0x006771E8,8
FUN_00677710,0x00677710,0x00677724,20
FUN_00677ac0,0x00677AC0,0x00677B8C,204
entry_00677b04,0x00677B04,0x00677B1C,24
entry_00677b1c,0x00677B1C,0x00677B34,24
entry_00677b34,0x00677B34,0x00677B64,48
entry_00677b64,0x00677B64,0x00677B84,32
entry_00677b84,0x00677B84,0x00677B88,4
entry_00677b88,0x00677B88,0x00677BA0,24
FUN_00677ba0,0x00677BA0,0x00677C0C,108
FUN_006798b0,0x006798B0,0x006798BC,12
FUN_0067aa60,0x0067AA60,0x0067AB4C,236
entry_0067aa80,0x0067AA80,0x0067AAA4,36
entry_0067aaa4,0x0067AAA4,0x0067AAB8,20
entry_0067aab8,0x0067AAB8,0x0067AACC,20
entry_0067aacc,0x0067AACC,0x0067AAEC,32
entry_0067aaec,0x0067AAEC,0x0067AB04,24
entry_0067ab04,0x0067AB04,0x0067AB1C,24
entry_0067ab1c,0x0067AB1C,0x0067AB34,24
entry_0067ab34,0x0067AB34,0x0067AB60,44
FUN_0067ab60,0x0067AB60,0x0067AB70,16
FUN_0067b170,0x0067B170,0x0067B184,20
FUN_0067b230,0x0067B230,0x0067B24C,28
FUN_0067b2f0,0x0067B2F0,0x0067B2F8,8
FUN_0067be40,0x0067BE40,0x0067BE60,32
FUN_0067c280,0x0067C280,0x0067C2B0,48
entry_0067c2a8,0x0067C2A8,0x0067C2C0,24
FUN_0067c2c0,0x0067C2C0,0x0067C2C8,8
FUN_0067c400,0x0067C400,0x0067C41C,28
FUN_0067c500,0x0067C500,0x0067C51C,28
FUN_0067c640,0x0067C640,0x0067C650,16
FUN_0067c930,0x0067C930,0x0067C97C,76
entry_0067c978,0x0067C978,0x0067C990,24
FUN_0067c990,0x0067C990,0x0067C9E0,80
entry_0067c9dc,0x0067C9DC,0x0067C9F0,20
FUN_0067c9f0,0x0067C9F0,0x0067CA04,20
FUN_0067cac0,0x0067CAC0,0x0067CAD8,24
FUN_0067cc40,0x0067CC40,0x0067CD64,136
entry_0067cd5c,0x0067CD5C,0x0067CD80,36
FUN_0067cd80,0x0067CD80,0x0067CD88,8
FUN_0067ceb0,0x0067CEB0,0x0067CEC8,24
FUN_0067d9c0,0x0067D9C0,0x0067DA38,120
entry_0067d9ec,0x0067D9EC,0x0067DA08,28
entry_0067da08,0x0067DA08,0x0067DA24,28
entry_0067da24,0x0067DA24,0x0067DA50,44
FUN_0067da50,0x0067DA50,0x0067DA9C,76
entry_0067da98,0x0067DA98,0x0067DAB0,24
FUN_0067dab0,0x0067DAB0,0x0067DB00,80
entry_0067dafc,0x0067DAFC,0x0067DB10,20
FUN_0067db10,0x0067DB10,0x0067DBEC,140
entry_0067db50,0x0067DB50,0x0067DB9C,76
entry_0067db9c,0x0067DB9C,0x0067DBE8,76
entry_0067dbe8,0x0067DBE8,0x0067DC00,24
FUN_0067dc00,0x0067DC00,0x0067DC08,8
FUN_0067de50,0x0067DE50,0x0067DE64,20
FUN_0067e6e0,0x0067E6E0,0x0067E7AC,204
entry_0067e72c,0x0067E72C,0x0067E730,4
entry_0067e730,0x0067E730,0x0067E754,36
entry_0067e754,0x0067E754,0x0067E758,4
entry_0067e758,0x0067E758,0x0067E77C,36
entry_0067e77c,0x0067E77C,0x0067E780,4
entry_0067e780,0x0067E780,0x0067E7A4,36
entry_0067e7a4,0x0067E7A4,0x0067E7A8,4
entry_0067e7a8,0x0067E7A8,0x0067E7C0,24
FUN_0067e7c0,0x0067E7C0,0x0067E7D4,20
FUN_0067e840,0x0067E840,0x0067E900,192
entry_0067e8b0,0x0067E8B0,0x0067E8C4,20
entry_0067e8c4,0x0067E8C4,0x0067E8D8,20
entry_0067e8d8,0x0067E8D8,0x0067E8EC,20
entry_0067e8ec,0x0067E8EC,0x0067E8FC,16
entry_0067e8fc,0x0067E8FC,0x0067E910,20
FUN_0067e910,0x0067E910,0x0067E920,16
FUN_0067ed40,0x0067ED40,0x0067ED4C,12
FUN_0067ef70,0x0067EF70,0x0067EFA0,48
entry_0067ef90,0x0067EF90,0x0067EF9C,12
entry_0067ef9c,0x0067EF9C,0x0067EFB0,20
FUN_0067efb0,0x0067EFB0,0x0067EFBC,12
FUN_0067f300,0x0067F300,0x0067F468,360
entry_0067f34c,0x0067F34C,0x0067F370,36
entry_0067f370,0x0067F370,0x0067F394,36
entry_0067f394,0x0067F394,0x0067F3B8,36
entry_0067f3b8,0x0067F3B8,0x0067F3DC,36
entry_0067f3dc,0x0067F3DC,0x0067F400,36
entry_0067f400,0x0067F400,0x0067F424,36
entry_0067f424,0x0067F424,0x0067F460,60
entry_0067f460,0x0067F460,0x0067F464,4
entry_0067f464,0x0067F464,0x0067F480,28
FUN_0067f480,0x0067F480,0x0067F494,20
FUN_0067f5e0,0x0067F5E0,0x0067F654,116
entry_0067f640,0x0067F640,0x0067F650,16
entry_0067f650,0x0067F650,0x0067F670,32
FUN_0067f670,0x0067F670,0x0067F67C,12
FUN_0067f710,0x0067F710,0x0067F7D0,184
entry_0067f738,0x0067F738,0x0067F7CC,148
entry_0067f7cc,0x0067F7CC,0x0067F7E0,20
FUN_0067f7e0,0x0067F7E0,0x0067F864,132
entry_0067f82c,0x0067F82C,0x0067F85C,48
entry_0067f85c,0x0067F85C,0x0067F860,4
entry_0067f860,0x0067F860,0x0067F880,32
FUN_0067f880,0x0067F880,0x0067F894,20
FUN_0067f920,0x0067F920,0x0067F994,116
entry_0067f990,0x0067F990,0x0067F9B0,32
FUN_0067f9b0,0x0067F9B0,0x0067F9BC,12
FUN_0067fb20,0x0067FB20,0x0067FC2C,268
entry_0067fb4c,0x0067FB4C,0x0067FB88,60
entry_0067fb88,0x0067FB88,0x0067FBB0,40
entry_0067fbb0,0x0067FBB0,0x0067FBD8,40
entry_0067fbd8,0x0067FBD8,0x0067FBF8,32
entry_0067fbf8,0x0067FBF8,0x0067FC50,88
FUN_0067fc50,0x0067FC50,0x0067FCD4,132
entry_0067fc9c,0x0067FC9C,0x0067FCCC,48
entry_0067fccc,0x0067FCCC,0x0067FCD0,4
entry_0067fcd0,0x0067FCD0,0x0067FCF0,32
FUN_0067fcf0,0x0067FCF0,0x0067FD04,20
FUN_0067fd60,0x0067FD60,0x0067FDF4,148
entry_0067fde0,0x0067FDE0,0x0067FDF0,16
entry_0067fdf0,0x0067FDF0,0x0067FE10,32
FUN_0067fe10,0x0067FE10,0x0067FE18,8
FUN_0067fea0,0x0067FEA0,0x0067FF78,208
entry_0067fec8,0x0067FEC8,0x0067FF74,172
entry_0067ff74,0x0067FF74,0x0067FF90,28
FUN_0067ff90,0x0067FF90,0x00680014,132
entry_0067ffdc,0x0067FFDC,0x0068000C,48
entry_0068000c,0x0068000C,0x00680010,4
entry_00680010,0x00680010,0x00680030,32
FUN_00680030,0x00680030,0x00680044,20
FUN_00680090,0x00680090,0x0068014C,188
entry_00680124,0x00680124,0x00680138,20
entry_00680138,0x00680138,0x00680148,16
entry_00680148,0x00680148,0x00680160,24
FUN_00680160,0x00680160,0x0068016C,12
FUN_006803c0,0x006803C0,0x006803F0,48
entry_006803e0,0x006803E0,0x006803EC,12
entry_006803ec,0x006803EC,0x00680400,20
FUN_00680400,0x00680400,0x00680410,16
FUN_006805d0,0x006805D0,0x006805E0,16
FUN_00680860,0x00680860,0x006809EC,56
entry_006808bc,0x006808BC,0x006809E8,300
entry_006809e8,0x006809E8,0x00680A00,24
FUN_00680a00,0x00680A00,0x00680AE4,228
entry_00680a4c,0x00680A4C,0x00680A70,36
entry_00680a70,0x00680A70,0x00680A94,36
entry_00680a94,0x00680A94,0x00680ADC,72
entry_00680adc,0x00680ADC,0x00680AE0,4
entry_00680ae0,0x00680AE0,0x00680B00,32
FUN_00680b00,0x00680B00,0x00680B14,20
FUN_00680c20,0x00680C20,0x00680C30,16
FUN_00680cd0,0x00680CD0,0x00680CE8,24
FUN_00680d20,0x00680D20,0x00680D2C,12
FUN_00680e30,0x00680E30,0x00680E44,20
FUN_006810a0,0x006810A0,0x0068110C,48
entry_00681108,0x00681108,0x00681120,24
FUN_00681120,0x00681120,0x00681194,48
entry_00681190,0x00681190,0x006811B0,32
FUN_006811b0,0x006811B0,0x006811C8,24
FUN_00681320,0x00681320,0x006813A8,48
entry_006813a4,0x006813A4,0x006813C0,28
FUN_006813c0,0x006813C0,0x006814A8,64
entry_006813f8,0x006813F8,0x006814A4,172
entry_006814a4,0x006814A4,0x006814C0,28
FUN_006814c0,0x006814C0,0x00681550,48
entry_0068154c,0x0068154C,0x00681560,20
FUN_00681560,0x00681560,0x00681664,64
entry_00681598,0x00681598,0x00681660,200
entry_00681660,0x00681660,0x00681680,32
FUN_00681680,0x00681680,0x00681710,48
entry_0068170c,0x0068170C,0x00681720,20
FUN_00681720,0x00681720,0x006817AC,48
entry_006817a8,0x006817A8,0x006817C0,24
FUN_006817c0,0x006817C0,0x00681888,60
entry_006817f0,0x006817F0,0x00681884,148
entry_00681884,0x00681884,0x006818A0,28
FUN_006818a0,0x006818A0,0x006819B4,64
entry_006818d8,0x006818D8,0x006819B0,216
entry_006819b0,0x006819B0,0x006819D0,32
FUN_006819d0,0x006819D0,0x006819F0,32
FUN_00681a70,0x00681A70,0x00681A90,32
FUN_00681b10,0x00681B10,0x00681B60,80
entry_00681b58,0x00681B58,0x00681B5C,4
entry_00681b5c,0x00681B5C,0x00681B70,20
FUN_00681b70,0x00681B70,0x00681B94,36
FUN_00681ca0,0x00681CA0,0x00681CCC,44
FUN_00681ce0,0x00681CE0,0x00681D30,80
entry_00681d28,0x00681D28,0x00681D2C,4
entry_00681d2c,0x00681D2C,0x00681D40,20
FUN_00681d40,0x00681D40,0x00681D5C,28
FUN_00681dc0,0x00681DC0,0x00681E9C,220
entry_00681e40,0x00681E40,0x00681E54,20
entry_00681e54,0x00681E54,0x00681E68,20
entry_00681e68,0x00681E68,0x00681E98,48
entry_00681e98,0x00681E98,0x00681EB0,24
FUN_00681eb0,0x00681EB0,0x00681EBC,12
FUN_00681fb0,0x00681FB0,0x00681FE0,48
entry_00681fd0,0x00681FD0,0x00681FDC,12
entry_00681fdc,0x00681FDC,0x00681FF0,20
FUN_00681ff0,0x00681FF0,0x00682008,24
FUN_00682170,0x00682170,0x00682248,216
entry_006821bc,0x006821BC,0x006821E0,36
entry_006821e0,0x006821E0,0x00682204,36
entry_00682204,0x00682204,0x00682240,60
entry_00682240,0x00682240,0x00682244,4
entry_00682244,0x00682244,0x00682260,28
FUN_00682260,0x00682260,0x00682274,20
FUN_006830b0,0x006830B0,0x006830E8,56
entry_006830dc,0x006830DC,0x00683100,36
FUN_00683100,0x00683100,0x0068314C,76
entry_00683148,0x00683148,0x00683160,24
FUN_00683160,0x00683160,0x006831B0,80
entry_006831ac,0x006831AC,0x006831C0,20
FUN_006831c0,0x006831C0,0x006831CC,12
FUN_006832f0,0x006832F0,0x00683328,56
entry_00683324,0x00683324,0x00683330,12
FUN_00683330,0x00683330,0x006833AC,124
entry_0068337c,0x0068337C,0x00683380,4
entry_00683380,0x00683380,0x006833A4,36
entry_006833a4,0x006833A4,0x006833A8,4
entry_006833a8,0x006833A8,0x006833C0,24
FUN_006833c0,0x006833C0,0x006833D4,20
FUN_00683400,0x00683400,0x00683410,16
FUN_00683840,0x00683840,0x00683D3C,668
entry_0068389c,0x0068389C,0x006838C0,36
entry_006838c0,0x006838C0,0x006838D0,16
entry_006838d0,0x006838D0,0x006838E4,20
entry_006838e4,0x006838E4,0x006838E8,4
entry_006838e8,0x006838E8,0x00683920,56
entry_00683920,0x00683920,0x0068392C,12
entry_0068392c,0x0068392C,0x00683930,4
entry_00683930,0x00683930,0x0068397C,76
entry_0068397c,0x0068397C,0x006839A0,36
entry_006839a0,0x006839A0,0x006839B0,16
entry_006839b0,0x006839B0,0x006839C4,20
entry_006839c4,0x006839C4,0x006839C8,4
entry_006839c8,0x006839C8,0x00683A00,56
entry_00683a00,0x00683A00,0x00683A0C,12
entry_00683a0c,0x00683A0C,0x00683A10,4
entry_00683a10,0x00683A10,0x00683B78,360
entry_00683b78,0x00683B78,0x00683B7C,4
entry_00683b7c,0x00683B7C,0x00683CF4,376
entry_00683cf4,0x00683CF4,0x00683CF8,4
entry_00683cf8,0x00683CF8,0x00683D14,28
entry_00683d14,0x00683D14,0x00683D34,32
entry_00683d34,0x00683D34,0x00683D50,28
FUN_00683d50,0x00683D50,0x00683D64,20
FUN_00683f20,0x00683F20,0x00683F30,16
entry_00684370,0x00684370,0x006844E0,368
FUN_006844e0,0x006844E0,0x006844EC,12
FUN_00684700,0x00684700,0x00684710,16
FUN_006847d0,0x006847D0,0x00684840,104
entry_00684828,0x00684828,0x006848C0,152
FUN_006848c0,0x006848C0,0x00684904,68
entry_006848fc,0x006848FC,0x00684910,20
FUN_00684910,0x00684910,0x00684954,68
entry_0068494c,0x0068494C,0x00684960,20
FUN_00684960,0x00684960,0x006849B4,84
entry_006849a8,0x006849A8,0x006849AC,4
entry_006849ac,0x006849AC,0x00684BB0,516
FUN_00684bb0,0x00684BB0,0x00684BB8,8
FUN_00685250,0x00685250,0x00685340,48
entry_0068533c,0x0068533C,0x006853E0,164
FUN_006853e0,0x006853E0,0x00685400,32
FUN_006856f0,0x006856F0,0x006856F8,8
FUN_006857b0,0x006857B0,0x006857F0,64
FUN_00685800,0x00685800,0x00685814,20
FUN_00685940,0x00685940,0x00685998,84
entry_0068597c,0x0068597C,0x00685990,20
entry_00685990,0x00685990,0x00685994,4
entry_00685994,0x00685994,0x006859B0,28
FUN_006859b0,0x006859B0,0x006859F0,64
entry_006859d4,0x006859D4,0x00685A20,76
FUN_00685a20,0x00685A20,0x00685AF0,208
entry_00685a90,0x00685A90,0x00685AA4,20
entry_00685aa4,0x00685AA4,0x00685AB8,20
entry_00685ab8,0x00685AB8,0x00685ACC,20
entry_00685acc,0x00685ACC,0x00685AEC,32
entry_00685aec,0x00685AEC,0x00685B00,20
FUN_00685b00,0x00685B00,0x00685BC8,160
entry_00685b70,0x00685B70,0x00685B84,20
entry_00685b84,0x00685B84,0x00685B98,20
entry_00685b98,0x00685B98,0x00685BAC,20
entry_00685bac,0x00685BAC,0x00685BC0,20
entry_00685bc0,0x00685BC0,0x00685BE0,32
FUN_00685be0,0x00685BE0,0x00685BF4,20
FUN_00686210,0x00686210,0x006862C0,176
entry_00686250,0x00686250,0x00686264,20
entry_00686264,0x00686264,0x00686278,20
entry_00686278,0x00686278,0x0068628C,20
entry_0068628c,0x0068628C,0x006862A0,20
entry_006862a0,0x006862A0,0x006862B4,20
entry_006862b4,0x006862B4,0x006862BC,8
entry_006862bc,0x006862BC,0x00686370,180
FUN_00686370,0x00686370,0x00686430,68
entry_00686394,0x00686394,0x0068642C,152
entry_0068642c,0x0068642C,0x00686440,20
FUN_00686440,0x00686440,0x00686524,228
entry_0068648c,0x0068648C,0x006864B0,36
entry_006864b0,0x006864B0,0x006864D4,36
entry_006864d4,0x006864D4,0x006864F8,36
entry_006864f8,0x006864F8,0x0068651C,36
entry_0068651c,0x0068651C,0x00686520,4
entry_00686520,0x00686520,0x00686540,32
FUN_00686540,0x00686540,0x00686554,20
FUN_00686630,0x00686630,0x00686638,8
FUN_006866b0,0x006866B0,0x006866C4,20
FUN_00686960,0x00686960,0x0068696C,12
FUN_00686a90,0x00686A90,0x00686ACC,60
entry_00686ac8,0x00686AC8,0x00686AE0,24
FUN_00686ae0,0x00686AE0,0x00686AF4,20
FUN_00686c60,0x00686C60,0x00686C6C,12
FUN_00686ed0,0x00686ED0,0x00686F94,196
entry_00686f90,0x00686F90,0x00687040,176
FUN_00687040,0x00687040,0x00687060,32
FUN_00687070,0x00687070,0x006870C0,80
entry_006870b8,0x006870B8,0x006870BC,4
entry_006870bc,0x006870BC,0x006870D0,20
FUN_006870d0,0x006870D0,0x0068714C,124
FUN_00687170,0x00687170,0x00687180,16
FUN_00687270,0x00687270,0x00687284,20
FUN_006873d0,0x006873D0,0x006874F0,228
entry_00687434,0x00687434,0x0068745C,40
entry_0068745c,0x0068745C,0x006874E4,136
entry_006874e4,0x006874E4,0x006874E8,4
entry_006874e8,0x006874E8,0x00687510,40
FUN_00687510,0x00687510,0x0068752C,28
FUN_00687770,0x00687770,0x00687780,16
FUN_00687920,0x00687920,0x00687938,24
FUN_00687990,0x00687990,0x006879F0,92
entry_006879bc,0x006879BC,0x006879D4,24
entry_006879d4,0x006879D4,0x006879EC,24
entry_006879ec,0x006879EC,0x00687A10,36
FUN_00687a10,0x00687A10,0x00687A18,8
FUN_00688790,0x00688790,0x00688AC0,348
entry_006887d8,0x006887D8,0x006887E4,12
entry_006887e4,0x006887E4,0x00688824,64
entry_00688824,0x00688824,0x0068885C,56
entry_0068885c,0x0068885C,0x00688860,4
entry_00688860,0x00688860,0x006889D8,376
entry_006889d8,0x006889D8,0x006889DC,4
entry_006889dc,0x006889DC,0x00688A0C,48
entry_00688a0c,0x00688A0C,0x00688AA8,156
entry_00688aa8,0x00688AA8,0x00688AB8,16
entry_00688ab8,0x00688AB8,0x00688AD0,24
FUN_00688ad0,0x00688AD0,0x00688BA4,76
entry_00688b10,0x00688B10,0x00688B9C,140
entry_00688b9c,0x00688B9C,0x00688BC0,36
FUN_00688bc0,0x00688BC0,0x00688BCC,12
FUN_00688d30,0x00688D30,0x00688D64,52
entry_00688dc0,0x00688DC0,0x00689020,608
entry_00689020,0x00689020,0x00689030,16
entry_00689030,0x00689030,0x006890B0,128
FUN_006890b0,0x006890B0,0x00689110,96
FUN_00689150,0x00689150,0x00689188,56
entry_00689184,0x00689184,0x006891C0,60
FUN_006891c0,0x006891C0,0x006891D4,20
FUN_00689260,0x00689260,0x00689268,8
entry_00689620,0x00689620,0x006896D8,184
entry_006896d8,0x006896D8,0x00689788,176
entry_00689788,0x00689788,0x00689888,256
entry_00689888,0x00689888,0x006898B0,40
entry_006898b0,0x006898B0,0x006898D0,32
entry_006898d0,0x006898D0,0x00689944,116
entry_00689944,0x00689944,0x00689A44,256
entry_00689a44,0x00689A44,0x00689A70,44
entry_00689a70,0x00689A70,0x00689A90,32
entry_00689a90,0x00689A90,0x00689AAC,28
entry_00689aac,0x00689AAC,0x00689AC8,28
entry_00689ac8,0x00689AC8,0x00689B00,56
FUN_00689b00,0x00689B00,0x00689B0C,12
FUN_00689f50,0x00689F50,0x00689F60,16
FUN_0068a1b0,0x0068A1B0,0x0068A1C0,16
FUN_0068a910,0x0068A910,0x0068A918,8
FUN_0068aad0,0x0068AAD0,0x0068AAE4,20
FUN_0068ab40,0x0068AB40,0x0068AB54,20
FUN_0068ac90,0x0068AC90,0x0068ACA4,20
FUN_0068ade0,0x0068ADE0,0x0068AE38,84
entry_0068ae1c,0x0068AE1C,0x0068AE30,20
entry_0068ae30,0x0068AE30,0x0068AE34,4
entry_0068ae34,0x0068AE34,0x0068AE50,28
FUN_0068ae50,0x0068AE50,0x0068AEA8,84
entry_0068ae8c,0x0068AE8C,0x0068AEA0,20
entry_0068aea0,0x0068AEA0,0x0068AEA4,4
entry_0068aea4,0x0068AEA4,0x0068AEC0,28
FUN_0068aec0,0x0068AEC0,0x0068AF00,64
entry_0068aee4,0x0068AEE4,0x0068AF10,44
FUN_0068af10,0x0068AF10,0x0068AF50,64
entry_0068af34,0x0068AF34,0x0068AF90,92
FUN_0068af90,0x0068AF90,0x0068AF98,8
FUN_0068b090,0x0068B090,0x0068B098,8
FUN_0068b130,0x0068B130,0x0068B13C,12
FUN_0068b1b0,0x0068B1B0,0x0068B1B8,8
FUN_0068b230,0x0068B230,0x0068B244,20
FUN_0068b600,0x0068B600,0x0068B610,16
FUN_0068b6f0,0x0068B6F0,0x0068B70C,28
FUN_0068b880,0x0068B880,0x0068B8B4,52
FUN_0068b8c0,0x0068B8C0,0x0068B8CC,12
FUN_0068ba60,0x0068BA60,0x0068BAB0,80
entry_0068baa8,0x0068BAA8,0x0068BAAC,4
entry_0068baac,0x0068BAAC,0x0068BAC0,20
FUN_0068bac0,0x0068BAC0,0x0068BAFC,60
FUN_0068bb10,0x0068BB10,0x0068BC80,316
entry_0068bb50,0x0068BB50,0x0068BB64,20
entry_0068bb64,0x0068BB64,0x0068BBB0,76
entry_0068bbb0,0x0068BBB0,0x0068BBF0,64
entry_0068bbf0,0x0068BBF0,0x0068BC30,64
entry_0068bc30,0x0068BC30,0x0068BC6C,60
entry_0068bc6c,0x0068BC6C,0x0068BC70,4
entry_0068bc70,0x0068BC70,0x0068BD20,176
FUN_0068bd20,0x0068BD20,0x0068BD2C,12
FUN_0068bf90,0x0068BF90,0x0068BFE0,80
entry_0068bfd8,0x0068BFD8,0x0068BFDC,4
entry_0068bfdc,0x0068BFDC,0x0068BFF0,20
FUN_0068bff0,0x0068BFF0,0x0068C09C,172
entry_0068c06c,0x0068C06C,0x0068C074,8
entry_0068c074,0x0068C074,0x0068C07C,8
entry_0068c07c,0x0068C07C,0x0068C084,8
entry_0068c084,0x0068C084,0x0068C08C,8
entry_0068c08c,0x0068C08C,0x0068C094,8
entry_0068c094,0x0068C094,0x0068C0B0,28
FUN_0068c0b0,0x0068C0B0,0x0068C114,100
entry_0068c110,0x0068C110,0x0068C120,16
FUN_0068c120,0x0068C120,0x0068C138,24
FUN_0068c960,0x0068C960,0x0068C980,32
FUN_0068c9a0,0x0068C9A0,0x0068C9B0,16
FUN_0068ca70,0x0068CA70,0x0068CA84,20
FUN_0068cd00,0x0068CD00,0x0068CD0C,12
FUN_0068d200,0x0068D200,0x0068D268,104
entry_0068d23c,0x0068D23C,0x0068D260,36
entry_0068d260,0x0068D260,0x0068D264,4
entry_0068d264,0x0068D264,0x0068D280,28
FUN_0068d280,0x0068D280,0x0068D2B4,52
FUN_0068d310,0x0068D310,0x0068D3D4,196
entry_0068d3d0,0x0068D3D0,0x0068D3F0,32
FUN_0068d3f0,0x0068D3F0,0x0068D3FC,12
FUN_0068d730,0x0068D730,0x0068D798,104
entry_0068d76c,0x0068D76C,0x0068D790,36
entry_0068d790,0x0068D790,0x0068D794,4
entry_0068d794,0x0068D794,0x0068D7B0,28
FUN_0068d7b0,0x0068D7B0,0x0068D7E4,52
FUN_0068d810,0x0068D810,0x0068D820,16
FUN_0068ddb0,0x0068DDB0,0x0068DE1C,104
entry_0068ddf0,0x0068DDF0,0x0068DE14,36
entry_0068de14,0x0068DE14,0x0068DE18,4
entry_0068de18,0x0068DE18,0x0068DE30,24
FUN_0068de30,0x0068DE30,0x0068DE64,52
FUN_0068de90,0x0068DE90,0x0068DF54,196
entry_0068df50,0x0068DF50,0x0068DF60,16
FUN_0068df60,0x0068DF60,0x0068DF70,16
FUN_0068e980,0x0068E980,0x0068E9EC,104
entry_0068e9c0,0x0068E9C0,0x0068E9E4,36
entry_0068e9e4,0x0068E9E4,0x0068E9E8,4
entry_0068e9e8,0x0068E9E8,0x0068EA00,24
FUN_0068ea00,0x0068EA00,0x0068EA34,52
FUN_0068ea80,0x0068EA80,0x0068EA8C,12
FUN_0068eb50,0x0068EB50,0x0068EBB8,104
entry_0068ebb0,0x0068EBB0,0x0068EBB4,4
entry_0068ebb4,0x0068EBB4,0x0068EBD0,28
FUN_0068ebd0,0x0068EBD0,0x0068EC04,52
FUN_0068ec20,0x0068EC20,0x0068EC3C,28
FUN_0068efa0,0x0068EFA0,0x0068F014,116
entry_0068efdc,0x0068EFDC,0x0068F00C,48
entry_0068f00c,0x0068F00C,0x0068F010,4
entry_0068f010,0x0068F010,0x0068F030,32
FUN_0068f030,0x0068F030,0x0068F064,52
FUN_0068f080,0x0068F080,0x0068F134,156
entry_0068f0e0,0x0068F0E0,0x0068F130,80
entry_0068f130,0x0068F130,0x0068F150,32
FUN_0068f150,0x0068F150,0x0068F16C,28
FUN_0068f3a0,0x0068F3A0,0x0068F3F0,80
entry_0068f3e8,0x0068F3E8,0x0068F3EC,4
entry_0068f3ec,0x0068F3EC,0x0068F400,20
FUN_0068f400,0x0068F400,0x0068F434,52
FUN_0068f530,0x0068F530,0x0068F558,40
entry_0068f554,0x0068F554,0x0068F560,12
FUN_0068f560,0x0068F560,0x0068F56C,12
FUN_0068f710,0x0068F710,0x0068F730,32
FUN_0068f8d0,0x0068F8D0,0x0068F8DC,12
FUN_0068fc20,0x0068FC20,0x0068FC28,8
FUN_00690be0,0x00690BE0,0x00690BF8,24
FUN_00691120,0x00691120,0x00691128,8
entry_00691494,0x00691494,0x00691DB0,2332
FUN_00691db0,0x00691DB0,0x00691F94,184
entry_00691de4,0x00691DE4,0x00691F90,428
entry_00691f90,0x00691F90,0x00691FA0,16
FUN_00691fa0,0x00691FA0,0x006920FC,348
entry_00691fd8,0x00691FD8,0x00692004,44
entry_00692004,0x00692004,0x0069203C,56
entry_0069203c,0x0069203C,0x00692088,76
entry_00692088,0x00692088,0x006920EC,100
entry_006920ec,0x006920EC,0x006920F4,8
entry_006920f4,0x006920F4,0x006920F8,4
entry_006920f8,0x006920F8,0x00692120,40
FUN_00692120,0x00692120,0x00692128,8
FUN_00692260,0x00692260,0x00692268,8
FUN_00692f20,0x00692F20,0x00692F78,88
entry_00692f70,0x00692F70,0x00692F74,4
entry_00692f74,0x00692F74,0x00692F90,28
FUN_00692f90,0x00692F90,0x00692FF4,100
FUN_00693000,0x00693000,0x00693038,56
entry_00693030,0x00693030,0x00693034,4
entry_00693034,0x00693034,0x00693040,12
FUN_00693040,0x00693040,0x006930FC,168
entry_00693064,0x00693064,0x0069308C,40
entry_0069308c,0x0069308C,0x00693090,4
entry_00693090,0x00693090,0x006930B8,40
entry_006930b8,0x006930B8,0x006930D4,28
entry_006930d4,0x006930D4,0x006930F4,32
entry_006930f4,0x006930F4,0x006930F8,4
entry_006930f8,0x006930F8,0x00693110,24
FUN_00693110,0x00693110,0x0069311C,12
FUN_006941f0,0x006941F0,0x0069425C,104
entry_00694230,0x00694230,0x00694254,36
entry_00694254,0x00694254,0x00694258,4
entry_00694258,0x00694258,0x00694270,24
FUN_00694270,0x00694270,0x006942A4,52
FUN_006942d0,0x006942D0,0x006942D8,8
FUN_00694470,0x00694470,0x00694490,32
FUN_006944a0,0x006944A0,0x006944D8,56
FUN_006944f0,0x006944F0,0x006944FC,12
FUN_00694680,0x00694680,0x006946D4,84
FUN_006946e0,0x006946E0,0x006946F8,24
FUN_006947b0,0x006947B0,0x006947C0,16
FUN_00695770,0x00695770,0x00695778,8
FUN_006958c0,0x006958C0,0x006958D8,24
FUN_00695a20,0x00695A20,0x00695A2C,12
FUN_00695dc0,0x00695DC0,0x00695DCC,12
FUN_00696150,0x00696150,0x0069615C,12
FUN_006964d0,0x006964D0,0x006964DC,12
FUN_00696850,0x00696850,0x0069685C,12
FUN_00696bd0,0x00696BD0,0x00696BDC,12
FUN_00696f50,0x00696F50,0x00696F5C,12
FUN_006972d0,0x006972D0,0x00697410,320
entry_00697348,0x00697348,0x0069738C,68
entry_0069738c,0x0069738C,0x006973A4,24
entry_006973a4,0x006973A4,0x006973B8,20
entry_006973b8,0x006973B8,0x006973CC,20
entry_006973cc,0x006973CC,0x006973E4,24
entry_006973e4,0x006973E4,0x00697408,36
entry_00697408,0x00697408,0x0069740C,4
entry_0069740c,0x0069740C,0x00697420,20
FUN_00697420,0x00697420,0x00697434,20
FUN_00697530,0x00697530,0x0069753C,12
FUN_00697970,0x00697970,0x006979C8,84
entry_006979ac,0x006979AC,0x006979C0,20
entry_006979c0,0x006979C0,0x006979C4,4
entry_006979c4,0x006979C4,0x006979E0,28
FUN_006979e0,0x006979E0,0x00697A18,56
entry_006979fc,0x006979FC,0x00697A20,36
FUN_00697a20,0x00697A20,0x00697A30,16
FUN_00697b10,0x00697B10,0x00697B20,16
FUN_00697e90,0x00697E90,0x00697E98,8
FUN_00697fa0,0x00697FA0,0x00697FF4,84
entry_00697fcc,0x00697FCC,0x00697FEC,32
entry_00697fec,0x00697FEC,0x00698130,324
FUN_00698130,0x00698130,0x00698188,84
entry_0069816c,0x0069816C,0x00698180,20
entry_00698180,0x00698180,0x00698184,4
entry_00698184,0x00698184,0x006981A0,28
FUN_006981a0,0x006981A0,0x006981D8,56
entry_006981bc,0x006981BC,0x006981E0,36
FUN_006981e0,0x006981E0,0x006981E1,1
FUN_00698230,0x00698230,0x00698231,1
FUN_006982c0,0x006982C0,0x006982D0,16
FUN_00698b10,0x00698B10,0x00698B20,16
FUN_006999d0,0x006999D0,0x00699A20,80
entry_00699a18,0x00699A18,0x00699A1C,4
entry_00699a1c,0x00699A1C,0x00699A30,20
FUN_00699a30,0x00699A30,0x00699A70,64
FUN_00699a80,0x00699A80,0x00699B0C,140
entry_00699acc,0x00699ACC,0x00699AFC,48
entry_00699afc,0x00699AFC,0x00699B04,8
entry_00699b04,0x00699B04,0x00699B08,4
entry_00699b08,0x00699B08,0x00699B20,24
FUN_00699b20,0x00699B20,0x00699B30,16
FUN_00699f20,0x00699F20,0x00699F30,16
FUN_0069a380,0x0069A380,0x0069A388,8
FUN_0069a480,0x0069A480,0x0069A4F8,120
FUN_0069a510,0x0069A510,0x0069A514,4
FUN_0069a5c0,0x0069A5C0,0x0069A6EC,300
entry_0069a624,0x0069A624,0x0069A654,48
entry_0069a654,0x0069A654,0x0069A678,36
entry_0069a678,0x0069A678,0x0069A6C8,80
entry_0069a6c8,0x0069A6C8,0x0069A6E8,32
entry_0069a6e8,0x0069A6E8,0x0069A700,24
FUN_0069a700,0x0069A700,0x0069A7DC,220
entry_0069a788,0x0069A788,0x0069A7A4,28
entry_0069a7a4,0x0069A7A4,0x0069A7C0,28
entry_0069a7c0,0x0069A7C0,0x0069A7D4,20
entry_0069a7d4,0x0069A7D4,0x0069A7F0,28
FUN_0069a7f0,0x0069A7F0,0x0069A8AC,188
entry_0069a82c,0x0069A82C,0x0069A858,44
entry_0069a858,0x0069A858,0x0069A878,32
entry_0069a878,0x0069A878,0x0069A8A4,44
entry_0069a8a4,0x0069A8A4,0x0069A8A8,4
entry_0069a8a8,0x0069A8A8,0x0069A8C0,24
FUN_0069a8c0,0x0069A8C0,0x0069A8F0,48
entry_0069a8e0,0x0069A8E0,0x0069A8EC,12
entry_0069a8ec,0x0069A8EC,0x0069A900,20
FUN_0069a900,0x0069A900,0x0069A910,16
FUN_0069ad00,0x0069AD00,0x0069ADE4,228
entry_0069ad4c,0x0069AD4C,0x0069AD70,36
entry_0069ad70,0x0069AD70,0x0069AD94,36
entry_0069ad94,0x0069AD94,0x0069ADB8,36
entry_0069adb8,0x0069ADB8,0x0069ADDC,36
entry_0069addc,0x0069ADDC,0x0069ADE0,4
entry_0069ade0,0x0069ADE0,0x0069AE00,32
FUN_0069ae00,0x0069AE00,0x0069AE14,20
FUN_0069ae80,0x0069AE80,0x0069B070,496
entry_0069aec8,0x0069AEC8,0x0069AFE8,288
entry_0069afe8,0x0069AFE8,0x0069B028,64
entry_0069b028,0x0069B028,0x0069B04C,36
entry_0069b04c,0x0069B04C,0x0069B06C,32
entry_0069b06c,0x0069B06C,0x0069B080,20
FUN_0069b080,0x0069B080,0x0069B088,8
FUN_0069b310,0x0069B310,0x0069B340,48
entry_0069b330,0x0069B330,0x0069B33C,12
entry_0069b33c,0x0069B33C,0x0069B350,20
FUN_0069b350,0x0069B350,0x0069B35C,12
FUN_0069b700,0x0069B700,0x0069B7E4,228
entry_0069b74c,0x0069B74C,0x0069B770,36
entry_0069b770,0x0069B770,0x0069B794,36
entry_0069b794,0x0069B794,0x0069B7B8,36
entry_0069b7b8,0x0069B7B8,0x0069B7DC,36
entry_0069b7dc,0x0069B7DC,0x0069B7E0,4
entry_0069b7e0,0x0069B7E0,0x0069B800,32
FUN_0069b800,0x0069B800,0x0069B814,20
FUN_0069b870,0x0069B870,0x0069B884,20
FUN_0069baf0,0x0069BAF0,0x0069BB00,16
FUN_0069c310,0x0069C310,0x0069C324,20
FUN_0069c7d0,0x0069C7D0,0x0069C854,72
entry_0069c84c,0x0069C84C,0x0069C870,36
FUN_0069c870,0x0069C870,0x0069C8B8,72
FUN_0069c900,0x0069C900,0x0069CB64,88
entry_0069cb50,0x0069CB50,0x0069CC20,208
FUN_0069cc20,0x0069CC20,0x0069CC28,8
FUN_0069cda0,0x0069CDA0,0x0069CDBC,28
FUN_0069cdd0,0x0069CDD0,0x0069CE58,136
entry_0069ce3c,0x0069CE3C,0x0069CE50,20
entry_0069ce50,0x0069CE50,0x0069CE54,4
entry_0069ce54,0x0069CE54,0x0069CE70,28
FUN_0069ce70,0x0069CE70,0x0069CECC,92
FUN_0069cee0,0x0069CEE0,0x0069CEF0,16
FUN_0069d690,0x0069D690,0x0069D6A4,20
FUN_0069db50,0x0069DB50,0x0069DB68,24
FUN_0069db70,0x0069DB70,0x0069DBD4,100
entry_0069dbcc,0x0069DBCC,0x0069DBD0,4
entry_0069dbd0,0x0069DBD0,0x0069DBF0,32
FUN_0069dbf0,0x0069DBF0,0x0069DC4C,92
entry_0069dc44,0x0069DC44,0x0069DC60,28
FUN_0069dc60,0x0069DC60,0x0069DC80,32
FUN_0069dca0,0x0069DCA0,0x0069DCB0,16
FUN_0069dd70,0x0069DD70,0x0069DD8C,28
FUN_0069e050,0x0069E050,0x0069E0A0,80
entry_0069e098,0x0069E098,0x0069E09C,4
entry_0069e09c,0x0069E09C,0x0069E0D0,52
FUN_0069e0d0,0x0069E0D0,0x0069E144,116
entry_0069e140,0x0069E140,0x0069E160,32
FUN_0069e160,0x0069E160,0x0069E16C,12
FUN_0069ea10,0x0069EA10,0x0069EA20,16
FUN_0069ec90,0x0069EC90,0x0069ECA0,16
FUN_0069ee30,0x0069EE30,0x0069EE70,64
entry_0069ee58,0x0069EE58,0x0069EE6C,20
entry_0069ee6c,0x0069EE6C,0x0069EEB0,68
FUN_0069eeb0,0x0069EEB0,0x0069EEC8,24
FUN_0069f210,0x0069F210,0x0069F294,132
entry_0069f25c,0x0069F25C,0x0069F28C,48
entry_0069f28c,0x0069F28C,0x0069F290,4
entry_0069f290,0x0069F290,0x0069F2B0,32
FUN_0069f2b0,0x0069F2B0,0x0069F2C4,20
FUN_0069f340,0x0069F340,0x0069F350,16
FUN_0069f910,0x0069F910,0x0069F920,16
FUN_006a0040,0x006A0040,0x006A0090,80
entry_006a0088,0x006A0088,0x006A008C,4
entry_006a008c,0x006A008C,0x006A00A0,20
FUN_006a00a0,0x006A00A0,0x006A00E0,64
FUN_006a00f0,0x006A00F0,0x006A0100,16
FUN_006a07e0,0x006A07E0,0x006A07F0,16
FUN_006a0e90,0x006A0E90,0x006A0EE0,80
entry_006a0ed8,0x006A0ED8,0x006A0EDC,4
entry_006a0edc,0x006A0EDC,0x006A0EF0,20
FUN_006a0ef0,0x006A0EF0,0x006A0F30,64
FUN_006a0f40,0x006A0F40,0x006A0F50,16
FUN_006a1730,0x006A1730,0x006A1740,16
FUN_006a2420,0x006A2420,0x006A2470,80
entry_006a2468,0x006A2468,0x006A246C,4
entry_006a246c,0x006A246C,0x006A2480,20
FUN_006a2480,0x006A2480,0x006A24C0,64
FUN_006a2500,0x006A2500,0x006A2554,84
entry_006a2530,0x006A2530,0x006A254C,28
entry_006a254c,0x006A254C,0x006A2560,20
FUN_006a2560,0x006A2560,0x006A2568,8
FUN_006a2da0,0x006A2DA0,0x006A2DA8,8
FUN_006a3070,0x006A3070,0x006A30C0,80
entry_006a30ac,0x006A30AC,0x006A30B8,12
entry_006a30b8,0x006A30B8,0x006A3120,104
FUN_006a3120,0x006A3120,0x006A3128,8
FUN_006a31c0,0x006A31C0,0x006A31C8,8
FUN_006a3ae0,0x006A3AE0,0x006A3AFC,28
FUN_006a3cd0,0x006A3CD0,0x006A3D98,200
entry_006a3d58,0x006A3D58,0x006A3D74,28
entry_006a3d74,0x006A3D74,0x006A3DB0,60
FUN_006a3db0,0x006A3DB0,0x006A3DB8,8
FUN_006a40f0,0x006A40F0,0x006A40F8,8
FUN_006a44b0,0x006A44B0,0x006A44B8,8
FUN_006a4730,0x006A4730,0x006A4744,20
FUN_006a47a0,0x006A47A0,0x006A47B0,16
FUN_006a4f00,0x006A4F00,0x006A4F08,8
FUN_006a5690,0x006A5690,0x006A56E0,80
entry_006a56d8,0x006A56D8,0x006A56DC,4
entry_006a56dc,0x006A56DC,0x006A56F0,20
FUN_006a56f0,0x006A56F0,0x006A5730,64
FUN_006a5940,0x006A5940,0x006A59F8,184
entry_006a59b8,0x006A59B8,0x006A59BC,4
entry_006a59bc,0x006A59BC,0x006A59C4,8
entry_006a59c4,0x006A59C4,0x006A59F4,48
entry_006a59f4,0x006A59F4,0x006A5A20,44
FUN_006a5a20,0x006A5A20,0x006A5A28,8
FUN_006a60a0,0x006A60A0,0x006A60AC,12
FUN_006a6340,0x006A6340,0x006A6350,16
FUN_006a6a40,0x006A6A40,0x006A6B4C,268
entry_006a6ac4,0x006A6AC4,0x006A6B28,100
entry_006a6b28,0x006A6B28,0x006A6B48,32
entry_006a6b48,0x006A6B48,0x006A6B60,24
FUN_006a6b60,0x006A6B60,0x006A6B68,8
FUN_006a6f30,0x006A6F30,0x006A6F38,8
FUN_006a72e0,0x006A72E0,0x006A72E8,8
FUN_006a7540,0x006A7540,0x006A7554,20
entry_006a7600,0x006A7600,0x006A7814,532
entry_006a7814,0x006A7814,0x006A7840,44
entry_006a7840,0x006A7840,0x006A7868,40
entry_006a7868,0x006A7868,0x006A7890,40
entry_006a7890,0x006A7890,0x006A78B8,40
entry_006a78b8,0x006A78B8,0x006A78E0,40
entry_006a78e0,0x006A78E0,0x006A7908,40
entry_006a7908,0x006A7908,0x006A7930,40
entry_006a7930,0x006A7930,0x006A7954,36
entry_006a7954,0x006A7954,0x006A7978,36
entry_006a7978,0x006A7978,0x006A7BC0,584
FUN_006a7bc0,0x006A7BC0,0x006A7BC8,8
FUN_006a83d0,0x006A83D0,0x006A83D8,8
FUN_006a8d20,0x006A8D20,0x006A8D34,20
FUN_006a9070,0x006A9070,0x006A9084,20
FUN_006a9130,0x006A9130,0x006A9144,20
FUN_006a91f0,0x006A91F0,0x006A9200,16
FUN_006a92d0,0x006A92D0,0x006A92E0,16
FUN_006a93a0,0x006A93A0,0x006A93CC,44
FUN_006a93e0,0x006A93E0,0x006A93E8,8
FUN_006a9c90,0x006A9C90,0x006A9C98,8
FUN_006aaab0,0x006AAAB0,0x006AAAD0,32
FUN_006aae10,0x006AAE10,0x006AAF44,248
entry_006aae8c,0x006AAE8C,0x006AAF14,136
entry_006aaf14,0x006AAF14,0x006AAF3C,40
entry_006aaf3c,0x006AAF3C,0x006AAFA0,100
FUN_006aafa0,0x006AAFA0,0x006AB0A8,260
entry_006aafe0,0x006AAFE0,0x006AB004,36
entry_006ab004,0x006AB004,0x006AB07C,120
entry_006ab07c,0x006AB07C,0x006AB0A0,36
entry_006ab0a0,0x006AB0A0,0x006AB0A4,4
entry_006ab0a4,0x006AB0A4,0x006AB0C0,28
FUN_006ab0c0,0x006AB0C0,0x006AB0C4,4
FUN_006ab0d0,0x006AB0D0,0x006AB0D4,4
FUN_006ab0e0,0x006AB0E0,0x006AB0E1,1
FUN_006ab0f0,0x006AB0F0,0x006AB104,20
FUN_006ab160,0x006AB160,0x006AB16C,12
FUN_006ab220,0x006AB220,0x006AB22C,12
FUN_006ab2c0,0x006AB2C0,0x006AB2CC,12
FUN_006ab500,0x006AB500,0x006AB518,24
FUN_006ab7c0,0x006AB7C0,0x006AB800,64
FUN_006ab810,0x006AB810,0x006AB828,24
FUN_006ab830,0x006AB830,0x006AB834,4
FUN_006ab860,0x006AB860,0x006AB8E8,136
entry_006ab894,0x006AB894,0x006AB8AC,24
entry_006ab8ac,0x006AB8AC,0x006AB8BC,16
entry_006ab8bc,0x006AB8BC,0x006AB8CC,16
entry_006ab8cc,0x006AB8CC,0x006AB8DC,16
entry_006ab8dc,0x006AB8DC,0x006AB900,36
FUN_006ab900,0x006AB900,0x006AB914,20
FUN_006ab920,0x006AB920,0x006AB93C,28
entry_006ab9a0,0x006AB9A0,0x006AB9BC,28
entry_006ab9bc,0x006AB9BC,0x006AB9D4,24
entry_006ab9d4,0x006AB9D4,0x006AB9FC,40
entry_006ab9fc,0x006AB9FC,0x006ABA34,56
entry_006aba34,0x006ABA34,0x006ABA44,16
entry_006aba44,0x006ABA44,0x006ABA54,16
entry_006aba54,0x006ABA54,0x006ABA70,28
entry_006aba70,0x006ABA70,0x006ABA74,4
entry_006aba74,0x006ABA74,0x006ABA78,4
entry_006aba78,0x006ABA78,0x006ABAB0,56
entry_006abab0,0x006ABAB0,0x006ABAC0,16
entry_006abac0,0x006ABAC0,0x006ABAE0,32
entry_006abae0,0x006ABAE0,0x006ABAFC,28
entry_006abafc,0x006ABAFC,0x006ABB04,8
entry_006abb04,0x006ABB04,0x006ABB48,68
entry_006abb48,0x006ABB48,0x006ABB64,28
entry_006abb64,0x006ABB64,0x006ABB74,16
entry_006abb74,0x006ABB74,0x006ABBA0,44
entry_006abba0,0x006ABBA0,0x006ABBBC,28
entry_006abbbc,0x006ABBBC,0x006ABBD8,28
entry_006abbd8,0x006ABBD8,0x006ABBDC,4
entry_006abbdc,0x006ABBDC,0x006ABC04,40
entry_006abc04,0x006ABC04,0x006ABC14,16
entry_006abc14,0x006ABC14,0x006ABC30,28
entry_006abc30,0x006ABC30,0x006ABC34,4
entry_006abc34,0x006ABC34,0x006ABC3C,8
entry_006abc3c,0x006ABC3C,0x006ABC58,28
entry_006abc58,0x006ABC58,0x006ABC68,16
entry_006abc68,0x006ABC68,0x006ABC84,28
entry_006abc84,0x006ABC84,0x006ABC8C,8
entry_006abc8c,0x006ABC8C,0x006ABC98,12
entry_006abc98,0x006ABC98,0x006ABCC4,44
entry_006abcc4,0x006ABCC4,0x006ABCD4,16
entry_006abcd4,0x006ABCD4,0x006ABE70,412
FUN_006abe70,0x006ABE70,0x006ABE80,16
FUN_006abfe0,0x006ABFE0,0x006ABFEC,12
FUN_006ac0c0,0x006AC0C0,0x006AC0CC,12
FUN_006ac1b0,0x006AC1B0,0x006AC1BC,12
FUN_006ac2e0,0x006AC2E0,0x006AC364,132
entry_006ac33c,0x006AC33C,0x006AC358,28
entry_006ac358,0x006AC358,0x006AC360,8
entry_006ac360,0x006AC360,0x006AC370,16
FUN_006ac370,0x006AC370,0x006AC378,8
FUN_006ac510,0x006AC510,0x006AC520,16
FUN_006aca70,0x006ACA70,0x006ACB58,232
entry_006acad4,0x006ACAD4,0x006ACAF0,28
entry_006acaf0,0x006ACAF0,0x006ACB0C,28
entry_006acb0c,0x006ACB0C,0x006ACB28,28
entry_006acb28,0x006ACB28,0x006ACB44,28
entry_006acb44,0x006ACB44,0x006ACB48,4
entry_006acb48,0x006ACB48,0x006ACB50,8
entry_006acb50,0x006ACB50,0x006ACB54,4
entry_006acb54,0x006ACB54,0x006ACC60,268
FUN_006acc60,0x006ACC60,0x006AD418,1976
entry_006accf0,0x006ACCF0,0x006ACD20,48
entry_006acd20,0x006ACD20,0x006ACD30,16
entry_006acd30,0x006ACD30,0x006ACD38,8
entry_006acd38,0x006ACD38,0x006ACD54,28
entry_006acd54,0x006ACD54,0x006ACD80,44
entry_006acd80,0x006ACD80,0x006ACD84,4
entry_006acd84,0x006ACD84,0x006ACD8C,8
entry_006acd8c,0x006ACD8C,0x006ACD94,8
entry_006acd94,0x006ACD94,0x006ACE08,116
entry_006ace08,0x006ACE08,0x006ACE24,28
entry_006ace24,0x006ACE24,0x006ACE28,4
entry_006ace28,0x006ACE28,0x006ACE30,8
entry_006ace30,0x006ACE30,0x006ACE90,96
entry_006ace90,0x006ACE90,0x006ACE98,8
entry_006ace98,0x006ACE98,0x006ACEA0,8
entry_006acea0,0x006ACEA0,0x006ACEC8,40
entry_006acec8,0x006ACEC8,0x006ACF04,60
entry_006acf04,0x006ACF04,0x006ACF3C,56
entry_006acf3c,0x006ACF3C,0x006ACF90,84
entry_006acf90,0x006ACF90,0x006ACFB0,32
entry_006acfb0,0x006ACFB0,0x006ACFDC,44
entry_006acfdc,0x006ACFDC,0x006AD00C,48
entry_006ad00c,0x006AD00C,0x006AD010,4
entry_006ad010,0x006AD010,0x006AD014,4
entry_006ad014,0x006AD014,0x006AD044,48
entry_006ad044,0x006AD044,0x006AD04C,8
entry_006ad04c,0x006AD04C,0x006AD084,56
entry_006ad084,0x006AD084,0x006AD09C,24
entry_006ad09c,0x006AD09C,0x006AD100,100
entry_006ad100,0x006AD100,0x006AD11C,28
entry_006ad11c,0x006AD11C,0x006AD120,4
entry_006ad120,0x006AD120,0x006AD128,8
entry_006ad128,0x006AD128,0x006AD160,56
entry_006ad160,0x006AD160,0x006AD188,40
entry_006ad188,0x006AD188,0x006AD1B8,48
entry_006ad1b8,0x006AD1B8,0x006AD1D4,28
entry_006ad1d4,0x006AD1D4,0x006AD1DC,8
entry_006ad1dc,0x006AD1DC,0x006AD224,72
entry_006ad224,0x006AD224,0x006AD230,12
entry_006ad230,0x006AD230,0x006AD294,100
entry_006ad294,0x006AD294,0x006AD2B0,28
entry_006ad2b0,0x006AD2B0,0x006AD2B4,4
entry_006ad2b4,0x006AD2B4,0x006AD2CC,24
entry_006ad2cc,0x006AD2CC,0x006AD2E0,20
entry_006ad2e0,0x006AD2E0,0x006AD344,100
entry_006ad344,0x006AD344,0x006AD3A8,100
entry_006ad3a8,0x006AD3A8,0x006AD3C4,28
entry_006ad3c4,0x006AD3C4,0x006AD3C8,4
entry_006ad3c8,0x006AD3C8,0x006AD3F0,40
entry_006ad3f0,0x006AD3F0,0x006AD408,24
entry_006ad408,0x006AD408,0x006AD414,12
entry_006ad414,0x006AD414,0x006AD430,28
FUN_006ad430,0x006AD430,0x006AD498,104
entry_006ad464,0x006AD464,0x006AD490,44
entry_006ad490,0x006AD490,0x006AD4C0,48
FUN_006ad4c0,0x006AD4C0,0x006AD4C8,8
FUN_006ad900,0x006AD900,0x006AD9A8,112
entry_006ad944,0x006AD944,0x006AD9A4,96
entry_006ad9a4,0x006AD9A4,0x006AD9C0,28
FUN_006ad9c0,0x006AD9C0,0x006AD9D0,16
FUN_006adbc0,0x006ADBC0,0x006ADC5C,156
entry_006adc44,0x006ADC44,0x006ADC48,4
entry_006adc48,0x006ADC48,0x006ADC70,40
FUN_006adc70,0x006ADC70,0x006ADD4C,216
entry_006adcbc,0x006ADCBC,0x006ADCC0,4
entry_006adcc0,0x006ADCC0,0x006ADCE4,36
entry_006adce4,0x006ADCE4,0x006ADCE8,4
entry_006adce8,0x006ADCE8,0x006ADD00,24
entry_006add00,0x006ADD00,0x006ADD20,32
entry_006add20,0x006ADD20,0x006ADD44,36
entry_006add44,0x006ADD44,0x006ADD48,4
entry_006add48,0x006ADD48,0x006ADD60,24
FUN_006add60,0x006ADD60,0x006ADD6C,12
FUN_006adde0,0x006ADDE0,0x006ADE34,84
entry_006addfc,0x006ADDFC,0x006ADE14,24
entry_006ade14,0x006ADE14,0x006ADE1C,8
entry_006ade1c,0x006ADE1C,0x006ADE30,20
entry_006ade30,0x006ADE30,0x006ADE40,16
FUN_006ade40,0x006ADE40,0x006ADE50,16
FUN_006adff0,0x006ADFF0,0x006AE000,16
FUN_006ae180,0x006AE180,0x006AE1D8,88
entry_006ae1d4,0x006AE1D4,0x006AE1F0,28
FUN_006ae1f0,0x006AE1F0,0x006AE254,100
entry_006ae24c,0x006AE24C,0x006AE250,4
entry_006ae250,0x006AE250,0x006AE270,32
FUN_006ae270,0x006AE270,0x006AE3B4,324
entry_006ae2e4,0x006AE2E4,0x006AE300,28
entry_006ae300,0x006AE300,0x006AE3B0,176
entry_006ae3b0,0x006AE3B0,0x006AE3D0,32
FUN_006ae3d0,0x006AE3D0,0x006AE428,88
entry_006ae3f8,0x006AE3F8,0x006AE420,40
entry_006ae420,0x006AE420,0x006AE440,32
FUN_006ae440,0x006AE440,0x006AE450,16
FUN_006ae790,0x006AE790,0x006AE850,192
entry_006ae7dc,0x006AE7DC,0x006AE800,36
entry_006ae800,0x006AE800,0x006AE814,20
entry_006ae814,0x006AE814,0x006AE848,52
entry_006ae848,0x006AE848,0x006AE84C,4
entry_006ae84c,0x006AE84C,0x006AE860,20
FUN_006ae860,0x006AE860,0x006AE97C,284
entry_006ae890,0x006AE890,0x006AE8E4,84
entry_006ae8e4,0x006AE8E4,0x006AE8F8,20
entry_006ae8f8,0x006AE8F8,0x006AE914,28
entry_006ae914,0x006AE914,0x006AE948,52
entry_006ae948,0x006AE948,0x006AE964,28
entry_006ae964,0x006AE964,0x006AE978,20
entry_006ae978,0x006AE978,0x006AE990,24
FUN_006ae990,0x006AE990,0x006AE998,8
FUN_006aeea0,0x006AEEA0,0x006AEEF0,80
entry_006aeec4,0x006AEEC4,0x006AEEEC,40
entry_006aeeec,0x006AEEEC,0x006AEF00,20
FUN_006aef00,0x006AEF00,0x006AEF0C,12
FUN_006af6d0,0x006AF6D0,0x006AF820,336
entry_006af71c,0x006AF71C,0x006AF740,36
entry_006af740,0x006AF740,0x006AF764,36
entry_006af764,0x006AF764,0x006AF788,36
entry_006af788,0x006AF788,0x006AF7AC,36
entry_006af7ac,0x006AF7AC,0x006AF7D0,36
entry_006af7d0,0x006AF7D0,0x006AF7F4,36
entry_006af7f4,0x006AF7F4,0x006AF818,36
entry_006af818,0x006AF818,0x006AF81C,4
entry_006af81c,0x006AF81C,0x006AF830,20
FUN_006af830,0x006AF830,0x006AF844,20
FUN_006af910,0x006AF910,0x006AF984,116
entry_006af970,0x006AF970,0x006AF980,16
entry_006af980,0x006AF980,0x006AF9A0,32
FUN_006af9a0,0x006AF9A0,0x006AF9CC,44
entry_006af9c8,0x006AF9C8,0x006AFA10,72
FUN_006afa10,0x006AFA10,0x006AFA28,24
FUN_006afd70,0x006AFD70,0x006AFDF4,132
entry_006afdbc,0x006AFDBC,0x006AFDEC,48
entry_006afdec,0x006AFDEC,0x006AFDF0,4
entry_006afdf0,0x006AFDF0,0x006AFE10,32
FUN_006afe10,0x006AFE10,0x006AFE24,20
FUN_006afe90,0x006AFE90,0x006AFF3C,172
entry_006afed8,0x006AFED8,0x006AFEEC,20
entry_006afeec,0x006AFEEC,0x006AFF00,20
entry_006aff00,0x006AFF00,0x006AFF14,20
entry_006aff14,0x006AFF14,0x006AFF28,20
entry_006aff28,0x006AFF28,0x006AFF38,16
entry_006aff38,0x006AFF38,0x006AFF50,24
FUN_006aff50,0x006AFF50,0x006AFFDC,140
entry_006aff84,0x006AFF84,0x006AFF98,20
entry_006aff98,0x006AFF98,0x006AFFAC,20
entry_006affac,0x006AFFAC,0x006AFFC0,20
entry_006affc0,0x006AFFC0,0x006AFFD4,20
entry_006affd4,0x006AFFD4,0x006AFFF0,28
FUN_006afff0,0x006AFFF0,0x006B0010,32
FUN_006b02e0,0x006B02E0,0x006B0310,48
entry_006b0300,0x006B0300,0x006B030C,12
entry_006b030c,0x006B030C,0x006B0320,20
FUN_006b0320,0x006B0320,0x006B0428,264
entry_006b036c,0x006B036C,0x006B0390,36
entry_006b0390,0x006B0390,0x006B03B4,36
entry_006b03b4,0x006B03B4,0x006B03D8,36
entry_006b03d8,0x006B03D8,0x006B03FC,36
entry_006b03fc,0x006B03FC,0x006B0420,36
entry_006b0420,0x006B0420,0x006B0424,4
entry_006b0424,0x006B0424,0x006B0440,28
FUN_006b0440,0x006B0440,0x006B0454,20
FUN_006b04a0,0x006B04A0,0x006B04D4,52
entry_006b04d0,0x006B04D0,0x006B04E0,16
FUN_006b04e0,0x006B04E0,0x006B04E8,8
FUN_006b05e0,0x006B05E0,0x006B05E8,8
FUN_006b0c80,0x006B0C80,0x006B0CA8,40
entry_006b0ca4,0x006B0CA4,0x006B0CB0,12
FUN_006b0cb0,0x006B0CB0,0x006B0CE0,48
entry_006b0cd0,0x006B0CD0,0x006B0CDC,12
entry_006b0cdc,0x006B0CDC,0x006B0CF0,20
FUN_006b0cf0,0x006B0CF0,0x006B0D68,120
entry_006b0d3c,0x006B0D3C,0x006B0D60,36
entry_006b0d60,0x006B0D60,0x006B0D64,4
entry_006b0d64,0x006B0D64,0x006B0D80,28
FUN_006b0d80,0x006B0D80,0x006B0D94,20
FUN_006b0dc0,0x006B0DC0,0x006B0DD0,16
FUN_006b1160,0x006B1160,0x006B1168,8
FUN_006b1270,0x006B1270,0x006B128C,28
FUN_006b12b0,0x006B12B0,0x006B12CC,28
FUN_006b12f0,0x006B12F0,0x006B130C,28
FUN_006b13b0,0x006B13B0,0x006B13E0,48
FUN_006b1430,0x006B1430,0x006B1454,36
FUN_006b1460,0x006B1460,0x006B14AC,72
entry_006b14a8,0x006B14A8,0x006B14C0,24
FUN_006b14c0,0x006B14C0,0x006B14D8,24
FUN_006b14e0,0x006B14E0,0x006B1548,104
entry_006b1510,0x006B1510,0x006B1550,64
FUN_006b1550,0x006B1550,0x006B1570,32
FUN_006b1580,0x006B1580,0x006B15E4,100
FUN_006b1610,0x006B1610,0x006B1654,68
FUN_006b1660,0x006B1660,0x006B1700,128
entry_006b16b0,0x006B16B0,0x006B16D0,32
entry_006b16d0,0x006B16D0,0x006B16FC,44
entry_006b16fc,0x006B16FC,0x006B1710,20
FUN_006b1710,0x006B1710,0x006B1730,32
FUN_006b1880,0x006B1880,0x006B18B0,48
FUN_006b18e0,0x006B18E0,0x006B193C,88
entry_006b18f4,0x006B18F4,0x006B1938,68
entry_006b1938,0x006B1938,0x006B1950,24
FUN_006b1950,0x006B1950,0x006B19B8,96
entry_006b19a4,0x006B19A4,0x006B19D0,44
FUN_006b19d0,0x006B19D0,0x006B19DC,12
FUN_006b1aa0,0x006B1AA0,0x006B1AB4,20
FUN_006b1ac0,0x006B1AC0,0x006B1AFC,36
entry_006b1af8,0x006B1AF8,0x006B1B10,24
FUN_006b1b10,0x006B1B10,0x006B1C4C,316
entry_006b1b50,0x006B1B50,0x006B1B54,4
entry_006b1b54,0x006B1B54,0x006B1B94,64
entry_006b1b94,0x006B1B94,0x006B1BA8,20
entry_006b1ba8,0x006B1BA8,0x006B1BC0,24
entry_006b1bc0,0x006B1BC0,0x006B1BD8,24
entry_006b1bd8,0x006B1BD8,0x006B1BF0,24
entry_006b1bf0,0x006B1BF0,0x006B1C04,20
entry_006b1c04,0x006B1C04,0x006B1C08,4
entry_006b1c08,0x006B1C08,0x006B1C48,64
entry_006b1c48,0x006B1C48,0x006B1D90,328
FUN_006b1d90,0x006B1D90,0x006B1DA0,16
FUN_006b2720,0x006B2720,0x006B2728,8
FUN_006b27d0,0x006B27D0,0x006B27E4,20
FUN_006b27f0,0x006B27F0,0x006B2854,100
entry_006b2818,0x006B2818,0x006B2834,28
entry_006b2834,0x006B2834,0x006B283C,8
entry_006b283c,0x006B283C,0x006B284C,16
entry_006b284c,0x006B284C,0x006B2860,20
FUN_006b2860,0x006B2860,0x006B2874,20
FUN_006b29a0,0x006B29A0,0x006B29B0,16
FUN_006b2f00,0x006B2F00,0x006B2F08,8
FUN_006b3120,0x006B3120,0x006B3134,20
FUN_006b3390,0x006B3390,0x006B33C0,48
entry_006b33b0,0x006B33B0,0x006B33BC,12
entry_006b33bc,0x006B33BC,0x006B33D0,20
FUN_006b33d0,0x006B33D0,0x006B33E4,20
FUN_006b3730,0x006B3730,0x006B3850,288
entry_006b3794,0x006B3794,0x006B37C0,44
entry_006b37c0,0x006B37C0,0x006B37DC,28
entry_006b37dc,0x006B37DC,0x006B3800,36
entry_006b3800,0x006B3800,0x006B3824,36
entry_006b3824,0x006B3824,0x006B3848,36
entry_006b3848,0x006B3848,0x006B384C,4
entry_006b384c,0x006B384C,0x006B3860,20
FUN_006b3860,0x006B3860,0x006B3874,20
FUN_006b38c0,0x006B38C0,0x006B38CC,12
FUN_006b39f0,0x006B39F0,0x006B3A0C,28
FUN_006b3a20,0x006B3A20,0x006B3AC0,160
entry_006b3a38,0x006B3A38,0x006B3AA0,104
entry_006b3aa0,0x006B3AA0,0x006B3AAC,12
entry_006b3aac,0x006B3AAC,0x006B3AD0,36
FUN_006b3ad0,0x006B3AD0,0x006B3B04,48
entry_006b3afc,0x006B3AFC,0x006B3C00,260
FUN_006b3c00,0x006B3C00,0x006B3C08,8
FUN_006b3e10,0x006B3E10,0x006B3FB0,416
entry_006b3e58,0x006B3E58,0x006B3E7C,36
entry_006b3e7c,0x006B3E7C,0x006B3ECC,80
entry_006b3ecc,0x006B3ECC,0x006B3ED0,4
entry_006b3ed0,0x006B3ED0,0x006B3ED8,8
entry_006b3ed8,0x006B3ED8,0x006B3F08,48
entry_006b3f08,0x006B3F08,0x006B3F20,24
entry_006b3f20,0x006B3F20,0x006B3F70,80
entry_006b3f70,0x006B3F70,0x006B3F78,8
entry_006b3f78,0x006B3F78,0x006B3F8C,20
entry_006b3f8c,0x006B3F8C,0x006B3FAC,32
entry_006b3fac,0x006B3FAC,0x006B3FC0,20
FUN_006b3fc0,0x006B3FC0,0x006B3FCC,12
FUN_006b5570,0x006B5570,0x006B5584,20
FUN_006b6300,0x006B6300,0x006B63B4,180
entry_006b6328,0x006B6328,0x006B6350,40
entry_006b6350,0x006B6350,0x006B6384,52
entry_006b6384,0x006B6384,0x006B639C,24
entry_006b639c,0x006B639C,0x006B63AC,16
entry_006b63ac,0x006B63AC,0x006B63B0,4
entry_006b63b0,0x006B63B0,0x006B64B0,256
FUN_006b64b0,0x006B64B0,0x006B64D4,36
FUN_006b6510,0x006B6510,0x006B651C,12
FUN_006b6640,0x006B6640,0x006B66F4,172
entry_006b66d8,0x006B66D8,0x006B66EC,20
entry_006b66ec,0x006B66EC,0x006B66F0,4
entry_006b66f0,0x006B66F0,0x006B6710,32
FUN_006b6710,0x006B6710,0x006B671C,12
FUN_006b6900,0x006B6900,0x006B6934,52
entry_006b6930,0x006B6930,0x006B6940,16
FUN_006b6940,0x006B6940,0x006B6954,20
FUN_006b6ac0,0x006B6AC0,0x006B6BFC,52
entry_006b6ae4,0x006B6AE4,0x006B6BF8,276
entry_006b6bf8,0x006B6BF8,0x006B6C10,24
FUN_006b6c10,0x006B6C10,0x006B6C88,120
entry_006b6c5c,0x006B6C5C,0x006B6C80,36
entry_006b6c80,0x006B6C80,0x006B6C84,4
entry_006b6c84,0x006B6C84,0x006B6CA0,28
FUN_006b6ca0,0x006B6CA0,0x006B6CAC,12
FUN_006b6e90,0x006B6E90,0x006B6EA4,20
FUN_006b71b0,0x006B71B0,0x006B71E0,48
entry_006b71d0,0x006B71D0,0x006B71DC,12
entry_006b71dc,0x006B71DC,0x006B71F0,20
FUN_006b71f0,0x006B71F0,0x006B7214,36
FUN_006b7a60,0x006B7A60,0x006B7A70,16
FUN_006b7d30,0x006B7D30,0x006B7D40,16
FUN_006b7f40,0x006B7F40,0x006B7F54,20
FUN_006b8010,0x006B8010,0x006B8018,8
FUN_006b80b0,0x006B80B0,0x006B80BC,12
FUN_006b80d0,0x006B80D0,0x006B8128,88
entry_006b8108,0x006B8108,0x006B8118,16
entry_006b8118,0x006B8118,0x006B8130,24
FUN_006b8130,0x006B8130,0x006B8180,80
entry_006b8160,0x006B8160,0x006B8170,16
entry_006b8170,0x006B8170,0x006B8190,32
FUN_006b8190,0x006B8190,0x006B819C,12
FUN_006b81b0,0x006B81B0,0x006B81B8,8
FUN_006b81c0,0x006B81C0,0x006B81C8,8
FUN_006b81d0,0x006B81D0,0x006B8200,48
entry_006b81e0,0x006B81E0,0x006B81F0,16
entry_006b81f0,0x006B81F0,0x006B8210,32
FUN_006b8210,0x006B8210,0x006B8248,56
entry_006b8240,0x006B8240,0x006B8244,4
entry_006b8244,0x006B8244,0x006B8260,28
FUN_006b8260,0x006B8260,0x006B8298,56
entry_006b8278,0x006B8278,0x006B8288,16
entry_006b8288,0x006B8288,0x006B82E0,88
FUN_006b82e0,0x006B82E0,0x006B82E8,8
FUN_006b8370,0x006B8370,0x006B8380,16
FUN_006b8910,0x006B8910,0x006B8918,8
FUN_006b8aa0,0x006B8AA0,0x006B8C30,224
entry_006b8ad8,0x006B8AD8,0x006B8B0C,52
entry_006b8b0c,0x006B8B0C,0x006B8B28,28
entry_006b8b28,0x006B8B28,0x006B8B44,28
entry_006b8b44,0x006B8B44,0x006B8C2C,232
entry_006b8c2c,0x006B8C2C,0x006B8C40,20
FUN_006b8c40,0x006B8C40,0x006B8C50,16
FUN_006b9c00,0x006B9C00,0x006B9C0C,12
FUN_006b9d60,0x006B9D60,0x006B9D74,20
FUN_006b9de0,0x006B9DE0,0x006B9E20,64
entry_006b9e1c,0x006B9E1C,0x006B9E30,20
FUN_006b9e30,0x006B9E30,0x006B9E44,20
FUN_006ba660,0x006BA660,0x006BA704,156
entry_006ba6b8,0x006BA6B8,0x006BA6C0,8
entry_006ba6c0,0x006BA6C0,0x006BA6D0,16
entry_006ba6d0,0x006BA6D0,0x006BA6FC,44
entry_006ba6fc,0x006BA6FC,0x006BA700,4
entry_006ba700,0x006BA700,0x006BA720,32
FUN_006ba720,0x006BA720,0x006BA750,48
FUN_006ba8e0,0x006BA8E0,0x006BA8E8,8
FUN_006bae40,0x006BAE40,0x006BAE48,8
FUN_006bb3b0,0x006BB3B0,0x006BB410,96
entry_006bb408,0x006BB408,0x006BB40C,4
entry_006bb40c,0x006BB40C,0x006BB420,20
FUN_006bb420,0x006BB420,0x006BB434,20
entry_006bb478,0x006BB478,0x006BB4FC,132
entry_006bb4fc,0x006BB4FC,0x006BB518,28
entry_006bb518,0x006BB518,0x006BB560,72
FUN_006bb560,0x006BB560,0x006BB578,24
FUN_006bbba0,0x006BBBA0,0x006BBBB4,20
FUN_006bc3c0,0x006BC3C0,0x006BC3D0,16
FUN_006bc750,0x006BC750,0x006BC758,8
FUN_006bc840,0x006BC840,0x006BC8AC,108
FUN_006bc950,0x006BC950,0x006BC984,52
FUN_006bd798,0x006BD798,0x006BD7A8,16
FUN_006bd878,0x006BD878,0x006BD888,16
FUN_006bd948,0x006BD948,0x006BD964,28
FUN_006bdad0,0x006BDAD0,0x006BDAE8,24
FUN_006bdd08,0x006BDD08,0x006BDD10,8
FUN_006be060,0x006BE060,0x006BE06C,12
FUN_006be260,0x006BE260,0x006BE278,24
FUN_006be6e0,0x006BE6E0,0x006BE6E8,8
FUN_006bec68,0x006BEC68,0x006BEC7C,20
FUN_006bef60,0x006BEF60,0x006BEF68,8
FUN_006bf010,0x006BF010,0x006BF020,16
FUN_006bf0b0,0x006BF0B0,0x006BF12C,92
entry_006bf0fc,0x006BF0FC,0x006BF10C,16
entry_006bf10c,0x006BF10C,0x006BF110,4
entry_006bf110,0x006BF110,0x006BF138,40
FUN_006bf138,0x006BF138,0x006BF14C,20
FUN_006bf2c8,0x006BF2C8,0x006BF2D0,8
FUN_006bf338,0x006BF338,0x006BF35C,36
FUN_006bf3f0,0x006BF3F0,0x006BF3F8,8
FUN_006bf400,0x006BF400,0x006BF410,16
FUN_006bf4a0,0x006BF4A0,0x006BF4A8,8
FUN_006bf5d0,0x006BF5D0,0x006BF604,52
FUN_006bf6a0,0x006BF6A0,0x006BF6CC,40
entry_006bf6c4,0x006BF6C4,0x006BF6F8,52
FUN_006bf6f8,0x006BF6F8,0x006BF700,8
FUN_006bf7e0,0x006BF7E0,0x006BF7E8,8
FUN_006bf920,0x006BF920,0x006BF934,20
FUN_006bfac0,0x006BFAC0,0x006BFAC8,8
FUN_006bfd70,0x006BFD70,0x006BFD74,4
FUN_006c0168,0x006C0168,0x006C0170,8
FUN_006c02c0,0x006C02C0,0x006C02DC,28
FUN_006c0568,0x006C0568,0x006C0584,28
FUN_006c0e58,0x006C0E58,0x006C0E5C,4
FUN_006c15b0,0x006C15B0,0x006C15B8,8
FUN_006c1908,0x006C1908,0x006C1918,16
FUN_006c1bb8,0x006C1BB8,0x006C1BBC,4
FUN_006c1cd0,0x006C1CD0,0x006C1CF0,32
FUN_006c1cf8,0x006C1CF8,0x006C1D54,84
entry_006c1d2c,0x006C1D2C,0x006C1D50,36
entry_006c1d50,0x006C1D50,0x006C2D00,4016
FUN_006c2d00,0x006C2D00,0x006C2D10,16
FUN_006c2e28,0x006C2E28,0x006C2E44,28
FUN_006c2e58,0x006C2E58,0x006C2E78,32
FUN_006c2e90,0x006C2E90,0x006C2E9C,12
FUN_006c2f10,0x006C2F10,0x006C2F1C,12
FUN_006c2fd0,0x006C2FD0,0x006C2FD8,8
FUN_006c3028,0x006C3028,0x006C3038,16
FUN_006c3058,0x006C3058,0x006C3060,8
FUN_006c30d0,0x006C30D0,0x006C30D4,4
FUN_006c3270,0x006C3270,0x006C3274,4
FUN_006c32f8,0x006C32F8,0x006C3310,24
FUN_006c35f8,0x006C35F8,0x006C3608,16
FUN_006c3918,0x006C3918,0x006C3924,12
FUN_006c3960,0x006C3960,0x006C3964,4
FUN_006c39b8,0x006C39B8,0x006C39C8,16
FUN_006c3d08,0x006C3D08,0x006C3D20,24
FUN_006c3fb8,0x006C3FB8,0x006C3FBC,4
FUN_006c4500,0x006C4500,0x006C4518,24
FUN_006c47c0,0x006C47C0,0x006C47CC,12
FUN_006c4ba0,0x006C4BA0,0x006C4BAC,12
FUN_006c5618,0x006C5618,0x006C5624,12
FUN_006c5dd0,0x006C5DD0,0x006C5DDC,12
FUN_006c67b0,0x006C67B0,0x006C67C0,16
FUN_006c6c40,0x006C6C40,0x006C6C48,8
FUN_006c6e78,0x006C6E78,0x006C6EA4,44
FUN_006c79d8,0x006C79D8,0x006C8000,116
entry_006c7ff0,0x006C7FF0,0x006C8038,72
FUN_006c8038,0x006C8038,0x006C8068,48
FUN_006c89d8,0x006C89D8,0x006C89FC,36
FUN_006c9028,0x006C9028,0x006C9034,12
FUN_006c9348,0x006C9348,0x006C9350,8
FUN_006c96a0,0x006C96A0,0x006C96A8,8
FUN_006c9928,0x006C9928,0x006C992C,4
FUN_006c9a68,0x006C9A68,0x006C9A84,28
FUN_006c9b88,0x006C9B88,0x006C9BA4,28
FUN_006c9cf8,0x006C9CF8,0x006C9D08,16
FUN_006c9f08,0x006C9F08,0x006C9F14,12
FUN_006ca080,0x006CA080,0x006CA0CC,76
FUN_006ca0d8,0x006CA0D8,0x006CA0E8,16
FUN_006ca170,0x006CA170,0x006CA184,20
FUN_006ca198,0x006CA198,0x006CA1AC,20
FUN_006ca1c0,0x006CA1C0,0x006CA1C4,4
FUN_006ca210,0x006CA210,0x006CA214,4
FUN_006ca260,0x006CA260,0x006CA264,4
FUN_006ca2b0,0x006CA2B0,0x006CA2C0,16
FUN_006ca408,0x006CA408,0x006CA43C,52
FUN_006ca490,0x006CA490,0x006CA4C4,52
FUN_006ca4d0,0x006CA4D0,0x006CA504,52
FUN_006ca538,0x006CA538,0x006CA540,8
FUN_006ca640,0x006CA640,0x006CA644,4
FUN_006ca6a8,0x006CA6A8,0x006CA6C8,32
FUN_006ca6e0,0x006CA6E0,0x006CA6EC,12
FUN_006ca7b0,0x006CA7B0,0x006CA7B8,8
FUN_006ca8b8,0x006CA8B8,0x006CA8C8,16
FUN_006ca9d8,0x006CA9D8,0x006CA9D9,1
FUN_006ca9e8,0x006CA9E8,0x006CA9F8,16
FUN_006cace8,0x006CACE8,0x006CAD70,136
FUN_006cb1a8,0x006CB1A8,0x006CB3CC,544
entry_006cb250,0x006CB250,0x006CB25C,12
entry_006cb25c,0x006CB25C,0x006CB550,756
FUN_006cb550,0x006CB550,0x006CB554,4
FUN_006cba48,0x006CBA48,0x009CBD34,1816
entry_006cbb74,0x006CBB74,0x006CBBF8,132
entry_006cbbf8,0x006CBBF8,0x006CBC78,128
entry_006cbc78,0x006CBC78,0x006CBC98,32
entry_006cbc98,0x006CBC98,0x006CBCD0,56
FUN_006cbcd0,0x006CBCD0,0x006CBE38,324
entry_006cbd30,0x006CBD30,0x006CBE28,248
entry_006cbe28,0x006CBE28,0x006CBE30,8
entry_006cbe30,0x006CBE30,0x006CBE48,24
FUN_006cbe48,0x006CBE48,0x006CC07C,556
entry_006cbe74,0x006CBE74,0x006CBEE0,108
entry_006cbee0,0x006CBEE0,0x006CBF78,152
entry_006cbf78,0x006CBF78,0x006CC03C,196
entry_006cc03c,0x006CC03C,0x006CC060,36
entry_006cc060,0x006CC060,0x006CC088,40
FUN_006cc088,0x006CC088,0x006CC23C,428
entry_006cc0b4,0x006CC0B4,0x006CC120,108
entry_006cc120,0x006CC120,0x006CC1C4,164
entry_006cc1c4,0x006CC1C4,0x006CC1EC,40
entry_006cc1ec,0x006CC1EC,0x006CC1F8,12
entry_006cc1f8,0x006CC1F8,0x006CC220,40
entry_006cc220,0x006CC220,0x006CC2B8,152
FUN_006cc2b8,0x006CC2B8,0x006CC2E8,48
FUN_006cc2f0,0x006CC2F0,0x006CC378,136
entry_006cc370,0x006CC370,0x006CC380,16
FUN_006cc380,0x006CC380,0x0090C3EC,552
FUN_006cc400,0x006CC400,0x009CC588,1328
entry_006cc450,0x006CC450,0x006CC4E8,152
entry_006cc4e8,0x006CC4E8,0x006CC588,160
entry_006cc588,0x006CC588,0x006CC5C0,56
FUN_006cc5c0,0x006CC5C0,0x006CC5D4,20
FUN_006cc5e0,0x006CC5E0,0x006CC5F4,20
FUN_006cc6d8,0x006CC6D8,0x006CC6EC,20
FUN_006cc6f8,0x006CC6F8,0x006CC70C,20
FUN_006cc9a8,0x006CC9A8,0x006CC9CC,36
entry_006cc9bc,0x006CC9BC,0x006CC9D8,28
FUN_006cc9d8,0x006CC9D8,0x006CC9E0,8
FUN_006cca90,0x006CCA90,0x006CCAA0,16
FUN_006ccaf8,0x006CCAF8,0x006CCB00,8
FUN_006cce60,0x006CCE60,0x006CCE6C,12
FUN_006cd1d0,0x006CD1D0,0x006CD1D8,8
FUN_006cd478,0x006CD478,0x006CD490,24
FUN_006cd640,0x006CD640,0x006CD648,8
FUN_006cd740,0x006CD740,0x006CD8C8,64
entry_006cd8c4,0x006CD8C4,0x006CD8D8,20
FUN_006cd8d8,0x006CD8D8,0x006CD8DC,4
FUN_006cda50,0x006CDA50,0x006CDA58,8
FUN_006cdca0,0x006CDCA0,0x006CDCD4,40
entry_006cdccc,0x006CDCCC,0x006CDCF0,36
FUN_006cdcf0,0x006CDCF0,0x006CDDE0,240
entry_006cdd4c,0x006CDD4C,0x006CDD68,28
entry_006cdd68,0x006CDD68,0x006CDDA4,60
entry_006cdda4,0x006CDDA4,0x006CDDF8,84
FUN_006cddf8,0x006CDDF8,0x006CDE00,8
FUN_006cdeb8,0x006CDEB8,0x006CDEC4,12
FUN_006ce228,0x006CE228,0x006CE23C,20
FUN_006ce248,0x006CE248,0x006CE25C,20
FUN_006ce268,0x006CE268,0x006CE27C,20
FUN_006ce288,0x006CE288,0x006CE290,8
FUN_006ce3c0,0x006CE3C0,0x006CE3CC,12
FUN_006ce5a8,0x006CE5A8,0x006CE690,232
entry_006ce5d8,0x006CE5D8,0x006CE648,112
entry_006ce648,0x006CE648,0x006CE688,64
entry_006ce688,0x006CE688,0x006CE6B0,40
FUN_006ce6b0,0x006CE6B0,0x006CE6E0,48
FUN_006ce838,0x006CE838,0x006CE84C,20
FUN_006ce960,0x006CE960,0x006CE968,8
FUN_006ce9e0,0x006CE9E0,0x006CE9F0,16
FUN_006cec58,0x006CEC58,0x006CEC6C,20
FUN_006cede8,0x006CEDE8,0x006CEDF4,12
FUN_006cefe0,0x006CEFE0,0x006CF100,236
entry_006cf000,0x006CF000,0x006CF028,40
entry_006cf028,0x006CF028,0x006CF080,88
entry_006cf080,0x006CF080,0x006CF0B8,56
entry_006cf0b8,0x006CF0B8,0x006CF0D8,32
entry_006cf0d8,0x006CF0D8,0x006CF0F4,28
entry_006cf0f4,0x006CF0F4,0x006CF0FC,8
entry_006cf0fc,0x006CF0FC,0x006CF128,44
FUN_006cf128,0x006CF128,0x006CF150,40
FUN_006cf1d8,0x006CF1D8,0x006CF1E4,12
FUN_006cf2e8,0x006CF2E8,0x006CF320,56
FUN_006cf360,0x006CF360,0x006CF39C,60
entry_006cf394,0x006CF394,0x006CF3B8,36
FUN_006cf3b8,0x006CF3B8,0x006CF3D8,32
FUN_006cf548,0x006CF548,0x006CF55C,20
FUN_006cf588,0x006CF588,0x006CF59C,20
FUN_006cf5c0,0x006CF5C0,0x006CF5D4,20
FUN_006cf5f8,0x006CF5F8,0x006CF608,16
FUN_006cf738,0x006CF738,0x006CF748,16
FUN_006cf7e0,0x006CF7E0,0x006CF7E4,4
FUN_006cf858,0x006CF858,0x006CF884,44
FUN_006cf8c8,0x006CF8C8,0x006CF8D0,8
FUN_006cf9f8,0x006CF9F8,0x006CFA00,8
FUN_006cfd58,0x006CFD58,0x006CFD80,40
FUN_006cfe30,0x006CFE30,0x006CFE34,4
FUN_006cfec8,0x006CFEC8,0x006CFECC,4
FUN_006cff28,0x006CFF28,0x006CFF30,8
FUN_006cff98,0x006CFF98,0x006CFFD8,64
entry_006cffc4,0x006CFFC4,0x006CFFF8,52
FUN_006cfff8,0x006CFFF8,0x006D002C,52
FUN_006d00c0,0x006D00C0,0x006D00E4,36
FUN_006d00f0,0x006D00F0,0x006D0108,24
FUN_006d0110,0x006D0110,0x006D0134,36
FUN_006d01c0,0x006D01C0,0x006D01EC,44
FUN_006d0200,0x006D0200,0x006D022C,44
FUN_006d0240,0x006D0240,0x006D026C,44
FUN_006d0280,0x006D0280,0x006D02AC,44
FUN_006d03b0,0x006D03B0,0x006D0400,80
entry_006d03c0,0x006D03C0,0x006D03DC,28
entry_006d03dc,0x006D03DC,0x006D03EC,16
entry_006d03ec,0x006D03EC,0x006D03FC,16
entry_006d03fc,0x006D03FC,0x006D0A38,1596
FUN_006d0a38,0x006D0A38,0x006D0A48,16
FUN_006d0da0,0x006D0DA0,0x006D0DE4,68
FUN_006d0df8,0x006D0DF8,0x006D0DF9,1
FUN_006d0e00,0x006D0E00,0x006D0E08,8
FUN_006d0fc8,0x006D0FC8,0x006D1000,56
FUN_006d1040,0x006D1040,0x006D107C,60
entry_006d1074,0x006D1074,0x006D10A8,52
FUN_006d10a8,0x006D10A8,0x006D10F8,80
entry_006d10f0,0x006D10F0,0x006D1108,24
FUN_006d1108,0x006D1108,0x006D113C,52
entry_006d1134,0x006D1134,0x006D1148,20
FUN_006d1148,0x006D1148,0x006D1150,8
FUN_006d1210,0x006D1210,0x006D1214,4
FUN_006d12a8,0x006D12A8,0x006D12B0,8
FUN_006d1300,0x006D1300,0x006D1318,24
FUN_006d1320,0x006D1320,0x006D1328,8
FUN_006d13a0,0x006D13A0,0x006D13B0,16
FUN_006d14a8,0x006D14A8,0x006D14C4,28
FUN_006d18a8,0x006D18A8,0x006D18C8,32
FUN_006d18d0,0x006D18D0,0x006D18E8,24
FUN_006d1908,0x006D1908,0x006D1920,24
FUN_006d1b68,0x006D1B68,0x006D1BB8,80
FUN_006d1db8,0x006D1DB8,0x006D1DCC,20
FUN_006d1f58,0x006D1F58,0x006D203C,196
entry_006d2038,0x006D2038,0x006D2058,32
FUN_006d2058,0x006D2058,0x006D206C,20
FUN_006d2100,0x006D2100,0x006D210C,12
FUN_006d23f0,0x006D23F0,0x006D23F4,4
FUN_006d2748,0x006D2748,0x006D2774,44
FUN_006d27a8,0x006D27A8,0x006D27AC,4
FUN_006d28e0,0x006D28E0,0x006D2910,48
entry_006d2908,0x006D2908,0x006D2920,24
FUN_006d2920,0x006D2920,0x006D2938,24
FUN_006d29b8,0x006D29B8,0x006D29BC,4
FUN_006d2a10,0x006D2A10,0x006D2A14,4
FUN_006d2b58,0x006D2B58,0x006D2B60,8
FUN_006d2d98,0x006D2D98,0x006D2DA8,16
FUN_006d2f20,0x006D2F20,0x006D2F28,8
FUN_006d3208,0x006D3208,0x006D3234,44
FUN_006d3268,0x006D3268,0x006D326C,4
FUN_006d3328,0x006D3328,0x006D3330,8
FUN_006d33a0,0x006D33A0,0x006D33B4,20
FUN_006d3478,0x006D3478,0x006D3488,16
FUN_006d3520,0x006D3520,0x006D3538,24
FUN_006d35f8,0x006D35F8,0x006D3614,28
FUN_006d3620,0x006D3620,0x006D3AA4,1156
entry_006d3800,0x006D3800,0x006D3EE8,1768
FUN_006d3ee8,0x006D3EE8,0x006D3EF4,12
FUN_006d40c0,0x006D40C0,0x006D40C8,8
FUN_006d4600,0x006D4600,0x006D460C,12
FUN_006d47d8,0x006D47D8,0x006D47E8,16
FUN_006d4928,0x006D4928,0x006D492C,4
FUN_006d4a88,0x006D4A88,0x006D4AA0,24
FUN_006d4aa8,0x006D4AA8,0x006D4AC0,24
FUN_006d4ac8,0x006D4AC8,0x006D4AE4,28
FUN_006d4b00,0x006D4B00,0x006D4B18,24
FUN_006d4b40,0x006D4B40,0x006D4B60,32
FUN_006d4ba0,0x006D4BA0,0x006D4BDC,56
entry_006d4bd8,0x006D4BD8,0x006D4BE8,16
FUN_006d4be8,0x006D4BE8,0x006D4C40,88
entry_006d4c38,0x006D4C38,0x006D4C50,24
FUN_006d4c50,0x006D4C50,0x006D4D4C,252
entry_006d4c84,0x006D4C84,0x006D4CB8,52
entry_006d4cb8,0x006D4CB8,0x006D4CD0,24
entry_006d4cd0,0x006D4CD0,0x006D4D24,84
entry_006d4d24,0x006D4D24,0x006D4D28,4
entry_006d4d28,0x006D4D28,0x006D4D60,56
FUN_006d4d60,0x006D4D60,0x006D4D68,8
FUN_006d4e30,0x006D4E30,0x006D4E38,8
FUN_006d4f00,0x006D4F00,0x006D4F38,56
FUN_006d4f78,0x006D4F78,0x006D4FC0,72
FUN_006d5000,0x006D5000,0x006D5010,16
FUN_006d5068,0x006D5068,0x006D50A4,60
FUN_006d50e8,0x006D50E8,0x006D5148,96
entry_006d5120,0x006D5120,0x006D5134,20
entry_006d5134,0x006D5134,0x006D5158,36
FUN_006d5158,0x006D5158,0x006D5168,16
FUN_006d51b0,0x006D51B0,0x006D51B4,4
FUN_006d5210,0x006D5210,0x006D5238,40
FUN_006d5400,0x006D5400,0x006D5430,48
FUN_006d5450,0x006D5450,0x006D5474,36
FUN_006d5490,0x006D5490,0x006D54BC,44
FUN_006d5500,0x006D5500,0x006D552C,44
FUN_006d5570,0x006D5570,0x006D5580,16
FUN_006d55d8,0x006D55D8,0x006D5604,44
FUN_006d5648,0x006D5648,0x006D5674,44
FUN_006d56b8,0x006D56B8,0x006D56C8,16
FUN_006d5720,0x006D5720,0x006D5728,8
FUN_006d57e8,0x006D57E8,0x006D5860,108
entry_006d5850,0x006D5850,0x006D58F8,168
FUN_006d58f8,0x006D58F8,0x006D5908,16
FUN_006d5980,0x006D5980,0x006D598C,12
FUN_006d5ad0,0x006D5AD0,0x006D5ADC,12
FUN_006d5c08,0x006D5C08,0x006D5C38,48
FUN_006d5c70,0x006D5C70,0x006D5CA8,48
entry_006d5ca0,0x006D5CA0,0x006D5CB8,24
FUN_006d5cb8,0x006D5CB8,0x006D5CD4,28
FUN_006d5d70,0x006D5D70,0x006D5D78,8
FUN_006d5df8,0x006D5DF8,0x006D5E00,8
FUN_006d5e80,0x006D5E80,0x006D5E94,20
FUN_006d5f90,0x006D5F90,0x006D5FAC,28
FUN_006d5fb8,0x006D5FB8,0x006D5FE0,40
FUN_006d5ff0,0x006D5FF0,0x006D6000,16
FUN_006d6140,0x006D6140,0x006D620C,204
FUN_006d6218,0x006D6218,0x006D6228,16
FUN_006d6290,0x006D6290,0x006D62B4,36
FUN_006d6310,0x006D6310,0x006D6334,36
FUN_006d6390,0x006D6390,0x006D63B4,36
FUN_006d6410,0x006D6410,0x006D6434,36
FUN_006d6490,0x006D6490,0x006D64B8,40
FUN_006d6510,0x006D6510,0x006D6574,100
FUN_006d65c8,0x006D65C8,0x006D65DC,20
FUN_006d6690,0x006D6690,0x006D6698,8
FUN_006d6738,0x006D6738,0x006D6740,8
FUN_006d67a8,0x006D67A8,0x006D67B0,8
FUN_006d68a0,0x006D68A0,0x006D68B4,20
FUN_006d69b0,0x006D69B0,0x006D69B4,4
FUN_006d6a40,0x006D6A40,0x006D6A74,52
entry_006d6a70,0x006D6A70,0x006D6A80,16
FUN_006d6a80,0x006D6A80,0x006D6A90,16
FUN_006d6af0,0x006D6AF0,0x006D6B38,72
FUN_006d6b48,0x006D6B48,0x006D6B68,32
FUN_006d6c18,0x006D6C18,0x006D6C24,12
FUN_006d6c98,0x006D6C98,0x006D6CC0,40
FUN_006d6cd0,0x006D6CD0,0x006D6CF0,32
FUN_006d6d70,0x006D6D70,0x006D6DA8,56
FUN_006d6de8,0x006D6DE8,0x006D6E20,56
entry_006d6e18,0x006D6E18,0x006D6E30,24
FUN_006d6e30,0x006D6E30,0x006D6E34,4
FUN_006d6ec0,0x006D6EC0,0x006D6ED0,16
FUN_006d6f28,0x006D6F28,0x006D6F64,60
FUN_006d6fb0,0x006D6FB0,0x006D6FB4,4
FUN_006d7008,0x006D7008,0x006D7010,8
FUN_006d70b0,0x006D70B0,0x006D70E4,52
FUN_006d7250,0x006D7250,0x006D7264,20
FUN_006d7380,0x006D7380,0x006D7384,4
FUN_006d7858,0x006D7858,0x006D7870,24
FUN_006d7d30,0x006D7D30,0x006D7D40,16
FUN_006d8038,0x006D8038,0x006D8050,24
FUN_006d8160,0x006D8160,0x006D8168,8
FUN_006d82f0,0x006D82F0,0x006D82FC,12
FUN_006d84b0,0x006D84B0,0x006D84B4,4
FUN_006d8858,0x006D8858,0x006D8870,24
FUN_006d8ad8,0x006D8AD8,0x006D8CD4,496
entry_006d8b0c,0x006D8B0C,0x006D8B20,20
entry_006d8b20,0x006D8B20,0x006D8B50,48
entry_006d8b50,0x006D8B50,0x006D8B78,40
entry_006d8b78,0x006D8B78,0x006D8BCC,84
entry_006d8bcc,0x006D8BCC,0x006D8C00,52
entry_006d8c00,0x006D8C00,0x006D8C10,16
entry_006d8c10,0x006D8C10,0x006D8C30,32
entry_006d8c30,0x006D8C30,0x006D8C7C,76
entry_006d8c7c,0x006D8C7C,0x006D8C98,28
entry_006d8c98,0x006D8C98,0x006D8CB0,24
entry_006d8cb0,0x006D8CB0,0x006D8CC0,16
entry_006d8cc0,0x006D8CC0,0x006D8CC4,4
entry_006d8cc4,0x006D8CC4,0x006D8D00,60
FUN_006d8d00,0x006D8D00,0x006D8D18,24
FUN_006d8da0,0x006D8DA0,0x006D8DB8,24
FUN_006d8e10,0x006D8E10,0x006D8E1C,12
FUN_006d8f20,0x006D8F20,0x006D8F5C,60
FUN_006d8f70,0x006D8F70,0x006D8F74,4
FUN_006d9090,0x006D9090,0x006D90A0,16
FUN_006d9188,0x006D9188,0x006D919C,20
FUN_006d92d0,0x006D92D0,0x006D92D8,8
FUN_006d9308,0x006D9308,0x006D9330,40
FUN_006d95e0,0x006D95E0,0x006D9608,40
FUN_006d9640,0x006D9640,0x006D9648,8
FUN_006d9848,0x006D9848,0x006D984C,4
FUN_006d98a0,0x006D98A0,0x006D98A8,8
FUN_006d9980,0x006D9980,0x006D9984,4
FUN_006d9ad0,0x006D9AD0,0x006D9AD8,8
FUN_006d9b38,0x006D9B38,0x006D9B40,8
FUN_006d9ba0,0x006D9BA0,0x006D9BA4,4
FUN_006d9c50,0x006D9C50,0x006D9C5C,12
FUN_006d9cf8,0x006D9CF8,0x006D9D18,32
FUN_006d9de0,0x006D9DE0,0x006D9DF0,16
FUN_006d9ee0,0x006D9EE0,0x006D9EEC,12
FUN_006d9f68,0x006D9F68,0x006D9FB0,72
entry_006d9f8c,0x006D9F8C,0x006D9FAC,32
entry_006d9fac,0x006D9FAC,0x006D9FB8,12
FUN_006d9fb8,0x006D9FB8,0x006D9FC0,8
FUN_006da058,0x006DA058,0x006DA060,8
FUN_006da098,0x006DA098,0x006DA0A0,8
FUN_006da0d8,0x006DA0D8,0x006DA100,40
FUN_006da110,0x006DA110,0x006DA118,8
FUN_006da188,0x006DA188,0x006DA1DC,84
FUN_006da220,0x006DA220,0x006DA230,16
FUN_006da2c8,0x006DA2C8,0x006DA2DC,20
FUN_006da370,0x006DA370,0x006DA3A0,48
FUN_006da3e8,0x006DA3E8,0x006DA424,60
FUN_006da430,0x006DA430,0x006DA468,56
FUN_006da4a8,0x006DA4A8,0x006DA4B8,16
FUN_006da810,0x006DA810,0x006DA83C,44
FUN_006daa90,0x006DAA90,0x006DAAAC,28
FUN_006dadd8,0x006DADD8,0x006DADE4,12
FUN_006daef0,0x006DAEF0,0x006DAF00,16
FUN_006db0d0,0x006DB0D0,0x006DB0DC,12
FUN_006db138,0x006DB138,0x006DB148,16
FUN_006db200,0x006DB200,0x006DB21C,28
FUN_006db2c8,0x006DB2C8,0x006DB2CC,4
FUN_006db350,0x006DB350,0x006DB360,16
FUN_006db3d8,0x006DB3D8,0x006DB3DC,4
FUN_006dbba8,0x006DBBA8,0x006DBBB0,8
FUN_006dbe20,0x006DBE20,0x006DBE24,4
FUN_006dc500,0x006DC500,0x006DC508,8
FUN_006dcac0,0x006DCAC0,0x006DCB28,104
entry_006dcb10,0x006DCB10,0x006DCC08,248
FUN_006dcc08,0x006DCC08,0x006DCC1C,20
FUN_006dcda0,0x006DCDA0,0x006DCDA8,8
FUN_006dd080,0x006DD080,0x006DD0B8,56
entry_006dd0ac,0x006DD0AC,0x006DD0B4,8
entry_006dd0b4,0x006DD0B4,0x006DD0C0,12
FUN_006dd0c0,0x006DD0C0,0x006DD0EC,44
FUN_006dd1a0,0x006DD1A0,0x006DD1A8,8
FUN_006dd240,0x006DD240,0x006DD248,8
FUN_006dd2f0,0x006DD2F0,0x006DD300,16
FUN_006dd3a8,0x006DD3A8,0x006DD3BC,20
FUN_006dd458,0x006DD458,0x006DD460,8
FUN_006dd4e0,0x006DD4E0,0x006DD514,52
FUN_006dd590,0x006DD590,0x006DD5C4,52
entry_006dd5b0,0x006DD5B0,0x006DD668,184
FUN_006dd668,0x006DD668,0x006DD74C,208
entry_006dd680,0x006DD680,0x006DD6B0,48
entry_006dd6b0,0x006DD6B0,0x006DD6D4,36
entry_006dd6d4,0x006DD6D4,0x006DD6EC,24
entry_006dd6ec,0x006DD6EC,0x006DD714,40
entry_006dd714,0x006DD714,0x006DD738,36
entry_006dd738,0x006DD738,0x006DD740,8
entry_006dd740,0x006DD740,0x006DD790,80
FUN_006dd790,0x006DD790,0x006DD7A0,16
FUN_006dd800,0x006DD800,0x006DD810,16
FUN_006dd878,0x006DD878,0x006DD8B0,56
FUN_006dd968,0x006DD968,0x006DD97C,20
FUN_006dda08,0x006DDA08,0x006DDA48,64
entry_006dda3c,0x006DDA3C,0x006DDA50,20
FUN_006dda50,0x006DDA50,0x006DDA5C,12
FUN_006ddad8,0x006DDAD8,0x006DDB3C,100
entry_006ddb08,0x006DDB08,0x006DDB38,48
entry_006ddb38,0x006DDB38,0x006DDE98,864
FUN_006dde98,0x006DDE98,0x006DE314,876
entry_006ddee0,0x006DDEE0,0x006DDEF4,20
entry_006ddef4,0x006DDEF4,0x006DDF00,12
entry_006ddf00,0x006DDF00,0x006DDFC4,196
entry_006ddfc4,0x006DDFC4,0x006DE00C,72
entry_006de00c,0x006DE00C,0x006DE018,12
entry_006de018,0x006DE018,0x006DE108,240
entry_006de108,0x006DE108,0x006DE124,28
entry_006de124,0x006DE124,0x006DE130,12
entry_006de130,0x006DE130,0x006DE1DC,172
entry_006de1dc,0x006DE1DC,0x006DE218,60
entry_006de218,0x006DE218,0x006DE228,16
entry_006de228,0x006DE228,0x006DE2F4,204
entry_006de2f4,0x006DE2F4,0x006DE310,28
entry_006de310,0x006DE310,0x006DE320,16
FUN_006de320,0x006DE320,0x006DE730,800
entry_006de36c,0x006DE36C,0x006DE380,20
entry_006de380,0x006DE380,0x006DE390,16
entry_006de390,0x006DE390,0x006DE448,184
entry_006de448,0x006DE448,0x006DE488,64
entry_006de488,0x006DE488,0x006DE490,8
entry_006de490,0x006DE490,0x006DE560,208
entry_006de560,0x006DE560,0x006DE57C,28
entry_006de57c,0x006DE57C,0x006DE588,12
entry_006de588,0x006DE588,0x006DE628,160
entry_006de628,0x006DE628,0x006DE65C,52
entry_006de65c,0x006DE65C,0x006DE668,12
entry_006de668,0x006DE668,0x006DE710,168
entry_006de710,0x006DE710,0x006DE72C,28
entry_006de72c,0x006DE72C,0x006DE740,20
FUN_006de740,0x006DE740,0x006DEB24,844
entry_006de788,0x006DE788,0x006DE79C,20
entry_006de79c,0x006DE79C,0x006DE7A8,12
entry_006de7a8,0x006DE7A8,0x006DE820,120
entry_006de820,0x006DE820,0x006DE828,8
entry_006de828,0x006DE828,0x006DE8C0,152
entry_006de8c0,0x006DE8C0,0x006DE8DC,28
entry_006de8dc,0x006DE8DC,0x006DE8E8,12
entry_006de8e8,0x006DE8E8,0x006DE9AC,196
entry_006de9ac,0x006DE9AC,0x006DE9F4,72
entry_006de9f4,0x006DE9F4,0x006DEA08,20
entry_006dea08,0x006DEA08,0x006DEB04,252
entry_006deb04,0x006DEB04,0x006DEB20,28
entry_006deb20,0x006DEB20,0x006DEB30,16
FUN_006deb30,0x006DEB30,0x006DEF3C,876
entry_006deb7c,0x006DEB7C,0x006DEB90,20
entry_006deb90,0x006DEB90,0x006DEBA0,16
entry_006deba0,0x006DEBA0,0x006DEC1C,124
entry_006dec1c,0x006DEC1C,0x006DEC20,4
entry_006dec20,0x006DEC20,0x006DECC0,160
entry_006decc0,0x006DECC0,0x006DECDC,28
entry_006decdc,0x006DECDC,0x006DECE8,12
entry_006dece8,0x006DECE8,0x006DEDB4,204
entry_006dedb4,0x006DEDB4,0x006DEE00,76
entry_006dee00,0x006DEE00,0x006DEE10,16
entry_006dee10,0x006DEE10,0x006DEF1C,268
entry_006def1c,0x006DEF1C,0x006DEF38,28
entry_006def38,0x006DEF38,0x006DF3C8,1168
FUN_006df3c8,0x006DF3C8,0x006DF3E8,32
FUN_006df600,0x006DF600,0x006DF620,32
FUN_006df7f0,0x006DF7F0,0x006DF7F4,4
FUN_006dfa88,0x006DFA88,0x006DFC24,324
entry_006dfab8,0x006DFAB8,0x006DFB44,140
entry_006dfb44,0x006DFB44,0x006DFB70,44
entry_006dfb70,0x006DFB70,0x006DFB80,16
entry_006dfb80,0x006DFB80,0x006DFC10,144
entry_006dfc10,0x006DFC10,0x006DFC38,40
FUN_006dfc38,0x006DFC38,0x006DFDC4,316
entry_006dfc68,0x006DFC68,0x006DFCF0,136
entry_006dfcf0,0x006DFCF0,0x006DFD18,40
entry_006dfd18,0x006DFD18,0x006DFD30,24
entry_006dfd30,0x006DFD30,0x006DFDB0,128
entry_006dfdb0,0x006DFDB0,0x006DFDD8,40
FUN_006dfdd8,0x006DFDD8,0x006DFF5C,304
entry_006dfe00,0x006DFE00,0x006DFE88,136
entry_006dfe88,0x006DFE88,0x006DFEB0,40
entry_006dfeb0,0x006DFEB0,0x006DFEC8,24
entry_006dfec8,0x006DFEC8,0x006DFF48,128
entry_006dff48,0x006DFF48,0x006DFF70,40
FUN_006dff70,0x006DFF70,0x006DFF90,32
FUN_006e0210,0x006E0210,0x006E022C,28
FUN_006e0448,0x006E0448,0x006E0450,8
FUN_006e0780,0x006E0780,0x006E0798,24
FUN_006e0a98,0x006E0A98,0x006E0AA0,8
FUN_006e0cb8,0x006E0CB8,0x006E0CC0,8
FUN_006e0ee8,0x006E0EE8,0x006E0EF0,8
FUN_006e15b0,0x006E15B0,0x006E1610,96
FUN_006e17d0,0x006E17D0,0x006E17E4,20
FUN_006e1cb0,0x006E1CB0,0x006E1CB8,8
FUN_006e1ef0,0x006E1EF0,0x006E1F10,32
FUN_006e21a0,0x006E21A0,0x006E2364,344
entry_006e230c,0x006E230C,0x006E27C0,1204
FUN_006e27c0,0x006E27C0,0x006E27E4,36
FUN_006e31e8,0x006E31E8,0x006E31F0,8
FUN_006e3898,0x006E3898,0x006E39AC,276
entry_006e38c8,0x006E38C8,0x006E38E8,32
entry_006e38e8,0x006E38E8,0x006E3904,28
entry_006e3904,0x006E3904,0x006E3914,16
entry_006e3914,0x006E3914,0x006E3928,20
entry_006e3928,0x006E3928,0x006E39C0,152
FUN_006e39c0,0x006E39C0,0x006E39CC,12
FUN_006e3ae0,0x006E3AE0,0x006E3AE8,8
FUN_006e3cb8,0x006E3CB8,0x006E3CCC,20
FUN_006e3db8,0x006E3DB8,0x006E3DBC,4
FUN_006e3f00,0x006E3F00,0x006E3F3C,60
entry_006e3f14,0x006E3F14,0x006E3F38,36
entry_006e3f38,0x006E3F38,0x006E3F48,16
FUN_006e3f48,0x006E3F48,0x006E3F60,24
FUN_006e4068,0x006E4068,0x006E4080,24
FUN_006e45d8,0x006E45D8,0x006E45E4,12
FUN_006e4848,0x006E4848,0x006E485C,20
FUN_006e4cc0,0x006E4CC0,0x006E4CC8,8
FUN_006e4ed8,0x006E4ED8,0x006E4EE4,12
FUN_006e5050,0x006E5050,0x006E505C,12
FUN_006e5220,0x006E5220,0x006E5224,4
FUN_006e53b8,0x006E53B8,0x006E58A8,604
entry_006e53cc,0x006E53CC,0x006E5538,364
entry_006e5538,0x006E5538,0x006E553C,4
entry_006e553c,0x006E553C,0x006E55D0,148
entry_006e55d0,0x006E55D0,0x006E55D8,8
entry_006e55d8,0x006E55D8,0x006E55E0,8
entry_006e55e0,0x006E55E0,0x006E57C0,480
entry_006e57c0,0x006E57C0,0x006E57C8,8
entry_006e57c8,0x006E57C8,0x006E5820,88
entry_006e5820,0x006E5820,0x006E5824,4
entry_006e5824,0x006E5824,0x006E5880,92
entry_006e5880,0x006E5880,0x006E5884,4
entry_006e5884,0x006E5884,0x006E58B8,52
FUN_006e58b8,0x006E58B8,0x006E58BC,4
FUN_006e5d70,0x006E5D70,0x006E5EBC,320
entry_006e5d88,0x006E5D88,0x006E5DD8,80
entry_006e5dd8,0x006E5DD8,0x006E5E60,136
entry_006e5e60,0x006E5E60,0x006E5E64,4
entry_006e5e64,0x006E5E64,0x006E5E7C,24
entry_006e5e7c,0x006E5E7C,0x006E5ED0,84
FUN_006e5ed0,0x006E5ED0,0x006E5ED4,4
FUN_006e6138,0x006E6138,0x006E613C,4
FUN_006e6330,0x006E6330,0x006E6338,8
FUN_006e6460,0x006E6460,0x006E6464,4
FUN_006e6640,0x006E6640,0x006E6658,24
FUN_006e6940,0x006E6940,0x006E694C,12
FUN_006e6a58,0x006E6A58,0x006E6B2C,212
entry_006e6ac4,0x006E6AC4,0x006E6AC8,4
entry_006e6ac8,0x006E6AC8,0x006E6ACC,4
entry_006e6acc,0x006E6ACC,0x006E6AD4,8
entry_006e6ad4,0x006E6AD4,0x006E6B04,48
entry_006e6b04,0x006E6B04,0x006E6B28,36
entry_006e6b28,0x006E6B28,0x006E6B38,16
FUN_006e6b38,0x006E6B38,0x006E6B3C,4
FUN_006e6c20,0x006E6C20,0x006E6CA4,132
entry_006e6c40,0x006E6C40,0x006E6C5C,28
entry_006e6c5c,0x006E6C5C,0x006E6C74,24
entry_006e6c74,0x006E6C74,0x006E6CB8,68
FUN_006e6cb8,0x006E6CB8,0x006E6CF8,64
entry_006e6ce4,0x006E6CE4,0x006E6D00,28
FUN_006e6d00,0x006E6D00,0x006E6D38,44
entry_006e6d1c,0x006E6D1C,0x006E6D30,20
entry_006e6d30,0x006E6D30,0x006E6D40,16
FUN_006e6d40,0x006E6D40,0x006E6D9C,92
FUN_006e6da8,0x006E6DA8,0x006E6DB0,8
FUN_006e7840,0x006E7840,0x006E7C38,56
entry_006e7c30,0x006E7C30,0x006E7C50,32
FUN_006e7c50,0x006E7C50,0x006E7C9C,56
entry_006e7c94,0x006E7C94,0x006E7E48,436
FUN_006e7e48,0x006E7E48,0x006E7E50,8
FUN_006e8848,0x006E8848,0x006E8850,8
FUN_006e8cc8,0x006E8CC8,0x006E923C,80
entry_006e9210,0x006E9210,0x006E9238,40
entry_006e9238,0x006E9238,0x006E9248,16
FUN_006e9248,0x006E9248,0x006E9270,40
FUN_006ea548,0x006EA548,0x006EA584,60
entry_006eb7e0,0x006EB7E0,0x006EB8E8,264
entry_006eb8e8,0x006EB8E8,0x006EB9C4,220
entry_006eb9c4,0x006EB9C4,0x006EBA20,92
entry_006eba20,0x006EBA20,0x006EBA9C,124
entry_006eba9c,0x006EBA9C,0x006EBAD8,60
entry_006ebad8,0x006EBAD8,0x006EBB20,72
entry_006ebb20,0x006EBB20,0x006EBCE4,452
entry_006ebce4,0x006EBCE4,0x006EBD08,36
entry_006ebd08,0x006EBD08,0x006EBDFC,244
entry_006ebdfc,0x006EBDFC,0x006EC040,580
entry_006ec040,0x006EC040,0x006EC044,4
entry_006ec044,0x006EC044,0x006EC048,4
entry_006ec048,0x006EC048,0x006EC088,64
FUN_006ec088,0x006EC088,0x006EC090,8
FUN_006ec8a8,0x006EC8A8,0x006EC8B4,12
FUN_006ecac0,0x006ECAC0,0x006ECAC8,8
FUN_006ecda8,0x006ECDA8,0x006ECDB0,8
FUN_006ed160,0x006ED160,0x006ED168,8
FUN_006ed440,0x006ED440,0x006ED448,8
FUN_006ed7f0,0x006ED7F0,0x006ED808,24
FUN_006ee0c0,0x006EE0C0,0x006EE0C4,4
FUN_006ee2d0,0x006EE2D0,0x006EE2D8,8
FUN_006ee5b8,0x006EE5B8,0x006EE5C0,8
FUN_006ee900,0x006EE900,0x006EE920,32
FUN_006ee9f0,0x006EE9F0,0x006EE9F4,4
FUN_006eec20,0x006EEC20,0x006EEC6C,76
FUN_006eeed0,0x006EEED0,0x006EEED4,4
FUN_006ef1c0,0x006EF1C0,0x006EF298,216
entry_006ef1f0,0x006EF1F0,0x006EF208,24
entry_006ef208,0x006EF208,0x006EF238,48
entry_006ef238,0x006EF238,0x006EF2B0,120
FUN_006ef2b0,0x006EF2B0,0x006EF2C8,24
FUN_006efd28,0x006EFD28,0x006EFD30,8
FUN_006f0a38,0x006F0A38,0x006F0A40,8
FUN_006f0d68,0x006F0D68,0x006F0E94,52
entry_006f0d80,0x006F0D80,0x006F0E90,272
entry_006f0e90,0x006F0E90,0x006F0EA0,16
FUN_006f0ea0,0x006F0EA0,0x006F0F60,88
entry_006f0ec0,0x006F0EC0,0x006F0ED0,16
entry_006f0ed0,0x006F0ED0,0x006F0F4C,124
entry_006f0f4c,0x006F0F4C,0x006F0FD0,132
FUN_006f0fd0,0x006F0FD0,0x006F11A4,468
entry_006f1010,0x006F1010,0x006F102C,28
entry_006f102c,0x006F102C,0x006F1050,36
entry_006f1050,0x006F1050,0x006F1060,16
entry_006f1060,0x006F1060,0x006F107C,28
entry_006f107c,0x006F107C,0x006F109C,32
entry_006f109c,0x006F109C,0x006F10E8,76
entry_006f10e8,0x006F10E8,0x006F1104,28
entry_006f1104,0x006F1104,0x006F1128,36
entry_006f1128,0x006F1128,0x006F1144,28
entry_006f1144,0x006F1144,0x006F1160,28
entry_006f1160,0x006F1160,0x006F117C,28
entry_006f117c,0x006F117C,0x006F11B0,52
FUN_006f11b0,0x006F11B0,0x006F1394,484
entry_006f1200,0x006F1200,0x006F121C,28
entry_006f121c,0x006F121C,0x006F1240,36
entry_006f1240,0x006F1240,0x006F1250,16
entry_006f1250,0x006F1250,0x006F126C,28
entry_006f126c,0x006F126C,0x006F128C,32
entry_006f128c,0x006F128C,0x006F12D8,76
entry_006f12d8,0x006F12D8,0x006F12F4,28
entry_006f12f4,0x006F12F4,0x006F1318,36
entry_006f1318,0x006F1318,0x006F1334,28
entry_006f1334,0x006F1334,0x006F1350,28
entry_006f1350,0x006F1350,0x006F136C,28
entry_006f136c,0x006F136C,0x006F13A0,52
FUN_006f13a0,0x006F13A0,0x006F146C,204
entry_006f1464,0x006F1464,0x006F1468,4
entry_006f1468,0x006F1468,0x006F1478,16
FUN_006f1478,0x006F1478,0x006F1480,8
FUN_006f1b98,0x006F1B98,0x006F1BE4,32
entry_006f1bdc,0x006F1BDC,0x006F1C80,164
FUN_006f1c80,0x006F1C80,0x006F1CB0,48
entry_006f1ca8,0x006F1CA8,0x006F1CAC,4
entry_006f1cac,0x006F1CAC,0x006F1F90,740
FUN_006f1f90,0x006F1F90,0x006F1F94,4
FUN_006f2078,0x006F2078,0x006F2079,1
FUN_006f2080,0x006F2080,0x006F2130,176
entry_006f212c,0x006F212C,0x006F2138,12
FUN_006f2138,0x006F2138,0x006F2144,12
FUN_006f21b0,0x006F21B0,0x006F21B4,4
FUN_006f2228,0x006F2228,0x006F22C0,152
FUN_006f22e0,0x006F22E0,0x006F2360,128
entry_006f22fc,0x006F22FC,0x006F235C,96
entry_006f235c,0x006F235C,0x006F2388,44
FUN_006f2388,0x006F2388,0x006F2390,8
FUN_006f2440,0x006F2440,0x006F2444,4
FUN_006f25a0,0x006F25A0,0x006F25A8,8
FUN_006f2888,0x006F2888,0x006F29EC,316
entry_006f28b0,0x006F28B0,0x006F28B8,8
entry_006f28b8,0x006F28B8,0x006F2978,192
entry_006f2978,0x006F2978,0x006F2AE0,360
FUN_006f2ae0,0x006F2AE0,0x006F2AE4,4
FUN_006f2c58,0x006F2C58,0x006F2CCC,116
FUN_006f2da0,0x006F2DA0,0x006F2DA8,8
FUN_006f34e8,0x006F34E8,0x006F34F0,8
FUN_006f3930,0x006F3930,0x006F3938,8
FUN_006f54e8,0x006F54E8,0x006F54F4,12
FUN_006f6b48,0x006F6B48,0x006F6B54,12
FUN_006f8560,0x006F8560,0x006F85C4,96
entry_006f85b0,0x006F85B0,0x006F85BC,12
entry_006f85bc,0x006F85BC,0x006F85C0,4
entry_006f85c0,0x006F85C0,0x006F85D0,16
FUN_006f85d0,0x006F85D0,0x006F8600,44
entry_006f85ec,0x006F85EC,0x006F8610,36
FUN_006f8610,0x006F8610,0x006F864C,60
entry_006f8648,0x006F8648,0x006F8690,72
FUN_006f8690,0x006F8690,0x006F8698,8
FUN_006f8818,0x006F8818,0x006F881C,4
FUN_006f9760,0x006F9760,0x006F9BCC,60
entry_006f9bc8,0x006F9BC8,0x006F9F70,936
FUN_006f9f70,0x006F9F70,0x006F9F8C,28
FUN_006fa848,0x006FA848,0x006FA858,16
FUN_006fab08,0x006FAB08,0x006FAB24,28
FUN_006fae90,0x006FAE90,0x006FAEA8,24
FUN_006fb1e8,0x006FB1E8,0x006FB210,40
FUN_006fb580,0x006FB580,0x006FB590,16
FUN_006fb6e8,0x006FB6E8,0x006FB6FC,20
FUN_006fb898,0x006FB898,0x006FB89C,4
FUN_006fbc28,0x006FBC28,0x006FBC2C,4
FUN_006fc248,0x006FC248,0x006FC250,8
FUN_006fc4f8,0x006FC4F8,0x006FC500,8
FUN_006fc780,0x006FC780,0x006FC794,20
FUN_006fcb30,0x006FCB30,0x006FCB44,20
FUN_006fd1a0,0x006FD1A0,0x006FD1A8,8
FUN_006fd470,0x006FD470,0x006FD47C,12
FUN_006fda28,0x006FDA28,0x006FDA70,72
FUN_006fda78,0x006FDA78,0x006FDA79,1
FUN_006fde88,0x006FDE88,0x006FDE8C,4
FUN_006fe080,0x006FE080,0x006FE088,8
FUN_006fe2b8,0x006FE2B8,0x006FE2B9,1
FUN_006fe618,0x006FE618,0x006FE624,12
FUN_006fef28,0x006FEF28,0x006FEF44,28
FUN_006ff448,0x006FF448,0x006FF524,220
entry_006ff4a8,0x006FF4A8,0x006FF4E0,56
entry_006ff4e0,0x006FF4E0,0x006FF4EC,12
entry_006ff4ec,0x006FF4EC,0x006FF548,92
FUN_006ff548,0x006FF548,0x006FF640,168
entry_006ff5a0,0x006FF5A0,0x006FF5C0,32
entry_006ff5c0,0x006FF5C0,0x006FF614,84
entry_006ff614,0x006FF614,0x006FF62C,24
entry_006ff62c,0x006FF62C,0x006FF678,76
FUN_006ff678,0x006FF678,0x006FF680,8
FUN_006ffa28,0x006FFA28,0x006FFA3C,20
FUN_006ffe38,0x006FFE38,0x006FFE40,8
FUN_00700038,0x00700038,0x007002FC,452
entry_00700134,0x00700134,0x00700184,80
entry_00700184,0x00700184,0x00700194,16
entry_00700194,0x00700194,0x00700248,180
entry_00700248,0x00700248,0x00700284,60
entry_00700284,0x00700284,0x007002F0,108
entry_007002f0,0x007002F0,0x007002F8,8
entry_007002f8,0x007002F8,0x00700310,24
FUN_00700310,0x00700310,0x00700324,20
FUN_00700690,0x00700690,0x0070069C,12
FUN_007008a0,0x007008A0,0x007008C8,32
entry_007008c4,0x007008C4,0x00700AB0,492
FUN_00700ab0,0x00700AB0,0x00700AD0,32
entry_00700ac8,0x00700AC8,0x00700AD8,16
FUN_00700ad8,0x00700AD8,0x00700AE0,8
FUN_00700b78,0x00700B78,0x00700B79,1
FUN_00700d40,0x00700D40,0x00700EB4,160
entry_00700e54,0x00700E54,0x00700E98,68
entry_00700e98,0x00700E98,0x00700ED0,56
FUN_00700ed0,0x00700ED0,0x00700EF4,36
FUN_00701058,0x00701058,0x007012DC,136
entry_00701138,0x00701138,0x00701160,40
entry_00701160,0x00701160,0x007012C0,352
entry_007012c0,0x007012C0,0x007012F0,48
FUN_007012f0,0x007012F0,0x00701308,24
FUN_007013b0,0x007013B0,0x007013B8,8
FUN_00701428,0x00701428,0x00701430,8
FUN_007014d0,0x007014D0,0x00701514,60
entry_0070150c,0x0070150C,0x00701520,20
FUN_00701520,0x00701520,0x00701528,8
FUN_00701618,0x00701618,0x00701628,16
FUN_00701748,0x00701748,0x00701750,8
FUN_00701848,0x00701848,0x00701890,60
entry_00701868,0x00701868,0x00701884,28
entry_00701884,0x00701884,0x00701898,20
FUN_00701898,0x00701898,0x007018B0,24
FUN_007018c8,0x007018C8,0x007018E4,28
FUN_00701900,0x00701900,0x0070190C,12
FUN_00701aa8,0x00701AA8,0x00701AB0,8
FUN_00701d50,0x00701D50,0x00701D54,4
FUN_00702040,0x00702040,0x007020E4,76
entry_007020e0,0x007020E0,0x007020F8,24
FUN_007020f8,0x007020F8,0x007020FC,4
FUN_00702510,0x00702510,0x0070252C,28
FUN_00702658,0x00702658,0x00702684,44
FUN_007026b8,0x007026B8,0x007026C0,8
FUN_00702748,0x00702748,0x0070275C,20
FUN_00702890,0x00702890,0x007028A8,24
FUN_007029a8,0x007029A8,0x007029B8,16
FUN_00702a40,0x00702A40,0x00702A50,16
FUN_00702ad8,0x00702AD8,0x00702AE8,16
FUN_00702b70,0x00702B70,0x00702B78,8
FUN_00702be8,0x00702BE8,0x00702C00,24
FUN_00702c40,0x00702C40,0x00702C78,32
entry_00702c6c,0x00702C6C,0x00702C80,20
FUN_00702c80,0x00702C80,0x00702C88,8
FUN_00702eb0,0x00702EB0,0x00702ED0,32
FUN_00703150,0x00703150,0x00703158,8
FUN_007035c0,0x007035C0,0x007035CC,12
FUN_007039a0,0x007039A0,0x007039A4,4
FUN_00703b80,0x00703B80,0x00703B88,8
FUN_00703f58,0x00703F58,0x007043C8,616
entry_00703fac,0x00703FAC,0x00704140,404
entry_00704140,0x00704140,0x0070415C,28
entry_0070415c,0x0070415C,0x00704198,60
entry_00704198,0x00704198,0x007041F8,96
entry_007041f8,0x007041F8,0x00704234,60
entry_00704234,0x00704234,0x00704268,52
entry_00704268,0x00704268,0x0070426C,4
entry_0070426c,0x0070426C,0x00704274,8
entry_00704274,0x00704274,0x00704280,12
entry_00704280,0x00704280,0x007042B0,48
entry_007042b0,0x007042B0,0x007042E0,48
entry_007042e0,0x007042E0,0x00704310,48
entry_00704310,0x00704310,0x00704340,48
entry_00704340,0x00704340,0x00704344,4
entry_00704344,0x00704344,0x0070434C,8
entry_0070434c,0x0070434C,0x007043A0,84
entry_007043a0,0x007043A0,0x007043C0,32
entry_007043c0,0x007043C0,0x007043D8,24
FUN_007043d8,0x007043D8,0x007043DC,4
FUN_00704e00,0x00704E00,0x00704E14,20
FUN_00704f90,0x00704F90,0x00704FA8,24
FUN_007052a0,0x007052A0,0x007052B8,24
FUN_00705440,0x00705440,0x00705450,16
FUN_00705d68,0x00705D68,0x00705D84,28
FUN_00705f78,0x00705F78,0x0070600C,136
entry_00705fc0,0x00705FC0,0x00705FEC,44
entry_00705fec,0x00705FEC,0x00705FF8,12
entry_00705ff8,0x00705FF8,0x00706004,12
entry_00706004,0x00706004,0x00706008,4
entry_00706008,0x00706008,0x00706018,16
FUN_00706018,0x00706018,0x00706144,44
entry_00706140,0x00706140,0x00706158,24
FUN_00706158,0x00706158,0x0070615C,4
FUN_00706238,0x00706238,0x00706239,1
FUN_00706240,0x00706240,0x00706250,16
FUN_007062e8,0x007062E8,0x007062F0,8
FUN_00706390,0x00706390,0x007063A4,20
FUN_00706648,0x00706648,0x00706694,76
entry_00706680,0x00706680,0x00706878,504
FUN_00706878,0x00706878,0x00706894,28
FUN_00706be8,0x00706BE8,0x00706BF0,8
FUN_00707388,0x00707388,0x00707390,8
FUN_007079f0,0x007079F0,0x00707A00,16
FUN_00707de8,0x00707DE8,0x00707DFC,20
FUN_00708390,0x00708390,0x00708394,4
FUN_007084c8,0x007084C8,0x007084D0,8
FUN_00708518,0x00708518,0x00708528,16
FUN_00708770,0x00708770,0x00708788,24
FUN_00708908,0x00708908,0x00708918,16
FUN_00708b50,0x00708B50,0x00708B60,16
FUN_00708e40,0x00708E40,0x00708E48,8
FUN_00709288,0x00709288,0x007092B0,40
FUN_00709420,0x00709420,0x00709430,16
FUN_007094c0,0x007094C0,0x007094C4,4
FUN_00709570,0x00709570,0x00709584,20
FUN_00709590,0x00709590,0x007096F0,236
entry_0070961c,0x0070961C,0x00709650,52
entry_00709650,0x00709650,0x007096C4,116
entry_007096c4,0x007096C4,0x007096E0,28
entry_007096e0,0x007096E0,0x007096EC,12
entry_007096ec,0x007096EC,0x007096F8,12
FUN_007096f8,0x007096F8,0x00709700,8
FUN_007098e0,0x007098E0,0x00709934,76
entry_00709928,0x00709928,0x00709940,24
FUN_00709940,0x00709940,0x00709A60,108
entry_00709a38,0x00709A38,0x00709A80,72
FUN_00709a80,0x00709A80,0x00709AC4,68
entry_00709aa4,0x00709AA4,0x00709AD0,44
FUN_00709ad0,0x00709AD0,0x00709AD4,4
FUN_0070a3f0,0x0070A3F0,0x0070A3F8,8
FUN_0070a640,0x0070A640,0x0070A64C,12
FUN_0070a7d8,0x0070A7D8,0x0070A800,40
FUN_0070a8a8,0x0070A8A8,0x0070A8BC,20
FUN_0070a960,0x0070A960,0x0070A968,8
FUN_0070aaf0,0x0070AAF0,0x0070AB04,20
FUN_0070ac38,0x0070AC38,0x0070AC5C,36
FUN_0070ace8,0x0070ACE8,0x0070ACFC,20
FUN_0070ad90,0x0070AD90,0x0070ADE4,84
entry_0070add8,0x0070ADD8,0x0070ADF0,24
FUN_0070adf0,0x0070ADF0,0x0070AE18,40
FUN_0070ae38,0x0070AE38,0x0070AE48,16
FUN_0070af60,0x0070AF60,0x0070AF84,36
FUN_0070b020,0x0070B020,0x0070B028,8
FUN_0070b1c8,0x0070B1C8,0x0070B1E0,24
FUN_0070b308,0x0070B308,0x0070B30C,4
FUN_0070b4d0,0x0070B4D0,0x0070B4EC,28
FUN_0070b658,0x0070B658,0x0070B68C,52
FUN_0070b6b0,0x0070B6B0,0x0070B6B8,8
FUN_0070b700,0x0070B700,0x0070B710,16
FUN_0070b868,0x0070B868,0x0070B86C,4
FUN_0070b9e0,0x0070B9E0,0x0070B9F4,20
entry_0070bb7c,0x0070BB7C,0x0070BBA0,36
FUN_0070bba0,0x0070BBA0,0x0070BBC4,36
entry_0070bc00,0x0070BC00,0x0070BC48,72
entry_0070bc48,0x0070BC48,0x0070BC4C,4
entry_0070bc4c,0x0070BC4C,0x0070BC58,12
FUN_0070bc58,0x0070BC58,0x0070BC74,28
FUN_0070bdc0,0x0070BDC0,0x0070BEB8,244
entry_0070be24,0x0070BE24,0x0070BE30,12
entry_0070be30,0x0070BE30,0x0070BE48,24
entry_0070be48,0x0070BE48,0x0070BE88,64
entry_0070be88,0x0070BE88,0x0070BE90,8
entry_0070be90,0x0070BE90,0x0070BEB0,32
entry_0070beb0,0x0070BEB0,0x0070BEB4,4
entry_0070beb4,0x0070BEB4,0x0070BEF8,68
FUN_0070bef8,0x0070BEF8,0x0070BF64,100
entry_0070bf34,0x0070BF34,0x0070BF3C,8
entry_0070bf3c,0x0070BF3C,0x0070BF60,36
entry_0070bf60,0x0070BF60,0x0070BFC0,96
FUN_0070bfc0,0x0070BFC0,0x0070BFCC,12
FUN_0070c118,0x0070C118,0x0070C124,12
FUN_0070c170,0x0070C170,0x0070C17C,12
FUN_0070c208,0x0070C208,0x0070C22C,36
FUN_0070c2f0,0x0070C2F0,0x0070C300,16
entry_0070c348,0x0070C348,0x0070C368,32
entry_0070c368,0x0070C368,0x0070C388,32
entry_0070c388,0x0070C388,0x0070C454,204
entry_0070c454,0x0070C454,0x0070C488,52
FUN_0070c488,0x0070C488,0x0070C48C,4
entry_0070c4f0,0x0070C4F0,0x0070C568,120
FUN_0070c568,0x0070C568,0x0070C5A8,64
entry_0070c594,0x0070C594,0x0070C5B8,36
FUN_0070c5b8,0x0070C5B8,0x0070C5E4,44
entry_0070c5dc,0x0070C5DC,0x0070C5F0,20
FUN_0070c5f0,0x0070C5F0,0x0070C5F8,8
FUN_0070c640,0x0070C640,0x0070C678,56
entry_0070c670,0x0070C670,0x0070C688,24
FUN_0070c688,0x0070C688,0x0070C6A0,24
FUN_0070c6b8,0x0070C6B8,0x0070C6D0,24
FUN_0070c6e8,0x0070C6E8,0x0070C700,24
FUN_0070c718,0x0070C718,0x0070C7B8,140
entry_0070c780,0x0070C780,0x0070C7B0,48
entry_0070c7b0,0x0070C7B0,0x0070C920,368
FUN_0070c920,0x0070C920,0x0070C934,20
FUN_0070ca78,0x0070CA78,0x0070CA80,8
FUN_0070cae0,0x0070CAE0,0x0070CAE8,8
FUN_0070cb78,0x0070CB78,0x0070CC54,144
entry_0070cbe4,0x0070CBE4,0x0070CC00,28
entry_0070cc00,0x0070CC00,0x0070CC08,8
entry_0070cc08,0x0070CC08,0x0070CC28,32
entry_0070cc28,0x0070CC28,0x0070CC60,56
FUN_0070cc60,0x0070CC60,0x0070CC68,8
entry_0070cdb0,0x0070CDB0,0x0070CE90,224
FUN_0070ce90,0x0070CE90,0x0070CE9C,12
FUN_0070cf58,0x0070CF58,0x0070CF60,8
FUN_0070d088,0x0070D088,0x0070D090,8
FUN_0070dd38,0x0070DD38,0x0070DD48,16
FUN_0070e3c0,0x0070E3C0,0x0070E3D8,24
FUN_0070e6c8,0x0070E6C8,0x0070E6D8,16
FUN_0070e890,0x0070E890,0x0070E898,8
FUN_0070f110,0x0070F110,0x0070F138,40
FUN_0070faa8,0x0070FAA8,0x0070FAC4,28
FUN_00710580,0x00710580,0x007105AC,44
FUN_00710ec8,0x00710EC8,0x00710ED0,8
FUN_00710f48,0x00710F48,0x00710F58,16
FUN_00711770,0x00711770,0x00711774,4
FUN_007117f0,0x007117F0,0x007117F4,4
FUN_00711f80,0x00711F80,0x00711F88,8
FUN_00712978,0x00712978,0x00712980,8
FUN_00712d70,0x00712D70,0x00712DE8,120
FUN_00712e70,0x00712E70,0x00712E80,16
FUN_007132c0,0x007132C0,0x007132D0,16
FUN_007137e8,0x007137E8,0x007137EC,4
FUN_00713b78,0x00713B78,0x00713D08,392
entry_00713ba8,0x00713BA8,0x00713BD8,48
entry_00713bd8,0x00713BD8,0x00713BF4,28
entry_00713bf4,0x00713BF4,0x00713C18,36
entry_00713c18,0x00713C18,0x00713C34,28
entry_00713c34,0x00713C34,0x00713C4C,24
entry_00713c4c,0x00713C4C,0x00713C64,24
entry_00713c64,0x00713C64,0x00713C7C,24
entry_00713c7c,0x00713C7C,0x00713C94,24
entry_00713c94,0x00713C94,0x00713CAC,24
entry_00713cac,0x00713CAC,0x00713CC4,24
entry_00713cc4,0x00713CC4,0x00713CDC,24
entry_00713cdc,0x00713CDC,0x00713CF4,24
entry_00713cf4,0x00713CF4,0x00713D48,84
FUN_00713d48,0x00713D48,0x00713D6C,36
FUN_00713db8,0x00713DB8,0x00713DBC,4
FUN_00713e08,0x00713E08,0x00713E18,16
FUN_00713e28,0x00713E28,0x00713E44,28
FUN_00713e68,0x00713E68,0x00713E70,8
FUN_00714010,0x00714010,0x00714030,32
FUN_00714050,0x00714050,0x00714058,8
FUN_00714110,0x00714110,0x00714118,8
FUN_007142c8,0x007142C8,0x007142EC,36
FUN_007145a8,0x007145A8,0x007145B0,8
FUN_00714b68,0x00714B68,0x00714B70,8
FUN_007153b8,0x007153B8,0x007153D0,24
FUN_00715740,0x00715740,0x00715750,16
FUN_00715d70,0x00715D70,0x00715D80,16
FUN_00716310,0x00716310,0x00716318,8
FUN_00716878,0x00716878,0x00716880,8
FUN_00716de0,0x00716DE0,0x00716DF0,16
FUN_00717418,0x00717418,0x00717678,312
entry_00717460,0x00717460,0x007175A0,320
entry_007175a0,0x007175A0,0x007175D0,48
entry_007175d0,0x007175D0,0x007175EC,28
entry_007175ec,0x007175EC,0x00717610,36
entry_00717610,0x00717610,0x0071762C,28
entry_0071762c,0x0071762C,0x00717634,8
entry_00717634,0x00717634,0x0071763C,8
entry_0071763c,0x0071763C,0x00717644,8
entry_00717644,0x00717644,0x0071764C,8
entry_0071764c,0x0071764C,0x00717654,8
entry_00717654,0x00717654,0x0071765C,8
entry_0071765c,0x0071765C,0x00717664,8
entry_00717664,0x00717664,0x0071766C,8
entry_0071766c,0x0071766C,0x00717670,4
entry_00717670,0x00717670,0x00717674,4
entry_00717674,0x00717674,0x00717680,12
FUN_00717680,0x00717680,0x00717690,16
FUN_00717720,0x00717720,0x00717730,16
FUN_00717898,0x00717898,0x007178B0,24
FUN_00717968,0x00717968,0x00717988,32
FUN_00717a40,0x00717A40,0x00717A4C,12
FUN_00717ad0,0x00717AD0,0x00717B90,192
entry_00717b0c,0x00717B0C,0x00717B10,4
entry_00717b10,0x00717B10,0x00717B80,112
entry_00717b80,0x00717B80,0x00717BD8,88
FUN_00717bd8,0x00717BD8,0x00717C50,120
entry_00717c04,0x00717C04,0x00717C38,52
entry_00717c38,0x00717C38,0x00717CD8,160
FUN_00717cd8,0x00717CD8,0x00717CE4,12
FUN_00717d60,0x00717D60,0x00717D68,8
FUN_00717fa8,0x00717FA8,0x00717FC0,24
FUN_00718500,0x00718500,0x00718504,4
FUN_00718788,0x00718788,0x00718790,8
FUN_00718980,0x00718980,0x0071898C,12
FUN_00718b20,0x00718B20,0x00718B30,16
FUN_00718c40,0x00718C40,0x00718D84,240
entry_00718c74,0x00718C74,0x00718CE8,116
entry_00718ce8,0x00718CE8,0x00718CF8,16
entry_00718cf8,0x00718CF8,0x00718D60,104
entry_00718d60,0x00718D60,0x00718D80,32
entry_00718d80,0x00718D80,0x00718D90,16
FUN_00718d90,0x00718D90,0x00718E8C,88
entry_00718dbc,0x00718DBC,0x00718E88,204
entry_00718e88,0x00718E88,0x00718E98,16
FUN_00718e98,0x00718E98,0x00718FB4,100
entry_00718ecc,0x00718ECC,0x00718FB0,228
entry_00718fb0,0x00718FB0,0x00718FC0,16
FUN_00718fc0,0x00718FC0,0x00719154,404
entry_00719018,0x00719018,0x00719068,80
entry_00719068,0x00719068,0x0071908C,36
entry_0071908c,0x0071908C,0x007190B8,44
entry_007190b8,0x007190B8,0x00719150,152
entry_00719150,0x00719150,0x00719160,16
FUN_00719160,0x00719160,0x007192F4,308
entry_00719194,0x00719194,0x00719218,132
entry_00719218,0x00719218,0x00719248,48
entry_00719248,0x00719248,0x007192F0,168
entry_007192f0,0x007192F0,0x00719300,16
FUN_00719300,0x00719300,0x00719414,276
entry_00719340,0x00719340,0x00719380,64
entry_00719380,0x00719380,0x00719398,24
entry_00719398,0x00719398,0x007193B8,32
entry_007193b8,0x007193B8,0x00719410,88
entry_00719410,0x00719410,0x00719420,16
FUN_00719420,0x00719420,0x0071953C,280
entry_00719454,0x00719454,0x0071949C,72
entry_0071949c,0x0071949C,0x007194B8,28
entry_007194b8,0x007194B8,0x007194D0,24
entry_007194d0,0x007194D0,0x00719528,88
entry_00719528,0x00719528,0x00719538,16
entry_00719538,0x00719538,0x00719548,16
FUN_00719548,0x00719548,0x007195E4,156
FUN_007195f0,0x007195F0,0x00719614,36
FUN_007196f0,0x007196F0,0x007196F8,8
FUN_00719aa8,0x00719AA8,0x00719ABC,20
FUN_00719d18,0x00719D18,0x00719D30,24
FUN_0071a270,0x0071A270,0x0071A280,16
FUN_0071a4a0,0x0071A4A0,0x0071A4A8,8
FUN_0071a698,0x0071A698,0x0071A6A4,12
FUN_0071a838,0x0071A838,0x0071A848,16
FUN_0071a958,0x0071A958,0x0071A9EC,148
FUN_0071a9f8,0x0071A9F8,0x0071AA00,8
FUN_0071ac28,0x0071AC28,0x0071AC38,16
FUN_0071b0b8,0x0071B0B8,0x0071B114,92
entry_0071b10c,0x0071B10C,0x0071B128,28
FUN_0071b128,0x0071B128,0x0071B134,12
FUN_0071b6b8,0x0071B6B8,0x0071B6C4,12
FUN_0071b790,0x0071B790,0x0071B798,8
FUN_0071bb68,0x0071BB68,0x0071BB70,8
FUN_0071bf58,0x0071BF58,0x0071BF78,32
FUN_0071c2d0,0x0071C2D0,0x0071C2DC,12
FUN_0071c428,0x0071C428,0x0071C43C,20
FUN_0071c508,0x0071C508,0x0071C514,12
FUN_0071c840,0x0071C840,0x0071C844,4
FUN_0071d638,0x0071D638,0x0071D63C,4
FUN_0071e6a8,0x0071E6A8,0x0071E6B4,12
FUN_00720590,0x00720590,0x00720594,4
FUN_007220b0,0x007220B0,0x007220B4,4
FUN_00724b68,0x00724B68,0x00724B78,16
FUN_00727420,0x00727420,0x00727424,4
FUN_00729058,0x00729058,0x00729060,8
entry_0072b8fc,0x0072B8FC,0x0072B9C8,204
FUN_0072bd50,0x0072BD50,0x0072BD58,8
FUN_0072ccf0,0x0072CCF0,0x0072CD00,16
FUN_0072dcd0,0x0072DCD0,0x0072DCD4,4
FUN_0072eb40,0x0072EB40,0x0072EB44,4
FUN_0072f570,0x0072F570,0x0072F734,424
entry_0072f5a8,0x0072F5A8,0x0072F614,108
entry_0072f614,0x0072F614,0x0072F648,52
entry_0072f648,0x0072F648,0x0072F658,16
entry_0072f658,0x0072F658,0x0072F6FC,164
entry_0072f6fc,0x0072F6FC,0x0072F740,68
FUN_0072f740,0x0072F740,0x0072F8FC,440
entry_0072f794,0x0072F794,0x0072F7F0,92
entry_0072f7f0,0x0072F7F0,0x0072F820,48
entry_0072f820,0x0072F820,0x0072F830,16
entry_0072f830,0x0072F830,0x0072F8C8,152
entry_0072f8c8,0x0072F8C8,0x0072F8F8,48
entry_0072f8f8,0x0072F8F8,0x0072F908,16
FUN_0072f908,0x0072F908,0x0072FA9C,400
entry_0072f934,0x0072F934,0x0072F990,92
entry_0072f990,0x0072F990,0x0072F9C0,48
entry_0072f9c0,0x0072F9C0,0x0072F9D0,16
entry_0072f9d0,0x0072F9D0,0x0072FA68,152
entry_0072fa68,0x0072FA68,0x0072FA98,48
entry_0072fa98,0x0072FA98,0x0072FAA8,16
FUN_0072faa8,0x0072FAA8,0x0072FC0C,332
entry_0072fae0,0x0072FAE0,0x0072FB58,120
entry_0072fb58,0x0072FB58,0x0072FC18,192
FUN_0072fc18,0x0072FC18,0x0072FD9C,388
entry_0072fc78,0x0072FC78,0x0072FCF0,120
entry_0072fcf0,0x0072FCF0,0x0072FD98,168
entry_0072fd98,0x0072FD98,0x0072FDA8,16
FUN_0072fda8,0x0072FDA8,0x0072FF44,412
entry_0072fe18,0x0072FE18,0x0072FE98,128
entry_0072fe98,0x0072FE98,0x0072FF40,168
entry_0072ff40,0x0072FF40,0x00730B18,3032
FUN_00730b18,0x00730B18,0x00730B24,12
FUN_00730dd0,0x00730DD0,0x00730FB4,484
entry_00730df8,0x00730DF8,0x00730FC0,456
FUN_00730fc0,0x00730FC0,0x00730FC4,4
FUN_007312c0,0x007312C0,0x007312CC,12
FUN_007318b8,0x007318B8,0x007318BC,4
FUN_00731c58,0x00731C58,0x00731DE0,392
entry_00731c88,0x00731C88,0x00731DE8,352
FUN_00731de8,0x00731DE8,0x00731FC8,480
entry_00731e18,0x00731E18,0x00731FD0,440
FUN_00731fd0,0x00731FD0,0x00731FE0,16
FUN_007325f0,0x007325F0,0x00732600,16
FUN_00732750,0x00732750,0x0073275C,12
FUN_007336d8,0x007336D8,0x007336EC,20
FUN_007336f8,0x007336F8,0x0073370C,20
FUN_007337c0,0x007337C0,0x00733904,216
entry_00733900,0x00733900,0x00733930,48
FUN_00733930,0x00733930,0x00733944,20
FUN_007340f0,0x007340F0,0x007343B4,316
entry_00734198,0x00734198,0x007341AC,20
entry_007341ac,0x007341AC,0x0073425C,176
entry_0073425c,0x0073425C,0x0073426C,16
entry_0073426c,0x0073426C,0x00734280,20
entry_00734280,0x00734280,0x00734384,260
entry_00734384,0x00734384,0x007343A0,28
entry_007343a0,0x007343A0,0x007343C8,40
FUN_007343c8,0x007343C8,0x007343F0,40
FUN_00734c48,0x00734C48,0x00734C4C,4
FUN_00735088,0x00735088,0x007350C0,56
FUN_00735338,0x00735338,0x00735348,16
FUN_007355e0,0x007355E0,0x00735608,40
FUN_00735fc0,0x00735FC0,0x00736AFC,644
entry_00736060,0x00736060,0x007360F0,144
entry_007360f0,0x007360F0,0x007360FC,12
entry_007360fc,0x007360FC,0x0073647C,896
entry_0073647c,0x0073647C,0x00736820,932
entry_00736820,0x00736820,0x00736838,24
entry_00736838,0x00736838,0x00736AEC,692
entry_00736aec,0x00736AEC,0x00736BF0,260
FUN_00736bf0,0x00736BF0,0x00736BF4,4
FUN_00736d70,0x00736D70,0x00736D78,8
FUN_00736f00,0x00736F00,0x00736F08,8
FUN_007371c0,0x007371C0,0x007371D4,20
FUN_007373e8,0x007373E8,0x00737404,28
FUN_007377f8,0x007377F8,0x007391A4,2712
entry_00737ad8,0x00737AD8,0x00737CE4,524
entry_00737ce4,0x00737CE4,0x00737EF4,528
entry_00737ef4,0x00737EF4,0x00738100,524
entry_00738100,0x00738100,0x0073830C,524
entry_0073830c,0x0073830C,0x0073851C,528
entry_0073851c,0x0073851C,0x00738738,540
entry_00738738,0x00738738,0x00738944,524
entry_00738944,0x00738944,0x00738B54,528
entry_00738b54,0x00738B54,0x00738D60,524
entry_00738d60,0x00738D60,0x00738F6C,524
entry_00738f6c,0x00738F6C,0x00739178,524
entry_00739178,0x00739178,0x0073917C,4
entry_0073917c,0x0073917C,0x007391B0,52
FUN_007391b0,0x007391B0,0x007391C4,20
FUN_007396e0,0x007396E0,0x007396E8,8
FUN_00739948,0x00739948,0x00739954,12
FUN_00739bd8,0x00739BD8,0x00739BE0,8
FUN_00739e60,0x00739E60,0x00739E78,24
FUN_00739f68,0x00739F68,0x0073A024,188
entry_0073a020,0x0073A020,0x0073A038,24
FUN_0073a038,0x0073A038,0x0073A0A8,64
entry_0073a080,0x0073A080,0x0073A0B8,56
FUN_0073a0b8,0x0073A0B8,0x0073A0C0,8
FUN_0073a210,0x0073A210,0x0073A224,20
FUN_0073a320,0x0073A320,0x0073A344,36
FUN_0073a388,0x0073A388,0x0073A3D4,68
entry_0073a3c8,0x0073A3C8,0x0073A400,56
FUN_0073a400,0x0073A400,0x0073A414,20
FUN_0073a458,0x0073A458,0x0073A46C,20
FUN_0073a548,0x0073A548,0x0073A558,16
FUN_0073a600,0x0073A600,0x0073A654,84
FUN_0073a738,0x0073A738,0x0073A76C,52
FUN_0073a900,0x0073A900,0x0073A910,16
FUN_0073a9a8,0x0073A9A8,0x0073A9B4,12
FUN_0073aa08,0x0073AA08,0x0073AA10,8
FUN_0073aa68,0x0073AA68,0x0073AA7C,20
FUN_0073ab38,0x0073AB38,0x0073AB4C,20
FUN_0073abd0,0x0073ABD0,0x0073ABDC,12
FUN_0073ac50,0x0073AC50,0x0073AC5C,12
FUN_0073ad08,0x0073AD08,0x0073AD10,8
FUN_0073ad68,0x0073AD68,0x0073AD80,24
FUN_0073aec0,0x0073AEC0,0x0073AEC8,8
FUN_0073afd0,0x0073AFD0,0x0073AFD4,4
FUN_0073b088,0x0073B088,0x0073B090,8
FUN_0073b1b8,0x0073B1B8,0x0073B2AC,244
entry_0073b1f8,0x0073B1F8,0x0073B24C,84
entry_0073b24c,0x0073B24C,0x0073B250,4
entry_0073b250,0x0073B250,0x0073B27C,44
entry_0073b27c,0x0073B27C,0x0073B2C8,76
FUN_0073b2c8,0x0073B2C8,0x0073B2D0,8
FUN_0073b348,0x0073B348,0x0073B34C,4
FUN_0073b3a0,0x0073B3A0,0x0073B3E8,64
entry_0073b3d4,0x0073B3D4,0x0073B400,44
FUN_0073b400,0x0073B400,0x0073B44C,52
entry_0073b428,0x0073B428,0x0073B460,56
FUN_0073b460,0x0073B460,0x0073B4E4,132
entry_0073b4c8,0x0073B4C8,0x0073B4F0,40
FUN_0073b4f0,0x0073B4F0,0x0073B514,36
FUN_0073b530,0x0073B530,0x0073B658,296
entry_0073b570,0x0073B570,0x0073B6B8,328
FUN_0073b6b8,0x0073B6B8,0x0073B6C0,8
FUN_0073b718,0x0073B718,0x0073B720,8
FUN_0073b7a0,0x0073B7A0,0x0073B7A8,8
FUN_0073b940,0x0073B940,0x0073B958,24
FUN_0073ba20,0x0073BA20,0x0073BA28,8
FUN_0073ba80,0x0073BA80,0x0073BA90,16
FUN_0073bb38,0x0073BB38,0x0073BB64,44
FUN_0073bb70,0x0073BB70,0x0073BB78,8
FUN_0073c168,0x0073C168,0x0073C17C,20
FUN_0073c298,0x0073C298,0x0073C2A0,8
FUN_0073c3e0,0x0073C3E0,0x0073C3F0,16
FUN_0073c7c0,0x0073C7C0,0x0073C7E8,40
FUN_0073c8c8,0x0073C8C8,0x0073C8D8,16
FUN_0073c8e0,0x0073C8E0,0x0073C8EC,12
FUN_0073c8f8,0x0073C8F8,0x0073C904,12
FUN_0073c980,0x0073C980,0x0073C98C,12
FUN_0073c9c8,0x0073C9C8,0x0073C9CC,4
FUN_0073ca60,0x0073CA60,0x0073CA70,16
FUN_0073cb18,0x0073CB18,0x0073CB20,8
FUN_0073cc08,0x0073CC08,0x0073CC10,8
FUN_0073cc90,0x0073CC90,0x0073CCA4,20
FUN_0073cd60,0x0073CD60,0x0073CD64,4
FUN_0073ce30,0x0073CE30,0x0073CE34,4
FUN_0073ced0,0x0073CED0,0x0073CF54,132
entry_0073cf40,0x0073CF40,0x0073CF4C,12
entry_0073cf4c,0x0073CF4C,0x0073CF70,36
FUN_0073cf70,0x0073CF70,0x0073CF94,36
FUN_0073cfb0,0x0073CFB0,0x0073D234,216
entry_0073d104,0x0073D104,0x0073D22C,296
entry_0073d22c,0x0073D22C,0x0073D230,4
entry_0073d230,0x0073D230,0x0073D240,16
FUN_0073d240,0x0073D240,0x0073D254,20
FUN_0073d398,0x0073D398,0x0073D3B4,28
FUN_0073d578,0x0073D578,0x0073D5BC,68
FUN_0073d5d8,0x0073D5D8,0x0073D5E0,8
FUN_0073d6a8,0x0073D6A8,0x0073D6B4,12
FUN_0073d790,0x0073D790,0x0073D79C,12
FUN_0073d880,0x0073D880,0x0073D8A0,32
FUN_0073d8b8,0x0073D8B8,0x0073D8C4,12
FUN_0073da50,0x0073DA50,0x0073DAB0,96
FUN_0073dcf8,0x0073DCF8,0x0073DD00,8
FUN_0073dfb8,0x0073DFB8,0x0073DFC4,12
FUN_0073e0b0,0x0073E0B0,0x0073E0B8,8
FUN_0073e2c0,0x0073E2C0,0x0073E2D0,16
FUN_0073e520,0x0073E520,0x0073E544,36
FUN_0073e848,0x0073E848,0x0073E86C,36
FUN_0073e9e8,0x0073E9E8,0x0073EA04,28
FUN_0073ea70,0x0073EA70,0x0073EA78,8
FUN_0073ead0,0x0073EAD0,0x0073EAD1,1
FUN_0073eae8,0x0073EAE8,0x0073EB0C,36
FUN_0073eb88,0x0073EB88,0x0073EBA0,24
FUN_0073ec78,0x0073EC78,0x0073ECB8,64
entry_0073eca4,0x0073ECA4,0x0073ED38,148
FUN_0073ed38,0x0073ED38,0x0073ED48,16
FUN_0073ee18,0x0073EE18,0x0073EE28,16
FUN_0073eef8,0x0073EEF8,0x0073EF08,16
FUN_0073efd8,0x0073EFD8,0x0073F040,104
FUN_0073f050,0x0073F050,0x0073F074,36
FUN_0073f088,0x0073F088,0x0073F0A8,32
FUN_0073f190,0x0073F190,0x0073F1A4,20
FUN_0073f3a8,0x0073F3A8,0x0073F3C8,32
FUN_0073f5a0,0x0073F5A0,0x0073F634,52
entry_0073f630,0x0073F630,0x0073F648,24
FUN_0073f648,0x0073F648,0x0073F678,48
FUN_0073f6c8,0x0073F6C8,0x0073F710,64
entry_0073f70c,0x0073F70C,0x0073F720,20
FUN_0073f720,0x0073F720,0x0073F728,8
FUN_0073fa08,0x0073FA08,0x0073FA18,16
FUN_0073ff10,0x0073FF10,0x0073FF18,8
FUN_00740098,0x00740098,0x0074009C,4
FUN_00740208,0x00740208,0x00740210,8
FUN_007405a8,0x007405A8,0x007405C4,28
FUN_007406b0,0x007406B0,0x007406C8,24
FUN_007408f0,0x007408F0,0x007408F8,8
FUN_00740e18,0x00740E18,0x00740E20,8
FUN_00740e88,0x00740E88,0x00740E8C,4
FUN_00740f18,0x00740F18,0x00740F20,8
FUN_00740f88,0x00740F88,0x00740F8C,4
FUN_00741018,0x00741018,0x0074102C,20
FUN_007410c0,0x007410C0,0x007410D4,20
FUN_00741168,0x00741168,0x00741220,128
entry_007411e0,0x007411E0,0x0074121C,60
entry_0074121c,0x0074121C,0x00741238,28
FUN_00741238,0x00741238,0x0074123C,4
FUN_00741508,0x00741508,0x00741510,8
FUN_00741718,0x00741718,0x0074171C,4
FUN_007419c8,0x007419C8,0x00741B30,184
entry_007419fc,0x007419FC,0x00741A10,20
entry_00741a10,0x00741A10,0x00741A3C,44
entry_00741a3c,0x00741A3C,0x00741B18,220
entry_00741b18,0x00741B18,0x00741B38,32
FUN_00741b38,0x00741B38,0x00741B48,16
FUN_00741c68,0x00741C68,0x00741D68,256
entry_00741cac,0x00741CAC,0x00741D18,108
entry_00741d18,0x00741D18,0x00741D80,104
FUN_00741d80,0x00741D80,0x00741D94,20
FUN_00741eb8,0x00741EB8,0x00741ED4,28
FUN_00742270,0x00742270,0x00742274,4
FUN_00742808,0x00742808,0x0074282C,36
FUN_00742f60,0x00742F60,0x00742F90,48
FUN_00743030,0x00743030,0x00743038,8
FUN_007430d8,0x007430D8,0x007430E0,8
FUN_00743148,0x00743148,0x0074314C,4
FUN_007431d8,0x007431D8,0x00743240,104
entry_00743238,0x00743238,0x0074323C,4
entry_0074323c,0x0074323C,0x00743268,44
FUN_00743268,0x00743268,0x007432A0,56
entry_00743298,0x00743298,0x007432B8,32
FUN_007432b8,0x007432B8,0x007432C8,16
FUN_00743330,0x00743330,0x00743340,16
FUN_007433b0,0x007433B0,0x007433C0,16
FUN_00743430,0x00743430,0x00743458,40
FUN_00743468,0x00743468,0x00743478,16
FUN_00743568,0x00743568,0x0074356C,4
FUN_007435f0,0x007435F0,0x0074360C,28
FUN_00743648,0x00743648,0x00743674,44
FUN_007436b8,0x007436B8,0x007436E4,44
FUN_00743728,0x00743728,0x007437D0,160
entry_007437c8,0x007437C8,0x007437E0,24
FUN_007437e0,0x007437E0,0x007437F0,16
FUN_007438d0,0x007438D0,0x007438D4,4
FUN_00743980,0x00743980,0x00743984,4
FUN_00743af0,0x00743AF0,0x00743AF8,8
FUN_00743bf0,0x00743BF0,0x00743C0C,28
FUN_00743c20,0x00743C20,0x00743C3C,28
FUN_00743c50,0x00743C50,0x00743C74,36
FUN_00743ca0,0x00743CA0,0x00743CA4,4
FUN_00743cf0,0x00743CF0,0x00743D10,32
FUN_00743d18,0x00743D18,0x00743D40,40
FUN_00743d48,0x00743D48,0x00743D5C,20
FUN_00743dc8,0x00743DC8,0x00743E00,56
FUN_00743e10,0x00743E10,0x00743E48,56
FUN_00743e58,0x00743E58,0x00743E84,44
FUN_00743e90,0x00743E90,0x00743EB0,32
FUN_00743eb8,0x00743EB8,0x00743ED4,28
FUN_00743ee0,0x00743EE0,0x00743F0C,44
FUN_00743fa0,0x00743FA0,0x00743FA8,8
FUN_00744038,0x00744038,0x0074404C,20
FUN_00744058,0x00744058,0x00744068,16
FUN_007440c0,0x007440C0,0x007440D8,24
FUN_00744108,0x00744108,0x00744110,8
FUN_007441f8,0x007441F8,0x00744224,44
FUN_00744238,0x00744238,0x00744264,44
FUN_00744278,0x00744278,0x00744284,12
FUN_00744310,0x00744310,0x0074431C,12
FUN_007443a8,0x007443A8,0x007443AC,4
FUN_007443f8,0x007443F8,0x007443FC,4
FUN_00744450,0x00744450,0x00744464,20
FUN_00744478,0x00744478,0x0074447C,4
FUN_007444d8,0x007444D8,0x007444DC,4
FUN_00744630,0x00744630,0x00744638,8
FUN_00744aa0,0x00744AA0,0x00744AA8,8
FUN_00744e38,0x00744E38,0x00744E54,28
FUN_00745108,0x00745108,0x00745110,8
FUN_007454a0,0x007454A0,0x007454AC,12
FUN_00745688,0x00745688,0x00745690,8
FUN_00745b10,0x00745B10,0x00745B28,24
FUN_007465b8,0x007465B8,0x007465C0,8
FUN_007466d8,0x007466D8,0x00746738,96
entry_0074671c,0x0074671C,0x00746750,52
FUN_00746750,0x00746750,0x00746764,20
FUN_00746788,0x00746788,0x00746790,8
FUN_00746870,0x00746870,0x00746874,4
FUN_007469d0,0x007469D0,0x00746A14,68
entry_00746a0c,0x00746A0C,0x00746A10,4
entry_00746a10,0x00746A10,0x00746A20,16
FUN_00746a20,0x00746A20,0x00746A34,20
FUN_00746a68,0x00746A68,0x00746A6C,4
FUN_00746b40,0x00746B40,0x00746B78,56
FUN_00746b88,0x00746B88,0x00746BB4,44
FUN_00746c18,0x00746C18,0x00746C2C,20
FUN_00746f68,0x00746F68,0x00746F7C,20
FUN_007470e0,0x007470E0,0x0074711C,60
FUN_00747160,0x00747160,0x00747168,8
FUN_007471e8,0x007471E8,0x007471F0,8
FUN_007472d0,0x007472D0,0x007472F0,32
FUN_00747330,0x00747330,0x00747360,44
entry_0074735c,0x0074735C,0x00747370,20
FUN_00747370,0x00747370,0x00747398,40
FUN_00747450,0x00747450,0x00747530,192
entry_0074752c,0x0074752C,0x00747548,28
FUN_00747548,0x00747548,0x0074755C,20
FUN_007475f0,0x007475F0,0x00747628,56
FUN_007476c8,0x007476C8,0x007476D8,16
FUN_007476f0,0x007476F0,0x007476F8,8
FUN_00747960,0x00747960,0x00747968,8
FUN_00747ce0,0x00747CE0,0x00747CE4,4
FUN_00747e20,0x00747E20,0x00747E30,16
FUN_00747e88,0x00747E88,0x00747EC4,60
FUN_00747f08,0x00747F08,0x00747F10,8
FUN_00747f78,0x00747F78,0x00747F7C,4
FUN_00748060,0x00748060,0x00748068,8
FUN_00748118,0x00748118,0x00748184,56
entry_0074817c,0x0074817C,0x00748198,28
FUN_00748198,0x00748198,0x0074819C,4
FUN_007481f0,0x007481F0,0x00748228,56
FUN_00748238,0x00748238,0x00748264,44
FUN_007482a8,0x007482A8,0x007482C4,28
FUN_00748300,0x00748300,0x00748304,4
FUN_00748358,0x00748358,0x007483C4,76
entry_007483bc,0x007483BC,0x00748428,108
FUN_00748428,0x00748428,0x00748430,8
FUN_00748668,0x00748668,0x00748670,8
FUN_00748790,0x00748790,0x00748798,8
FUN_007489d8,0x007489D8,0x007489DC,4
FUN_00749098,0x00749098,0x007490B0,24
FUN_007491b0,0x007491B0,0x007491D4,36
FUN_007491e0,0x007491E0,0x007491EC,12
FUN_007491f8,0x007491F8,0x00749200,8
FUN_00749300,0x00749300,0x0074930C,12
FUN_007493c8,0x007493C8,0x00749494,176
entry_00749420,0x00749420,0x007494A8,136
FUN_007494a8,0x007494A8,0x007494AC,4
FUN_00749708,0x00749708,0x0074970C,4
FUN_00749980,0x00749980,0x007499C0,60
entry_007499b8,0x007499B8,0x007499BC,4
entry_007499bc,0x007499BC,0x007499F8,60
FUN_007499f8,0x007499F8,0x00749A00,8
FUN_00749b00,0x00749B00,0x00749B04,4
FUN_00749b60,0x00749B60,0x00749BAC,76
entry_00749b94,0x00749B94,0x00749B98,4
entry_00749b98,0x00749B98,0x00749B9C,4
entry_00749b9c,0x00749B9C,0x00749BA8,12
entry_00749ba8,0x00749BA8,0x00749BB8,16
FUN_00749bb8,0x00749BB8,0x00749BC0,8
FUN_00749d20,0x00749D20,0x00749D30,16
FUN_00749db0,0x00749DB0,0x00749DCC,28
FUN_00749e20,0x00749E20,0x00749E3C,28
FUN_00749e48,0x00749E48,0x00749E68,32
FUN_00749fc8,0x00749FC8,0x00749FD8,16
FUN_0074a308,0x0074A308,0x0074A314,12
FUN_0074a838,0x0074A838,0x0074A84C,20
FUN_0074ac48,0x0074AC48,0x0074AC78,48
FUN_0074bb00,0x0074BB00,0x0074BB1C,28
entry_0074bbc0,0x0074BBC0,0x0074BC44,132
entry_0074bc44,0x0074BC44,0x0074BE68,548
entry_0074be68,0x0074BE68,0x0074BF18,176
entry_0074bf18,0x0074BF18,0x0074BF20,8
entry_0074bf20,0x0074BF20,0x0074BF38,24
entry_0074bf38,0x0074BF38,0x0074C1E8,688
entry_0074c1e8,0x0074C1E8,0x0074C3CC,484
entry_0074c3cc,0x0074C3CC,0x0074C438,108
entry_0074c438,0x0074C438,0x0074C474,60
entry_0074c474,0x0074C474,0x0074C498,36
entry_0074c498,0x0074C498,0x0074C520,136
entry_0074c520,0x0074C520,0x0074C534,20
entry_0074c534,0x0074C534,0x0074C598,100
entry_0074c598,0x0074C598,0x0074C5B4,28
entry_0074c5b4,0x0074C5B4,0x0074C720,364
FUN_0074c720,0x0074C720,0x0074C738,24
FUN_0074cab8,0x0074CAB8,0x0074CAC0,8
FUN_0074d640,0x0074D640,0x0074D654,20
FUN_0074d930,0x0074D930,0x0074D934,4
FUN_0074db58,0x0074DB58,0x0074DB60,8
FUN_0074e090,0x0074E090,0x0074E09C,12
FUN_0074e520,0x0074E520,0x0074E53C,28
FUN_0074f3d0,0x0074F3D0,0x0074F3D8,8
FUN_0074fda8,0x0074FDA8,0x0074FDB8,16
FUN_0074fff0,0x0074FFF0,0x0074FFF4,4
FUN_00750210,0x00750210,0x0075021C,12
FUN_00751368,0x00751368,0x00751378,16
FUN_00751db8,0x00751DB8,0x00751DC0,8
FUN_00752388,0x00752388,0x0075238C,4
FUN_00752640,0x00752640,0x00752654,20
FUN_00752660,0x00752660,0x00752674,20
FUN_00752680,0x00752680,0x00752694,20
FUN_007526a0,0x007526A0,0x007526B4,20
FUN_007526c0,0x007526C0,0x007526D4,20
FUN_007526e0,0x007526E0,0x007526F4,20
FUN_00752760,0x00752760,0x0075276C,12
FUN_00752830,0x00752830,0x00752850,32
FUN_00752858,0x00752858,0x0075286C,20
FUN_007528a0,0x007528A0,0x007528D8,56
FUN_007528e8,0x007528E8,0x00752914,44
FUN_00752948,0x00752948,0x00752964,28
FUN_007529a0,0x007529A0,0x007529A8,8
FUN_00752c58,0x00752C58,0x00752C64,12
FUN_00752f08,0x00752F08,0x00752F18,16
FUN_00753170,0x00753170,0x00753198,40
FUN_00753518,0x00753518,0x00753540,40
FUN_00753668,0x00753668,0x00753678,16
FUN_00753728,0x00753728,0x00753778,80
FUN_00753870,0x00753870,0x00753878,8
FUN_00753970,0x00753970,0x0075397C,12
FUN_007539f0,0x007539F0,0x00753A00,16
FUN_00753a70,0x00753A70,0x00753AC8,64
entry_00753ac0,0x00753AC0,0x00753AE0,32
FUN_00753ae0,0x00753AE0,0x00753AE4,4
FUN_00753b88,0x00753B88,0x00753B9C,20
FUN_00753c68,0x00753C68,0x00753C78,16
FUN_00753cf8,0x00753CF8,0x00753D6C,116
entry_00753d68,0x00753D68,0x00753D80,24
FUN_00753d80,0x00753D80,0x00753D8C,12
FUN_00753e08,0x00753E08,0x00753E0C,4
FUN_00753f68,0x00753F68,0x00753F78,16
FUN_00754028,0x00754028,0x00754040,24
FUN_007540c8,0x007540C8,0x007540F8,48
FUN_00754108,0x00754108,0x0075410C,4
FUN_007541a8,0x007541A8,0x007541C0,24
FUN_00754278,0x00754278,0x007542B0,56
FUN_007542c0,0x007542C0,0x007542EC,44
FUN_00754398,0x00754398,0x0075439C,4
FUN_00754460,0x00754460,0x00754470,16
FUN_007544d0,0x007544D0,0x00754550,68
entry_0075454c,0x0075454C,0x00754560,20
FUN_00754560,0x00754560,0x00754584,36
FUN_00754590,0x00754590,0x00754594,4
FUN_007547a0,0x007547A0,0x007547A8,8
FUN_00754a80,0x00754A80,0x00754AA0,32
FUN_00754e60,0x00754E60,0x00754E88,40
FUN_00755160,0x00755160,0x00755170,16
FUN_007552f0,0x007552F0,0x007552FC,12
FUN_00755318,0x00755318,0x00755320,8
FUN_00755370,0x00755370,0x0075537C,12
FUN_00755458,0x00755458,0x00755460,8
FUN_007554b0,0x007554B0,0x007554C8,24
FUN_00755598,0x00755598,0x007555AC,20
FUN_00755690,0x00755690,0x00755698,8
FUN_00755730,0x00755730,0x0075574C,28
FUN_00755808,0x00755808,0x00755810,8
FUN_00755818,0x00755818,0x00755824,12
FUN_00755ac0,0x00755AC0,0x00755AC8,8
FUN_00755bf0,0x00755BF0,0x00755BF8,8
FUN_00755ca8,0x00755CA8,0x00755CB8,16
FUN_00755d20,0x00755D20,0x00755D24,4
FUN_00755de8,0x00755DE8,0x00755DEC,4
FUN_00755eb0,0x00755EB0,0x00755EB4,4
FUN_00755fe0,0x00755FE0,0x00756058,120
entry_00756054,0x00756054,0x00756060,12
FUN_00756060,0x00756060,0x007560C4,100
FUN_007560d0,0x007560D0,0x007560F0,32
FUN_007561b0,0x007561B0,0x007561B8,8
FUN_007562a0,0x007562A0,0x007562E0,64
entry_007562d8,0x007562D8,0x007562F0,24
FUN_007562f0,0x007562F0,0x007562FC,12
FUN_007563a0,0x007563A0,0x007563BC,28
FUN_007564a0,0x007564A0,0x007564D4,52
entry_007564d0,0x007564D0,0x00756510,64
FUN_00756510,0x00756510,0x00756544,48
entry_00756540,0x00756540,0x00756550,16
FUN_00756550,0x00756550,0x00756558,8
FUN_00756600,0x00756600,0x00756624,36
FUN_00756630,0x00756630,0x0075666C,60
entry_00756664,0x00756664,0x00756668,4
entry_00756668,0x00756668,0x00756678,16
FUN_00756678,0x00756678,0x00756694,28
FUN_007566a8,0x007566A8,0x007566E4,60
entry_007566dc,0x007566DC,0x007566E0,4
entry_007566e0,0x007566E0,0x007566F0,16
FUN_007566f0,0x007566F0,0x00756714,36
FUN_00756720,0x00756720,0x0075675C,60
entry_00756754,0x00756754,0x00756758,4
entry_00756758,0x00756758,0x00756768,16
FUN_00756768,0x00756768,0x0075678C,36
FUN_00756798,0x00756798,0x0075679C,4
FUN_007567e0,0x007567E0,0x007567F8,24
FUN_00756800,0x00756800,0x00756814,20
FUN_00756820,0x00756820,0x00756838,24
FUN_00756850,0x00756850,0x00756864,20
FUN_00756870,0x00756870,0x00756884,20
FUN_00756890,0x00756890,0x007568A8,24
FUN_007568c0,0x007568C0,0x007568D4,20
FUN_007568e0,0x007568E0,0x007568E4,4
FUN_00756928,0x00756928,0x0075692C,4
FUN_00756980,0x00756980,0x007569A0,32
FUN_007569b0,0x007569B0,0x007569E8,56
FUN_007569f0,0x007569F0,0x00756A1C,44
FUN_00756a28,0x00756A28,0x00756A3C,20
FUN_00756ab0,0x00756AB0,0x00756ACC,28
FUN_00756ba8,0x00756BA8,0x00756BB4,12
FUN_00756e90,0x00756E90,0x00756E98,8
FUN_00757a88,0x00757A88,0x00757B28,160
entry_00757b00,0x00757B00,0x00757B24,36
entry_00757b24,0x00757B24,0x00757B38,20
FUN_00757b38,0x00757B38,0x00757B64,44
FUN_00757b70,0x00757B70,0x00757B94,36
entry_00757b88,0x00757B88,0x00757BA0,24
FUN_00757ba0,0x00757BA0,0x00757BC4,36
entry_00757bb8,0x00757BB8,0x00757BD0,24
FUN_00757bd0,0x00757BD0,0x00757BF4,36
entry_00757be8,0x00757BE8,0x00757C50,104
FUN_00757c50,0x00757C50,0x00757C54,4
FUN_00757dc0,0x00757DC0,0x00757E44,132
FUN_00757ee8,0x00757EE8,0x00757EF8,16
FUN_00757f40,0x00757F40,0x00757F44,4
FUN_00758388,0x00758388,0x007583A8,32
FUN_007583b0,0x007583B0,0x00758400,80
FUN_007585c8,0x007585C8,0x00758620,88
FUN_00758798,0x00758798,0x00758960,396
entry_007587c4,0x007587C4,0x007587E4,32
entry_007587e4,0x007587E4,0x00758800,28
entry_00758800,0x00758800,0x00758810,16
entry_00758810,0x00758810,0x00758840,48
entry_00758840,0x00758840,0x00758870,48
entry_00758870,0x00758870,0x007588A0,48
entry_007588a0,0x007588A0,0x007588D0,48
entry_007588d0,0x007588D0,0x00758900,48
entry_00758900,0x00758900,0x00758930,48
entry_00758930,0x00758930,0x00758954,36
entry_00758954,0x00758954,0x00758F60,1548
FUN_00758f60,0x00758F60,0x00758F70,16
FUN_007595a0,0x007595A0,0x007595B8,24
FUN_00759df0,0x00759DF0,0x00759E18,40
FUN_00759e20,0x00759E20,0x00759E28,8
FUN_00759f40,0x00759F40,0x00759F54,20
FUN_0075a000,0x0075A000,0x0075A00C,12
FUN_0075a2e0,0x0075A2E0,0x0075A2E8,8
FUN_0075a5b0,0x0075A5B0,0x0075A5B8,8
FUN_0075a898,0x0075A898,0x0075A89C,4
FUN_0075ab70,0x0075AB70,0x0075ACC0,248
entry_0075ac0c,0x0075AC0C,0x0075AC38,44
entry_0075ac38,0x0075AC38,0x0075AC40,8
entry_0075ac40,0x0075AC40,0x0075ACC8,136
FUN_0075acc8,0x0075ACC8,0x0075ACE0,24
FUN_0075ae30,0x0075AE30,0x0075AE38,8
FUN_0075afb0,0x0075AFB0,0x0075AFCC,28
FUN_0075b0e0,0x0075B0E0,0x0075B0F8,24
FUN_0075b490,0x0075B490,0x0075B494,4
FUN_0075b9b0,0x0075B9B0,0x0075B9B8,8
FUN_0075bed0,0x0075BED0,0x0075BEDC,12
FUN_0075c240,0x0075C240,0x0075C248,8
FUN_0075c530,0x0075C530,0x0075C53C,12
FUN_0075c628,0x0075C628,0x0075C638,16
FUN_0075ccc8,0x0075CCC8,0x0075CCCC,4
FUN_0075dd80,0x0075DD80,0x0075DDBC,60
entry_0075ddb0,0x0075DDB0,0x0075DDD0,32
FUN_0075ddd0,0x0075DDD0,0x0075DE08,56
entry_0075de04,0x0075DE04,0x0075DE18,20
FUN_0075de18,0x0075DE18,0x0075DE20,8
FUN_0075de88,0x0075DE88,0x0075DF34,156
entry_0075dee0,0x0075DEE0,0x0075DEEC,12
entry_0075deec,0x0075DEEC,0x0075DF1C,48
entry_0075df1c,0x0075DF1C,0x0075DF24,8
entry_0075df24,0x0075DF24,0x0075DF2C,8
entry_0075df2c,0x0075DF2C,0x0075DFA8,124
FUN_0075dfa8,0x0075DFA8,0x0075DFAC,4
FUN_0075dff8,0x0075DFF8,0x0075E074,124
FUN_0075e1a8,0x0075E1A8,0x0075E1B0,8
FUN_0075e270,0x0075E270,0x0075E278,8
FUN_0075e408,0x0075E408,0x0075E5CC,452
entry_0075e498,0x0075E498,0x0075E4A4,12
entry_0075e4a4,0x0075E4A4,0x0075E548,164
entry_0075e548,0x0075E548,0x0075E848,768
FUN_0075e848,0x0075E848,0x0075E854,12
FUN_0075ed10,0x0075ED10,0x0075ED20,16
FUN_0075ed90,0x0075ED90,0x0075EDA4,20
FUN_0075ee58,0x0075EE58,0x0075EE90,56
entry_0075ee88,0x0075EE88,0x0075EEC0,56
FUN_0075eec0,0x0075EEC0,0x0075EED0,16
FUN_0075ef48,0x0075EF48,0x0075EF68,32
FUN_0075f3b0,0x0075F3B0,0x0075F3B8,8
FUN_0075f640,0x0075F640,0x0075F650,16
FUN_0075f770,0x0075F770,0x0075F780,16
FUN_0075f898,0x0075F898,0x0075F8A0,8
FUN_0075faf8,0x0075FAF8,0x0075FB58,96
entry_0075fb54,0x0075FB54,0x0075FB70,28
FUN_0075fb70,0x0075FB70,0x0075FCB8,312
entry_0075fbc0,0x0075FBC0,0x0075FC58,152
entry_0075fc58,0x0075FC58,0x0075FC5C,4
entry_0075fc5c,0x0075FC5C,0x0075FEF0,660
FUN_0075fef0,0x0075FEF0,0x0075FEF4,4
FUN_00760910,0x00760910,0x00760948,56
entry_00760940,0x00760940,0x00760958,24
FUN_00760958,0x00760958,0x00760980,40
FUN_00760c30,0x00760C30,0x00760C38,8
FUN_00760c98,0x00760C98,0x00760CA4,12
FUN_00760d50,0x00760D50,0x00760D58,8
FUN_00760e78,0x00760E78,0x00760E88,16
FUN_00760ef8,0x00760EF8,0x00760F08,16
FUN_00760f78,0x00760F78,0x00760F88,16
FUN_00760ff8,0x00760FF8,0x0076100C,20
FUN_00761018,0x00761018,0x0076102C,20
FUN_00761038,0x00761038,0x0076104C,20
FUN_00761068,0x00761068,0x00761098,48
entry_00761094,0x00761094,0x007610A8,20
FUN_007610a8,0x007610A8,0x0076111C,52
entry_00761110,0x00761110,0x00761130,32
FUN_00761130,0x00761130,0x007611B8,72
entry_007611ac,0x007611AC,0x007611C8,28
FUN_007611c8,0x007611C8,0x0076123C,52
entry_00761230,0x00761230,0x00761250,32
FUN_00761250,0x00761250,0x00761314,76
entry_007612c8,0x007612C8,0x0076130C,68
entry_0076130c,0x0076130C,0x00761320,20
FUN_00761320,0x00761320,0x00761380,40
entry_00761378,0x00761378,0x00761388,16
FUN_00761388,0x00761388,0x0076139C,20
FUN_00761718,0x00761718,0x00761720,8
FUN_007618e8,0x007618E8,0x00761904,28
FUN_00761e58,0x00761E58,0x00761E68,16
FUN_00762048,0x00762048,0x00762050,8
FUN_00762318,0x00762318,0x0076233C,36
FUN_00762350,0x00762350,0x00762580,300
entry_00762404,0x00762404,0x00762430,44
entry_00762430,0x00762430,0x0076243C,12
entry_0076243c,0x0076243C,0x007624D4,152
entry_007624d4,0x007624D4,0x00762554,128
entry_00762554,0x00762554,0x00762570,28
entry_00762570,0x00762570,0x0076257C,12
entry_0076257c,0x0076257C,0x00762588,12
FUN_00762588,0x00762588,0x0076268C,116
entry_007625fc,0x007625FC,0x00762624,40
entry_00762624,0x00762624,0x00762668,68
entry_00762668,0x00762668,0x00762688,32
entry_00762688,0x00762688,0x00762698,16
FUN_00762698,0x00762698,0x007626A8,16
FUN_00762858,0x00762858,0x00762878,32
FUN_00762880,0x00762880,0x00762890,16
FUN_00762900,0x00762900,0x00762914,20
FUN_00762968,0x00762968,0x00762970,8
FUN_00762a40,0x00762A40,0x00762A60,32
FUN_00762ab0,0x00762AB0,0x00762AB8,8
FUN_00762b58,0x00762B58,0x00762B74,28
FUN_00762b80,0x00762B80,0x00762B88,8
FUN_00762cf8,0x00762CF8,0x00762D20,40
FUN_00762d30,0x00762D30,0x00762D44,20
FUN_00762d78,0x00762D78,0x00762D88,16
FUN_00762e28,0x00762E28,0x00762E38,16
FUN_00762ec8,0x00762EC8,0x00762EE0,24
FUN_00762f98,0x00762F98,0x00762FB8,32
FUN_00763060,0x00763060,0x00763094,52
FUN_007630b8,0x007630B8,0x007630E8,44
entry_007630e0,0x007630E0,0x007630F8,24
FUN_007630f8,0x007630F8,0x00763240,328
entry_0076314c,0x0076314C,0x00763174,40
entry_00763174,0x00763174,0x007631BC,72
entry_007631bc,0x007631BC,0x007631E8,44
entry_007631e8,0x007631E8,0x0076323C,84
entry_0076323c,0x0076323C,0x00763358,284
FUN_00763358,0x00763358,0x00763758,1024
entry_00763398,0x00763398,0x007633D0,56
entry_007633d0,0x007633D0,0x00763408,56
entry_00763408,0x00763408,0x00763440,56
entry_00763440,0x00763440,0x00763478,56
entry_00763478,0x00763478,0x007634B0,56
entry_007634b0,0x007634B0,0x007634E8,56
entry_007634e8,0x007634E8,0x00763520,56
entry_00763520,0x00763520,0x00763558,56
entry_00763558,0x00763558,0x00763590,56
entry_00763590,0x00763590,0x007635C8,56
entry_007635c8,0x007635C8,0x00763600,56
entry_00763600,0x00763600,0x00763638,56
entry_00763638,0x00763638,0x00763670,56
entry_00763670,0x00763670,0x00764048,2520
FUN_00764048,0x00764048,0x00764174,300
entry_00764098,0x00764098,0x007640D0,56
entry_007640d0,0x007640D0,0x00764108,56
entry_00764108,0x00764108,0x00764140,56
entry_00764140,0x00764140,0x00764668,1320
FUN_00764668,0x00764668,0x0076466C,4
FUN_00764788,0x00764788,0x0076478C,4
FUN_00764940,0x00764940,0x0076495C,28
FUN_00764ca8,0x00764CA8,0x00764CAC,4
FUN_00764e58,0x00764E58,0x00764E94,60
entry_00764e90,0x00764E90,0x00764EA8,24
FUN_00764ea8,0x00764EA8,0x00764EB8,16
FUN_00764ec8,0x00764EC8,0x00764EDC,20
FUN_00764f70,0x00764F70,0x00764F74,4
FUN_00764fc0,0x00764FC0,0x00764FC8,8
FUN_007651d8,0x007651D8,0x007651E8,16
FUN_00765280,0x00765280,0x00765284,4
FUN_007654e8,0x007654E8,0x007654F0,8
FUN_00765548,0x00765548,0x00765560,24
FUN_007655f8,0x007655F8,0x00765608,16
FUN_00765688,0x00765688,0x00765690,8
FUN_00765738,0x00765738,0x00765740,8
FUN_007657c8,0x007657C8,0x007657D0,8
FUN_00765858,0x00765858,0x0076585C,4
FUN_00767870,0x00767870,0x00767C54,992
entry_007678bc,0x007678BC,0x00767910,84
entry_00767910,0x00767910,0x00767A88,376
entry_00767a88,0x00767A88,0x00767BF8,368
entry_00767bf8,0x00767BF8,0x00767C08,16
entry_00767c08,0x00767C08,0x00767C28,32
entry_00767c28,0x00767C28,0x00767C48,32
entry_00767c48,0x00767C48,0x00767C50,8
entry_00767c50,0x00767C50,0x00767DE8,408
FUN_00767de8,0x00767DE8,0x00767EE4,60
entry_00767e00,0x00767E00,0x00767EE0,224
entry_00767ee0,0x00767EE0,0x00767EF0,16
FUN_00767ef0,0x00767EF0,0x00767F00,16
FUN_00768200,0x00768200,0x00768218,24
FUN_00768a08,0x00768A08,0x00768A18,16
FUN_00768be8,0x00768BE8,0x00768BF0,8
FUN_00768ca8,0x00768CA8,0x00768CC0,24
FUN_00768d08,0x00768D08,0x00768D0C,4
FUN_00768e60,0x00768E60,0x00768E80,32
FUN_00769038,0x00769038,0x00769040,8
FUN_007690a8,0x007690A8,0x007690CC,36
FUN_00769280,0x00769280,0x007692BC,60
FUN_00769388,0x00769388,0x007693E0,88
entry_007693ac,0x007693AC,0x007693C8,28
entry_007693c8,0x007693C8,0x007693E8,32
FUN_007693e8,0x007693E8,0x007693EC,4
FUN_007694b8,0x007694B8,0x00769538,36
entry_00769534,0x00769534,0x00769540,12
FUN_00769540,0x00769540,0x00769550,16
FUN_00769698,0x00769698,0x007696A8,16
FUN_00769820,0x00769820,0x00769828,8
FUN_00769960,0x00769960,0x00769970,16
FUN_00769ad0,0x00769AD0,0x00769AF8,40
FUN_00769bc0,0x00769BC0,0x00769BD0,16
FUN_00769c18,0x00769C18,0x00769C44,44
FUN_00769c68,0x00769C68,0x00769C94,44
FUN_00769cb8,0x00769CB8,0x00769D84,96
entry_00769ce4,0x00769CE4,0x00769D18,52
entry_00769d18,0x00769D18,0x00769D80,104
entry_00769d80,0x00769D80,0x00769D90,16
FUN_00769d90,0x00769D90,0x00769E08,96
entry_00769db8,0x00769DB8,0x00769DD4,28
entry_00769dd4,0x00769DD4,0x00769E04,48
entry_00769e04,0x00769E04,0x00769E18,20
FUN_00769e18,0x00769E18,0x00769E34,28
FUN_00769e40,0x00769E40,0x00769E7C,52
entry_00769e78,0x00769E78,0x00769EA0,40
FUN_00769ea0,0x00769EA0,0x00769EBC,28
FUN_00769ec8,0x00769EC8,0x00769ED8,16
FUN_00769f30,0x00769F30,0x00769F50,32
FUN_0076a000,0x0076A000,0x0076A008,8
FUN_0076a0b8,0x0076A0B8,0x0076A0D8,32
FUN_0076a160,0x0076A160,0x0076A168,8
FUN_0076a1f0,0x0076A1F0,0x0076A200,16
FUN_0076a298,0x0076A298,0x0076A2E4,56
entry_0076a2e0,0x0076A2E0,0x0076A2F0,16
FUN_0076a2f0,0x0076A2F0,0x0076A310,32
FUN_0076a3a8,0x0076A3A8,0x0076A3B4,12
FUN_0076a418,0x0076A418,0x0076A428,16
FUN_0076a5e8,0x0076A5E8,0x0076A5EC,4
FUN_0076a6d0,0x0076A6D0,0x0076A6DC,12
FUN_0076a968,0x0076A968,0x0076A980,24
FUN_0076ac00,0x0076AC00,0x0076AC14,20
FUN_0076b0d0,0x0076B0D0,0x0076B0EC,28
FUN_0076b1e0,0x0076B1E0,0x0076B1EC,12
FUN_0076b650,0x0076B650,0x0076B674,36
entry_0076b770,0x0076B770,0x0076B774,4
entry_0076b774,0x0076B774,0x0076B780,12
FUN_0076b780,0x0076B780,0x0076B78C,12
FUN_0076b8e8,0x0076B8E8,0x0076B908,32
FUN_0076bb50,0x0076BB50,0x0076BB58,8
FUN_0076bbc0,0x0076BBC0,0x0076BBC8,8
FUN_0076bc30,0x0076BC30,0x0076BC34,4
FUN_0076bca0,0x0076BCA0,0x0076BCA8,8
FUN_0076bd28,0x0076BD28,0x0076BD30,8
FUN_0076bd88,0x0076BD88,0x0076BDA0,24
FUN_0076bf78,0x0076BF78,0x0076BF88,16
FUN_0076c070,0x0076C070,0x0076C0A0,48
FUN_0076c250,0x0076C250,0x0076C260,16
FUN_0076c310,0x0076C310,0x0076C320,16
FUN_0076c528,0x0076C528,0x0076C530,8
FUN_0076c598,0x0076C598,0x0076C634,156
entry_0076c624,0x0076C624,0x0076C62C,8
entry_0076c62c,0x0076C62C,0x0076C630,4
entry_0076c630,0x0076C630,0x0076C648,24
FUN_0076c648,0x0076C648,0x0076C668,32
entry_0076c664,0x0076C664,0x0076C670,12
FUN_0076c670,0x0076C670,0x0076C678,8
FUN_0076c6d8,0x0076C6D8,0x0076C6E4,12
FUN_0076c790,0x0076C790,0x0076C7A4,20
FUN_0076c858,0x0076C858,0x0076C880,40
FUN_0076c888,0x0076C888,0x0076C894,12
FUN_0076c958,0x0076C958,0x0076C980,40
FUN_0076c988,0x0076C988,0x0076C994,12
FUN_0076cc08,0x0076CC08,0x0076CC2C,36
FUN_0076cde8,0x0076CDE8,0x0076CE24,52
entry_0076ce1c,0x0076CE1C,0x0076CE40,36
FUN_0076ce40,0x0076CE40,0x0076CE7C,52
entry_0076ce74,0x0076CE74,0x0076CE98,36
FUN_0076ce98,0x0076CE98,0x0076CEAC,20
FUN_0076cec0,0x0076CEC0,0x0076CECC,12
FUN_0076d930,0x0076D930,0x0076D940,16
FUN_0076dce0,0x0076DCE0,0x0076DD58,116
entry_0076dd30,0x0076DD30,0x0076DD50,32
entry_0076dd50,0x0076DD50,0x0076DD54,4
entry_0076dd54,0x0076DD54,0x0076DD70,28
FUN_0076dd70,0x0076DD70,0x0076DDA4,52
FUN_0076de00,0x0076DE00,0x0076DE38,56
entry_0076de30,0x0076DE30,0x0076DE34,4
entry_0076de34,0x0076DE34,0x0076DE40,12
FUN_0076de40,0x0076DE40,0x0076DE48,8
FUN_0076df20,0x0076DF20,0x0076DF3C,28
FUN_0076e2a0,0x0076E2A0,0x0076E2B0,16
FUN_0076e6b0,0x0076E6B0,0x0076E6B8,8
FUN_0076e780,0x0076E780,0x0076E7B4,52
FUN_0076e7e0,0x0076E7E0,0x0076E818,56
entry_0076e810,0x0076E810,0x0076E814,4
entry_0076e814,0x0076E814,0x0076E820,12
FUN_0076e820,0x0076E820,0x0076E860,64
entry_0076e848,0x0076E848,0x0076E870,40
FUN_0076e870,0x0076E870,0x0076E87C,12
FUN_0076ec80,0x0076EC80,0x0076ECEC,104
entry_0076ecc0,0x0076ECC0,0x0076ECE4,36
entry_0076ece4,0x0076ECE4,0x0076ECE8,4
entry_0076ece8,0x0076ECE8,0x0076ED00,24
FUN_0076ed00,0x0076ED00,0x0076ED34,52
FUN_0076ed60,0x0076ED60,0x0076ED98,56
entry_0076ed90,0x0076ED90,0x0076ED94,4
entry_0076ed94,0x0076ED94,0x0076EDA0,12
FUN_0076eda0,0x0076EDA0,0x0076EE10,112
entry_0076edc8,0x0076EDC8,0x0076EDE8,32
entry_0076ede8,0x0076EDE8,0x0076EE20,56
FUN_0076ee20,0x0076EE20,0x0076EE38,24
FUN_0076f0a0,0x0076F0A0,0x0076F0D8,56
FUN_0076f0f0,0x0076F0F0,0x0076F100,16
FUN_0076f420,0x0076F420,0x0076F428,8
FUN_0076f4f0,0x0076F4F0,0x0076F524,52
FUN_0076f540,0x0076F540,0x0076F550,16
FUN_0076fb20,0x0076FB20,0x0076FB30,16
FUN_00770810,0x00770810,0x00770860,80
entry_00770858,0x00770858,0x0077085C,4
entry_0077085c,0x0077085C,0x00770870,20
FUN_00770870,0x00770870,0x007708B0,64
FUN_00770970,0x00770970,0x0077097C,12
FUN_00770d00,0x00770D00,0x00770D90,80
entry_00770d24,0x00770D24,0x00770D84,96
entry_00770d84,0x00770D84,0x00770D88,4
entry_00770d88,0x00770D88,0x00770DA0,24
FUN_00770da0,0x00770DA0,0x00770E28,84
entry_00770e24,0x00770E24,0x00770E40,28
FUN_00770e40,0x00770E40,0x00770E90,80
entry_00770e88,0x00770E88,0x00770EA0,24
FUN_00770ea0,0x00770EA0,0x00770EB0,16
FUN_00771030,0x00771030,0x00771040,16
FUN_00771140,0x00771140,0x00771154,20
entry_007711a8,0x007711A8,0x00771224,124
entry_00771224,0x00771224,0x00771240,28
entry_00771240,0x00771240,0x00771280,64
FUN_00771280,0x00771280,0x00771308,136
entry_007712c0,0x007712C0,0x007712DC,28
entry_007712dc,0x007712DC,0x00771304,40
entry_00771304,0x00771304,0x007713A0,156
FUN_007713a0,0x007713A0,0x007713A8,8
FUN_00771550,0x00771550,0x00771564,20
FUN_00771660,0x00771660,0x00771668,8
FUN_007728b0,0x007728B0,0x007728C4,20
FUN_00772c50,0x00772C50,0x00772C68,24
FUN_007731a0,0x007731A0,0x007731B4,20
FUN_00773480,0x00773480,0x00773488,8
FUN_00774150,0x00774150,0x007741AC,92
entry_0077418c,0x0077418C,0x007741A4,24
entry_007741a4,0x007741A4,0x007741A8,4
entry_007741a8,0x007741A8,0x007741C0,24
FUN_007741c0,0x007741C0,0x007741D4,20
FUN_00774350,0x00774350,0x007743A0,80
entry_00774398,0x00774398,0x0077439C,4
entry_0077439c,0x0077439C,0x007743B0,20
FUN_007743b0,0x007743B0,0x007743E4,52
FUN_00774400,0x00774400,0x0077440C,12
FUN_00774770,0x00774770,0x007747E4,116
entry_007747a4,0x007747A4,0x007747D0,44
entry_007747d0,0x007747D0,0x007747E0,16
entry_007747e0,0x007747E0,0x00774800,32
FUN_00774800,0x00774800,0x00774884,104
entry_00774838,0x00774838,0x00774868,48
entry_00774868,0x00774868,0x0077487C,20
entry_0077487c,0x0077487C,0x00774880,4
entry_00774880,0x00774880,0x00774890,16
FUN_00774890,0x00774890,0x007748C0,48
entry_007748b0,0x007748B0,0x007748BC,12
entry_007748bc,0x007748BC,0x007748D0,20
FUN_007748d0,0x007748D0,0x007748E0,16
FUN_00774a90,0x00774A90,0x00774B08,120
entry_00774adc,0x00774ADC,0x00774B00,36
entry_00774b00,0x00774B00,0x00774B04,4
entry_00774b04,0x00774B04,0x00774B20,28
FUN_00774b20,0x00774B20,0x00774B34,20
FUN_00774ba0,0x00774BA0,0x00774BA8,8
FUN_00774cb0,0x00774CB0,0x00774D04,84
entry_00774d00,0x00774D00,0x00774D10,16
FUN_00774d10,0x00774D10,0x00774D98,136
entry_00774d6c,0x00774D6C,0x00774D90,36
entry_00774d90,0x00774D90,0x00774D94,4
entry_00774d94,0x00774D94,0x00774DB0,28
FUN_00774db0,0x00774DB0,0x00774EC0,224
entry_00774ebc,0x00774EBC,0x00774EE0,36
FUN_00774ee0,0x00774EE0,0x00774F44,100
entry_00774f3c,0x00774F3C,0x00774F40,4
entry_00774f40,0x00774F40,0x00774F70,48
FUN_00774f70,0x00774F70,0x007750A4,308
entry_00774fa8,0x00774FA8,0x00775004,92
entry_00775004,0x00775004,0x0077504C,72
entry_0077504c,0x0077504C,0x00775054,8
entry_00775054,0x00775054,0x00775070,28
entry_00775070,0x00775070,0x0077508C,28
entry_0077508c,0x0077508C,0x0077509C,16
entry_0077509c,0x0077509C,0x007750A0,4
entry_007750a0,0x007750A0,0x007750B0,16
FUN_007750b0,0x007750B0,0x007751B8,56
entry_007750d8,0x007750D8,0x007751B4,220
entry_007751b4,0x007751B4,0x007751D0,28
FUN_007751d0,0x007751D0,0x0077526C,156
entry_0077521c,0x0077521C,0x00775240,36
entry_00775240,0x00775240,0x00775264,36
entry_00775264,0x00775264,0x00775268,4
entry_00775268,0x00775268,0x00775280,24
FUN_00775280,0x00775280,0x00775294,20
FUN_00775310,0x00775310,0x00775330,32
FUN_00775830,0x00775830,0x00775838,8
FUN_00776150,0x00776150,0x0077615C,12
FUN_00776410,0x00776410,0x00776474,100
entry_0077646c,0x0077646C,0x00776470,4
entry_00776470,0x00776470,0x00776490,32
FUN_00776490,0x00776490,0x00776530,160
entry_007764cc,0x007764CC,0x0077650C,64
entry_0077650c,0x0077650C,0x00776528,28
entry_00776528,0x00776528,0x007766C0,408
FUN_007766c0,0x007766C0,0x00776728,104
entry_007766d0,0x007766D0,0x007766EC,28
entry_007766ec,0x007766EC,0x00776700,20
entry_00776700,0x00776700,0x00776720,32
entry_00776720,0x00776720,0x00776724,4
entry_00776724,0x00776724,0x00776730,12
FUN_00776730,0x00776730,0x007767A8,120
entry_00776744,0x00776744,0x00776760,28
entry_00776760,0x00776760,0x00776774,20
entry_00776774,0x00776774,0x007767A4,48
entry_007767a4,0x007767A4,0x007767B0,12
FUN_007767b0,0x007767B0,0x00776818,104
entry_007767c0,0x007767C0,0x007767DC,28
entry_007767dc,0x007767DC,0x007767F0,20
entry_007767f0,0x007767F0,0x00776810,32
entry_00776810,0x00776810,0x00776814,4
entry_00776814,0x00776814,0x00776820,12
FUN_00776820,0x00776820,0x00776888,104
entry_00776830,0x00776830,0x0077684C,28
entry_0077684c,0x0077684C,0x00776860,20
entry_00776860,0x00776860,0x00776880,32
entry_00776880,0x00776880,0x00776884,4
entry_00776884,0x00776884,0x00776890,12
FUN_00776890,0x00776890,0x00776908,120
entry_007768a4,0x007768A4,0x007768C0,28
entry_007768c0,0x007768C0,0x007768D4,20
entry_007768d4,0x007768D4,0x00776904,48
entry_00776904,0x00776904,0x00776910,12
FUN_00776910,0x00776910,0x00776978,104
entry_00776920,0x00776920,0x0077693C,28
entry_0077693c,0x0077693C,0x00776950,20
entry_00776950,0x00776950,0x00776970,32
entry_00776970,0x00776970,0x00776974,4
entry_00776974,0x00776974,0x00776980,12
FUN_00776980,0x00776980,0x00776990,16
FUN_00776b70,0x00776B70,0x00776B7C,12
FUN_00776c40,0x00776C40,0x00776C4C,12
FUN_00776da0,0x00776DA0,0x00776DB4,20
FUN_00776e60,0x00776E60,0x00776E6C,12
FUN_00776f30,0x00776F30,0x00776F68,56
entry_00776f60,0x00776F60,0x00776F80,32
FUN_00776f80,0x00776F80,0x00776FB4,52
entry_00776fac,0x00776FAC,0x00776FB0,4
entry_00776fb0,0x00776FB0,0x00776FC0,16
FUN_00776fc0,0x00776FC0,0x00776FD4,20
FUN_007772c0,0x007772C0,0x00777368,168
entry_0077733c,0x0077733C,0x00777360,36
entry_00777360,0x00777360,0x00777364,4
entry_00777364,0x00777364,0x00777380,28
FUN_00777380,0x00777380,0x00777394,20
FUN_007775d0,0x007775D0,0x00777654,132
entry_00777600,0x00777600,0x00777650,80
entry_00777650,0x00777650,0x00777670,32
FUN_00777670,0x00777670,0x00777678,8
FUN_00777ce0,0x00777CE0,0x00777CF4,20
FUN_00777f10,0x00777F10,0x00777F18,8
FUN_00778100,0x00778100,0x0077810C,12
FUN_00778480,0x00778480,0x00778564,228
entry_007784ec,0x007784EC,0x00778508,28
entry_00778508,0x00778508,0x00778520,24
entry_00778520,0x00778520,0x00778538,24
entry_00778538,0x00778538,0x0077855C,36
entry_0077855c,0x0077855C,0x00778560,4
entry_00778560,0x00778560,0x00778580,32
FUN_00778580,0x00778580,0x00778594,20
FUN_00778610,0x00778610,0x00778618,8
FUN_00778990,0x00778990,0x00778A28,152
entry_007789ec,0x007789EC,0x007789F0,4
entry_007789f0,0x007789F0,0x00778A0C,28
entry_00778a0c,0x00778A0C,0x00778A24,24
entry_00778a24,0x00778A24,0x00778A40,28
FUN_00778a40,0x00778A40,0x00778AB8,120
entry_00778a84,0x00778A84,0x00778A98,20
entry_00778a98,0x00778A98,0x00778AB0,24
entry_00778ab0,0x00778AB0,0x00778AB4,4
entry_00778ab4,0x00778AB4,0x00778AD0,28
FUN_00778ad0,0x00778AD0,0x00778AD8,8
FUN_00778c90,0x00778C90,0x00778CE4,84
entry_00778cc4,0x00778CC4,0x00778CDC,24
entry_00778cdc,0x00778CDC,0x00778CE0,4
entry_00778ce0,0x00778CE0,0x00778CF0,16
FUN_00778cf0,0x00778CF0,0x00778F74,128
entry_00778d24,0x00778D24,0x00778D3C,24
entry_00778d3c,0x00778D3C,0x00778F6C,560
entry_00778f6c,0x00778F6C,0x00778F70,4
entry_00778f70,0x00778F70,0x00778F80,16
FUN_00778f80,0x00778F80,0x00778FD4,84
entry_00778fb4,0x00778FB4,0x00778FCC,24
entry_00778fcc,0x00778FCC,0x00778FD0,4
entry_00778fd0,0x00778FD0,0x00778FE0,16
FUN_00778fe0,0x00778FE0,0x00778FF4,20
FUN_00779470,0x00779470,0x007794B8,72
entry_0077949c,0x0077949C,0x007794B4,24
entry_007794b4,0x007794B4,0x007794E0,44
FUN_007794e0,0x007794E0,0x00779534,84
entry_00779514,0x00779514,0x0077952C,24
entry_0077952c,0x0077952C,0x00779530,4
entry_00779530,0x00779530,0x00779540,16
FUN_00779540,0x00779540,0x0077954C,12
FUN_00779a90,0x00779A90,0x00779AA8,24
FUN_0077a530,0x0077A530,0x0077A538,8
FUN_0077a860,0x0077A860,0x0077A938,216
entry_0077a8ac,0x0077A8AC,0x0077A8B8,12
entry_0077a8b8,0x0077A8B8,0x0077A8D4,28
entry_0077a8d4,0x0077A8D4,0x0077A904,48
entry_0077a904,0x0077A904,0x0077A91C,24
entry_0077a91c,0x0077A91C,0x0077A930,20
entry_0077a930,0x0077A930,0x0077A934,4
entry_0077a934,0x0077A934,0x0077A950,28
FUN_0077a950,0x0077A950,0x0077A9AC,92
entry_0077a98c,0x0077A98C,0x0077A9A4,24
entry_0077a9a4,0x0077A9A4,0x0077A9A8,4
entry_0077a9a8,0x0077A9A8,0x0077A9C0,24
FUN_0077a9c0,0x0077A9C0,0x0077A9D4,20
FUN_0077ad70,0x0077AD70,0x0077AD80,16
FUN_0077b1d0,0x0077B1D0,0x0077B24C,124
entry_0077b214,0x0077B214,0x0077B22C,24
entry_0077b22c,0x0077B22C,0x0077B244,24
entry_0077b244,0x0077B244,0x0077B248,4
entry_0077b248,0x0077B248,0x0077B260,24
FUN_0077b260,0x0077B260,0x0077B344,152
entry_0077b2ec,0x0077B2EC,0x0077B308,28
entry_0077b308,0x0077B308,0x0077B33C,52
entry_0077b33c,0x0077B33C,0x0077B340,4
entry_0077b340,0x0077B340,0x0077B350,16
FUN_0077b350,0x0077B350,0x0077B364,20
FUN_0077b7a0,0x0077B7A0,0x0077B818,120
entry_0077b7e4,0x0077B7E4,0x0077B7F8,20
entry_0077b7f8,0x0077B7F8,0x0077B810,24
entry_0077b810,0x0077B810,0x0077B814,4
entry_0077b814,0x0077B814,0x0077B830,28
FUN_0077b830,0x0077B830,0x0077B89C,108
entry_0077b86c,0x0077B86C,0x0077B87C,16
entry_0077b87c,0x0077B87C,0x0077B894,24
entry_0077b894,0x0077B894,0x0077B898,4
entry_0077b898,0x0077B898,0x0077B8B0,24
FUN_0077b8b0,0x0077B8B0,0x0077B8B8,8
FUN_0077ba00,0x0077BA00,0x0077BA18,24
FUN_0077bc60,0x0077BC60,0x0077BCF0,144
entry_0077bc9c,0x0077BC9C,0x0077BCBC,32
entry_0077bcbc,0x0077BCBC,0x0077BCD0,20
entry_0077bcd0,0x0077BCD0,0x0077BD30,96
FUN_0077bd30,0x0077BD30,0x0077BD94,100
entry_0077bd78,0x0077BD78,0x0077BD8C,20
entry_0077bd8c,0x0077BD8C,0x0077BD90,4
entry_0077bd90,0x0077BD90,0x0077BDB0,32
FUN_0077bdb0,0x0077BDB0,0x0077BDBC,12
FUN_0077c050,0x0077C050,0x0077C254,112
entry_0077c21c,0x0077C21C,0x0077C238,28
entry_0077c238,0x0077C238,0x0077C250,24
entry_0077c250,0x0077C250,0x0077C260,16
FUN_0077c260,0x0077C260,0x0077C270,16
FUN_0077c7c0,0x0077C7C0,0x0077C7D0,16
FUN_0077cf50,0x0077CF50,0x0077CFC8,120
entry_0077cf94,0x0077CF94,0x0077CFAC,24
entry_0077cfac,0x0077CFAC,0x0077CFC0,20
entry_0077cfc0,0x0077CFC0,0x0077CFC4,4
entry_0077cfc4,0x0077CFC4,0x0077CFE0,28
FUN_0077cfe0,0x0077CFE0,0x0077D204,420
entry_0077d014,0x0077D014,0x0077D054,64
entry_0077d054,0x0077D054,0x0077D0AC,88
entry_0077d0ac,0x0077D0AC,0x0077D12C,128
entry_0077d12c,0x0077D12C,0x0077D174,72
entry_0077d174,0x0077D174,0x0077D1AC,56
entry_0077d1ac,0x0077D1AC,0x0077D1C8,28
entry_0077d1c8,0x0077D1C8,0x0077D1F4,44
entry_0077d1f4,0x0077D1F4,0x0077D200,12
entry_0077d200,0x0077D200,0x0077D210,16
FUN_0077d210,0x0077D210,0x0077D21C,12
FUN_0077d560,0x0077D560,0x0077D5F0,144
entry_0077d5a4,0x0077D5A4,0x0077D5BC,24
entry_0077d5bc,0x0077D5BC,0x0077D5D4,24
entry_0077d5d4,0x0077D5D4,0x0077D5E8,20
entry_0077d5e8,0x0077D5E8,0x0077D5EC,4
entry_0077d5ec,0x0077D5EC,0x0077D600,20
FUN_0077d600,0x0077D600,0x0077D648,72
entry_0077d62c,0x0077D62C,0x0077D644,24
entry_0077d644,0x0077D644,0x0077D660,28
FUN_0077d660,0x0077D660,0x0077D674,20
FUN_0077d980,0x0077D980,0x0077D9C8,72
entry_0077d9ac,0x0077D9AC,0x0077D9C4,24
entry_0077d9c4,0x0077D9C4,0x0077D9E0,28
FUN_0077d9e0,0x0077D9E0,0x0077D9F4,20
FUN_0077dd00,0x0077DD00,0x0077DD0C,12
FUN_0077de20,0x0077DE20,0x0077DE2C,12
FUN_0077e230,0x0077E230,0x0077E2AC,120
entry_0077e278,0x0077E278,0x0077E290,24
entry_0077e290,0x0077E290,0x0077E2A4,20
entry_0077e2a4,0x0077E2A4,0x0077E2A8,4
entry_0077e2a8,0x0077E2A8,0x0077E2C0,24
FUN_0077e2c0,0x0077E2C0,0x0077E2CC,12
FUN_0077e3e0,0x0077E3E0,0x0077E3EC,12
FUN_0077e7f0,0x0077E7F0,0x0077E86C,120
entry_0077e838,0x0077E838,0x0077E850,24
entry_0077e850,0x0077E850,0x0077E864,20
entry_0077e864,0x0077E864,0x0077E868,4
entry_0077e868,0x0077E868,0x0077E880,24
FUN_0077e880,0x0077E880,0x0077E93C,184
entry_0077e8c0,0x0077E8C0,0x0077E8E0,32
entry_0077e8e0,0x0077E8E0,0x0077E900,32
entry_0077e900,0x0077E900,0x0077E938,56
entry_0077e938,0x0077E938,0x0077E950,24
FUN_0077e950,0x0077E950,0x0077E958,8
FUN_0077ed30,0x0077ED30,0x0077ED3C,12
FUN_0077f070,0x0077F070,0x0077F0EC,124
entry_0077f0b8,0x0077F0B8,0x0077F0D0,24
entry_0077f0d0,0x0077F0D0,0x0077F0E4,20
entry_0077f0e4,0x0077F0E4,0x0077F0E8,4
entry_0077f0e8,0x0077F0E8,0x0077F100,24
FUN_0077f100,0x0077F100,0x0077F228,220
entry_0077f190,0x0077F190,0x0077F1D8,72
entry_0077f1d8,0x0077F1D8,0x0077F21C,68
entry_0077f21c,0x0077F21C,0x0077F224,8
entry_0077f224,0x0077F224,0x0077F240,28
FUN_0077f240,0x0077F240,0x0077F250,16
FUN_0077f660,0x0077F660,0x0077F6DC,124
entry_0077f6a8,0x0077F6A8,0x0077F6C0,24
entry_0077f6c0,0x0077F6C0,0x0077F6D4,20
entry_0077f6d4,0x0077F6D4,0x0077F6D8,4
entry_0077f6d8,0x0077F6D8,0x0077F6F0,24
FUN_0077f6f0,0x0077F6F0,0x0077F700,16
FUN_0077fb50,0x0077FB50,0x0077FB58,8
FUN_0077fd80,0x0077FD80,0x0077FE08,136
entry_0077fdc8,0x0077FDC8,0x0077FDCC,4
entry_0077fdcc,0x0077FDCC,0x0077FDEC,32
entry_0077fdec,0x0077FDEC,0x0077FE00,20
entry_0077fe00,0x0077FE00,0x0077FE04,4
entry_0077fe04,0x0077FE04,0x0077FE20,28
FUN_0077fe20,0x0077FE20,0x0077FE28,8
FUN_00780020,0x00780020,0x0078002C,12
FUN_007802b0,0x007802B0,0x00780338,136
entry_007802f8,0x007802F8,0x007802FC,4
entry_007802fc,0x007802FC,0x0078031C,32
entry_0078031c,0x0078031C,0x00780330,20
entry_00780330,0x00780330,0x00780334,4
entry_00780334,0x00780334,0x00780350,28
FUN_00780350,0x00780350,0x007804E8,408
entry_00780380,0x00780380,0x007803D8,88
entry_007803d8,0x007803D8,0x007803F4,28
entry_007803f4,0x007803F4,0x00780410,28
entry_00780410,0x00780410,0x00780444,52
entry_00780444,0x00780444,0x00780460,28
entry_00780460,0x00780460,0x0078047C,28
entry_0078047c,0x0078047C,0x0078049C,32
entry_0078049c,0x0078049C,0x007804E4,72
entry_007804e4,0x007804E4,0x00780500,28
FUN_00780500,0x00780500,0x00780510,16
FUN_007807a0,0x007807A0,0x007807AC,12
FUN_00781160,0x00781160,0x007811F0,140
entry_00781194,0x00781194,0x007811B4,32
entry_007811b4,0x007811B4,0x007811EC,56
entry_007811ec,0x007811EC,0x00781200,20
FUN_00781200,0x00781200,0x0078127C,124
entry_00781248,0x00781248,0x00781260,24
entry_00781260,0x00781260,0x00781274,20
entry_00781274,0x00781274,0x00781278,4
entry_00781278,0x00781278,0x00781290,24
FUN_00781290,0x00781290,0x0078138C,252
entry_007812d8,0x007812D8,0x00781314,60
entry_00781314,0x00781314,0x00781354,64
entry_00781354,0x00781354,0x00781388,52
entry_00781388,0x00781388,0x007813A0,24
FUN_007813a0,0x007813A0,0x007813A8,8
FUN_00781660,0x00781660,0x00781708,160
entry_007816b0,0x007816B0,0x007816D4,36
entry_007816d4,0x007816D4,0x007816EC,24
entry_007816ec,0x007816EC,0x00781700,20
entry_00781700,0x00781700,0x00781704,4
entry_00781704,0x00781704,0x00781720,28
FUN_00781720,0x00781720,0x00781728,8
FUN_007821e0,0x007821E0,0x007824C4,740
entry_00782210,0x00782210,0x00782220,16
entry_00782220,0x00782220,0x00782280,96
entry_00782280,0x00782280,0x007822A4,36
entry_007822a4,0x007822A4,0x00782400,348
entry_00782400,0x00782400,0x0078240C,12
entry_0078240c,0x0078240C,0x00782444,56
entry_00782444,0x00782444,0x00782454,16
entry_00782454,0x00782454,0x007824B4,96
entry_007824b4,0x007824B4,0x007824C0,12
entry_007824c0,0x007824C0,0x007824E0,32
FUN_007824e0,0x007824E0,0x00782520,64
entry_00782518,0x00782518,0x0078251C,4
entry_0078251c,0x0078251C,0x00782530,20
FUN_00782530,0x00782530,0x00782544,20
FUN_00782680,0x00782680,0x00782694,20
FUN_007829e0,0x007829E0,0x007829F4,20
FUN_00782b40,0x00782B40,0x00782B90,80
entry_00782b88,0x00782B88,0x00782B8C,4
entry_00782b8c,0x00782B8C,0x00782BA0,20
FUN_00782ba0,0x00782BA0,0x00782C1C,96
entry_00782c14,0x00782C14,0x00782C40,44
FUN_00782c40,0x00782C40,0x00782C94,84
entry_00782c74,0x00782C74,0x00782C8C,24
entry_00782c8c,0x00782C8C,0x00782C90,4
entry_00782c90,0x00782C90,0x00782CB0,32
FUN_00782cb0,0x00782CB0,0x00782D04,84
entry_00782ce4,0x00782CE4,0x00782CFC,24
entry_00782cfc,0x00782CFC,0x00782D00,4
entry_00782d00,0x00782D00,0x00782D50,80
FUN_00782d50,0x00782D50,0x00782DA4,84
entry_00782d84,0x00782D84,0x00782D9C,24
entry_00782d9c,0x00782D9C,0x00782DA0,4
entry_00782da0,0x00782DA0,0x00782E00,96
FUN_00782e00,0x00782E00,0x00782EA4,132
entry_00782e30,0x00782E30,0x00782E4C,28
entry_00782e4c,0x00782E4C,0x00782E84,56
entry_00782e84,0x00782E84,0x00782EA0,28
entry_00782ea0,0x00782EA0,0x00782EB0,16
FUN_00782eb0,0x00782EB0,0x00782EC8,24
FUN_007832d0,0x007832D0,0x007832EC,28
FUN_00783420,0x00783420,0x00783430,16
FUN_00783440,0x00783440,0x00783470,48
entry_00783460,0x00783460,0x0078346C,12
entry_0078346c,0x0078346C,0x00783480,20
FUN_00783480,0x00783480,0x0078349C,28
FUN_00783f10,0x00783F10,0x00783FD0,192
entry_00783f5c,0x00783F5C,0x00783F80,36
entry_00783f80,0x00783F80,0x00783FA4,36
entry_00783fa4,0x00783FA4,0x00783FC8,36
entry_00783fc8,0x00783FC8,0x00783FCC,4
entry_00783fcc,0x00783FCC,0x00783FE0,20
FUN_00783fe0,0x00783FE0,0x00783FF4,20
FUN_007840a0,0x007840A0,0x007840B0,16
FUN_00784270,0x00784270,0x007842B0,64
FUN_007842c8,0x007842C8,0x00784560,156
entry_00784310,0x00784310,0x0078434C,60
entry_0078434c,0x0078434C,0x00784538,492
entry_00784538,0x00784538,0x00784568,48
FUN_00784568,0x00784568,0x007845A8,60
entry_00784584,0x00784584,0x007845A4,32
entry_007845a4,0x007845A4,0x007845B0,12
FUN_007845b0,0x007845B0,0x007845F4,68
FUN_00784610,0x00784610,0x00784654,68
FUN_00784680,0x00784680,0x00784750,184
entry_007846e0,0x007846E0,0x00784748,104
entry_00784748,0x00784748,0x00784758,16
FUN_00784758,0x00784758,0x007847D8,104
entry_0078477c,0x0078477C,0x007847D0,84
entry_007847d0,0x007847D0,0x007847E0,16
FUN_007847e0,0x007847E0,0x00784810,48
entry_00784910,0x00784910,0x00784928,24
FUN_00784928,0x00784928,0x00784958,48
FUN_00784a20,0x00784A20,0x00784A68,72
FUN_00784a90,0x00784A90,0x00784AD8,72
FUN_00784b00,0x00784B00,0x00784B48,72
FUN_00784b70,0x00784B70,0x00784BD0,96
FUN_00784bf8,0x00784BF8,0x00784CB0,184
entry_00784c58,0x00784C58,0x00784C80,40
entry_00784c80,0x00784C80,0x00784C88,8
entry_00784c88,0x00784C88,0x00784D40,184
FUN_00784d40,0x00784D40,0x00784D7C,60
FUN_00784e70,0x00784E70,0x00785018,136
entry_00784ec8,0x00784EC8,0x00784FF8,304
entry_00784ff8,0x00784FF8,0x00785020,40
FUN_00785020,0x00785020,0x0078517C,140
entry_0078507c,0x0078507C,0x00785150,212
entry_00785150,0x00785150,0x0078515C,12
entry_0078515c,0x0078515C,0x00785188,44
FUN_00785188,0x00785188,0x007851EC,100
FUN_00785278,0x00785278,0x00785298,32
FUN_007852d0,0x007852D0,0x00785344,116
entry_00785304,0x00785304,0x00785330,44
entry_00785330,0x00785330,0x00785340,16
entry_00785340,0x00785340,0x00785360,32
FUN_00785360,0x00785360,0x007853A4,68
entry_0078538c,0x0078538C,0x007853A0,20
entry_007853a0,0x007853A0,0x007853B0,16
FUN_007853b0,0x007853B0,0x0078546C,132
entry_007853d8,0x007853D8,0x00785468,144
entry_00785468,0x00785468,0x00785480,24
FUN_00785480,0x00785480,0x007854F8,120
entry_007854cc,0x007854CC,0x007854F0,36
entry_007854f0,0x007854F0,0x007854F4,4
entry_007854f4,0x007854F4,0x00785510,28
FUN_00785510,0x00785510,0x00785524,20
FUN_007855b0,0x007855B0,0x00785690,224
entry_007855e4,0x007855E4,0x00785600,28
entry_00785600,0x00785600,0x0078562C,44
entry_0078562c,0x0078562C,0x00785640,20
entry_00785640,0x00785640,0x00785654,20
entry_00785654,0x00785654,0x00785668,20
entry_00785668,0x00785668,0x0078567C,20
entry_0078567c,0x0078567C,0x0078568C,16
entry_0078568c,0x0078568C,0x007856A0,20
FUN_007856a0,0x007856A0,0x007856D0,48
entry_007856cc,0x007856CC,0x007856E0,20
FUN_007856e0,0x007856E0,0x007856F0,16
FUN_00785f60,0x00785F60,0x00785FB4,84
entry_00785f84,0x00785F84,0x00785FA8,36
entry_00785fa8,0x00785FA8,0x00785FAC,4
entry_00785fac,0x00785FAC,0x00785FB0,4
entry_00785fb0,0x00785FB0,0x00785FC0,16
FUN_00785fc0,0x00785FC0,0x00785FDC,28
FUN_00786280,0x00786280,0x00786290,16
FUN_00786420,0x00786420,0x007865C4,420
entry_0078646c,0x0078646C,0x00786490,36
entry_00786490,0x00786490,0x007864B4,36
entry_007864b4,0x007864B4,0x007864D8,36
entry_007864d8,0x007864D8,0x007864FC,36
entry_007864fc,0x007864FC,0x00786520,36
entry_00786520,0x00786520,0x00786550,48
entry_00786550,0x00786550,0x00786568,24
entry_00786568,0x00786568,0x0078658C,36
entry_0078658c,0x0078658C,0x007865BC,48
entry_007865bc,0x007865BC,0x007865C0,4
entry_007865c0,0x007865C0,0x007865E0,32
FUN_007865e0,0x007865E0,0x007865F4,20
FUN_00786780,0x00786780,0x0078681C,156
entry_007867c0,0x007867C0,0x007867CC,12
entry_007867cc,0x007867CC,0x007867F4,40
entry_007867f4,0x007867F4,0x00786808,20
entry_00786808,0x00786808,0x00786830,40
FUN_00786830,0x00786830,0x0078683C,12
FUN_00786a20,0x00786A20,0x00786A34,20
FUN_00786bb0,0x00786BB0,0x00786BBC,12
FUN_00786db0,0x00786DB0,0x00786DC0,16
FUN_00787020,0x00787020,0x00787030,16
FUN_00787320,0x00787320,0x00787328,8
FUN_007877f0,0x007877F0,0x00787804,20
FUN_007879f0,0x007879F0,0x007879F8,8
FUN_00787fb0,0x00787FB0,0x00787FB8,8
FUN_00788810,0x00788810,0x00788818,8
FUN_00788c40,0x00788C40,0x00788C5C,28
FUN_00788cb0,0x00788CB0,0x00788CF0,64
entry_00788ce8,0x00788CE8,0x00788CEC,4
entry_00788cec,0x00788CEC,0x00788D00,20
FUN_00788d00,0x00788D00,0x00788D9C,156
FUN_00788db0,0x00788DB0,0x00788DB8,8
FUN_00788f40,0x00788F40,0x00788F54,20
FUN_00788fc0,0x00788FC0,0x00789024,84
entry_00789010,0x00789010,0x00789018,8
entry_00789018,0x00789018,0x00789030,24
FUN_00789030,0x00789030,0x00789044,20
FUN_007890b0,0x007890B0,0x0078910C,56
entry_007890b8,0x007890B8,0x007890F8,64
entry_007890f8,0x007890F8,0x00789120,40
FUN_00789120,0x00789120,0x0078912C,12
FUN_007892f0,0x007892F0,0x0078932C,60
entry_00789320,0x00789320,0x00789328,8
entry_00789328,0x00789328,0x00789340,24
FUN_00789340,0x00789340,0x00789350,16
FUN_007894b0,0x007894B0,0x00789598,228
entry_007894e4,0x007894E4,0x007894E8,4
entry_007894e8,0x007894E8,0x0078951C,52
entry_0078951c,0x0078951C,0x00789524,8
entry_00789524,0x00789524,0x00789528,4
entry_00789528,0x00789528,0x00789534,12
entry_00789534,0x00789534,0x00789594,96
entry_00789594,0x00789594,0x007895B0,28
FUN_007895b0,0x007895B0,0x007896A0,240
entry_00789604,0x00789604,0x00789674,112
entry_00789674,0x00789674,0x00789694,32
entry_00789694,0x00789694,0x007896B0,28
FUN_007896b0,0x007896B0,0x007896B8,8
FUN_007898e0,0x007898E0,0x00789970,144
entry_00789940,0x00789940,0x00789964,36
entry_00789964,0x00789964,0x00789968,4
entry_00789968,0x00789968,0x00789980,24
FUN_00789980,0x00789980,0x00789B3C,444
entry_007899d4,0x007899D4,0x007899E4,16
entry_007899e4,0x007899E4,0x007899F8,20
entry_007899f8,0x007899F8,0x00789A2C,52
entry_00789a2c,0x00789A2C,0x00789A64,56
entry_00789a64,0x00789A64,0x00789A78,20
entry_00789a78,0x00789A78,0x00789ABC,68
entry_00789abc,0x00789ABC,0x00789AC0,4
entry_00789ac0,0x00789AC0,0x00789AD0,16
entry_00789ad0,0x00789AD0,0x00789B00,48
entry_00789b00,0x00789B00,0x00789B30,48
entry_00789b30,0x00789B30,0x00789B34,4
entry_00789b34,0x00789B34,0x00789B50,28
FUN_00789b50,0x00789B50,0x00789DD4,644
entry_00789ba4,0x00789BA4,0x00789BB0,12
entry_00789bb0,0x00789BB0,0x00789BC0,16
entry_00789bc0,0x00789BC0,0x00789BF0,48
entry_00789bf0,0x00789BF0,0x00789C24,52
entry_00789c24,0x00789C24,0x00789C68,68
entry_00789c68,0x00789C68,0x00789C6C,4
entry_00789c6c,0x00789C6C,0x00789C7C,16
entry_00789c7c,0x00789C7C,0x00789CB0,52
entry_00789cb0,0x00789CB0,0x00789CE4,52
entry_00789ce4,0x00789CE4,0x00789D28,68
entry_00789d28,0x00789D28,0x00789D38,16
entry_00789d38,0x00789D38,0x00789D68,48
entry_00789d68,0x00789D68,0x00789D98,48
entry_00789d98,0x00789D98,0x00789DC8,48
entry_00789dc8,0x00789DC8,0x00789DCC,4
entry_00789dcc,0x00789DCC,0x00789DE0,20
FUN_00789de0,0x00789DE0,0x00789E68,136
entry_00789e50,0x00789E50,0x00789E58,8
entry_00789e58,0x00789E58,0x00789E5C,4
entry_00789e5c,0x00789E5C,0x00789E64,8
entry_00789e64,0x00789E64,0x00789E80,28
FUN_00789e80,0x00789E80,0x00789F3C,188
entry_00789ed4,0x00789ED4,0x00789EF8,36
entry_00789ef8,0x00789EF8,0x00789F30,56
entry_00789f30,0x00789F30,0x00789F34,4
entry_00789f34,0x00789F34,0x00789F38,4
entry_00789f38,0x00789F38,0x00789F50,24
FUN_00789f50,0x00789F50,0x00789F58,8
FUN_0078a040,0x0078A040,0x0078A088,72
entry_0078a078,0x0078A078,0x0078A0B0,56
FUN_0078a0b0,0x0078A0B0,0x0078A0FC,72
entry_0078a0e8,0x0078A0E8,0x0078A0F8,16
entry_0078a0f8,0x0078A0F8,0x0078A110,24
FUN_0078a110,0x0078A110,0x0078A138,40
FUN_0078a1a0,0x0078A1A0,0x0078A1AC,12
FUN_0078a2f0,0x0078A2F0,0x0078A30C,28
FUN_0078a3e0,0x0078A3E0,0x0078A454,96
entry_0078a44c,0x0078A44C,0x0078A4A0,84
FUN_0078a4a0,0x0078A4A0,0x0078A4E8,72
entry_0078a4e0,0x0078A4E0,0x0078A4E4,4
entry_0078a4e4,0x0078A4E4,0x0078A4F0,12
FUN_0078a4f0,0x0078A4F0,0x0078A540,80
entry_0078a52c,0x0078A52C,0x0078A550,36
FUN_0078a550,0x0078A550,0x0078A5A0,80
entry_0078a58c,0x0078A58C,0x0078A5B0,36
FUN_0078a5b0,0x0078A5B0,0x0078A5E0,48
FUN_0078a670,0x0078A670,0x0078A67C,12
FUN_0078a910,0x0078A910,0x0078A918,8
FUN_0078aa50,0x0078AA50,0x0078AA5C,12
FUN_0078ac40,0x0078AC40,0x0078AC54,20
FUN_0078ae00,0x0078AE00,0x0078AE14,20
FUN_0078af50,0x0078AF50,0x0078B080,172
entry_0078af90,0x0078AF90,0x0078AFDC,76
entry_0078afdc,0x0078AFDC,0x0078B028,76
entry_0078b028,0x0078B028,0x0078B02C,4
entry_0078b02c,0x0078B02C,0x0078B07C,80
entry_0078b07c,0x0078B07C,0x0078B090,20
FUN_0078b090,0x0078B090,0x0078B1EC,288
entry_0078b104,0x0078B104,0x0078B130,44
entry_0078b130,0x0078B130,0x0078B180,80
entry_0078b180,0x0078B180,0x0078B1D4,84
entry_0078b1d4,0x0078B1D4,0x0078B1D8,4
entry_0078b1d8,0x0078B1D8,0x0078B270,152
FUN_0078b270,0x0078B270,0x0078B2B4,68
entry_0078b2ac,0x0078B2AC,0x0078B2B0,4
entry_0078b2b0,0x0078B2B0,0x0078B2C0,16
FUN_0078b2c0,0x0078B2C0,0x0078B2CC,12
FUN_0078b470,0x0078B470,0x0078B480,16
FUN_0078b6b0,0x0078B6B0,0x0078B6BC,12
FUN_0078b720,0x0078B720,0x0078B730,16
FUN_0078b9d0,0x0078B9D0,0x0078B9DC,12
FUN_0078ba90,0x0078BA90,0x0078BA98,8
FUN_0078bc00,0x0078BC00,0x0078BC14,20
entry_0078bc04,0x0078BC04,0x0078BFA0,924
FUN_0078bfa0,0x0078BFA0,0x0078C010,112
entry_0078c008,0x0078C008,0x0078C00C,4
entry_0078c00c,0x0078C00C,0x0078C020,20
FUN_0078c020,0x0078C020,0x0078C118,248
entry_0078c054,0x0078C054,0x0078C090,60
entry_0078c090,0x0078C090,0x0078C0C0,48
entry_0078c0c0,0x0078C0C0,0x0078C0F0,48
entry_0078c0f0,0x0078C0F0,0x0078C10C,28
entry_0078c10c,0x0078C10C,0x0078C120,20
FUN_0078c120,0x0078C120,0x0078C188,104
entry_0078c14c,0x0078C14C,0x0078C1C0,116
FUN_0078c1c0,0x0078C1C0,0x0078C248,68
entry_0078c240,0x0078C240,0x0078C260,32
FUN_0078c260,0x0078C260,0x0078C2B8,68
entry_0078c2b0,0x0078C2B0,0x0078C2D0,32
FUN_0078c2d0,0x0078C2D0,0x0078C2EC,28
entry_0078c410,0x0078C410,0x0078C4DC,204
entry_0078c4dc,0x0078C4DC,0x0078C550,116
FUN_0078c550,0x0078C550,0x0078C568,24
entry_0078c578,0x0078C578,0x0078C5FC,132
entry_0078c5fc,0x0078C5FC,0x0078C638,60
entry_0078c638,0x0078C638,0x0078C658,32
entry_0078c658,0x0078C658,0x0078C678,32
entry_0078c678,0x0078C678,0x0078C67C,4
entry_0078c67c,0x0078C67C,0x0078C710,148
entry_0078c710,0x0078C710,0x0078C714,4
entry_0078c714,0x0078C714,0x0078C740,44
FUN_0078c740,0x0078C740,0x0078C784,68
entry_0078c77c,0x0078C77C,0x0078C780,4
entry_0078c780,0x0078C780,0x0078C790,16
FUN_0078c790,0x0078C790,0x0078C7AC,28
FUN_0078c8f0,0x0078C8F0,0x0078C908,24
FUN_0078cb70,0x0078CB70,0x0078CBA4,52
entry_0078cbc0,0x0078CBC0,0x0078CCF0,304
FUN_0078ccf0,0x0078CCF0,0x0078CCF8,8
FUN_0078d510,0x0078D510,0x0078D714,284
entry_0078d54c,0x0078D54C,0x0078D568,28
entry_0078d568,0x0078D568,0x0078D628,192
entry_0078d628,0x0078D628,0x0078D658,48
entry_0078d658,0x0078D658,0x0078D6B0,88
entry_0078d6b0,0x0078D6B0,0x0078D710,96
entry_0078d710,0x0078D710,0x0078D730,32
FUN_0078d730,0x0078D730,0x0078D738,8
FUN_0078d880,0x0078D880,0x0078D928,60
entry_0078d924,0x0078D924,0x0078D940,28
FUN_0078d940,0x0078D940,0x0078D950,16
FUN_0078deb0,0x0078DEB0,0x0078DF00,80
entry_0078def8,0x0078DEF8,0x0078DEFC,4
entry_0078defc,0x0078DEFC,0x0078DF10,20
FUN_0078df10,0x0078DF10,0x0078E068,344
FUN_0078e0a0,0x0078E0A0,0x0078E0C8,40
FUN_0078e0e0,0x0078E0E0,0x0078E12C,64
entry_0078e100,0x0078E100,0x0078E124,36
entry_0078e124,0x0078E124,0x0078E140,28
FUN_0078e140,0x0078E140,0x0078E338,480
entry_0078e17c,0x0078E17C,0x0078E1C0,68
entry_0078e1c0,0x0078E1C0,0x0078E1E4,36
entry_0078e1e4,0x0078E1E4,0x0078E204,32
entry_0078e204,0x0078E204,0x0078E220,28
entry_0078e220,0x0078E220,0x0078E254,52
entry_0078e254,0x0078E254,0x0078E288,52
entry_0078e288,0x0078E288,0x0078E2A8,32
entry_0078e2a8,0x0078E2A8,0x0078E2C4,28
entry_0078e2c4,0x0078E2C4,0x0078E2F8,52
entry_0078e2f8,0x0078E2F8,0x0078E318,32
entry_0078e318,0x0078E318,0x0078E32C,20
entry_0078e32c,0x0078E32C,0x0078E330,4
entry_0078e330,0x0078E330,0x0078E350,32
FUN_0078e350,0x0078E350,0x0078E38C,60
FUN_0078e3a0,0x0078E3A0,0x0078E3B0,16
FUN_0078e610,0x0078E610,0x0078E664,84
entry_0078e65c,0x0078E65C,0x0078E660,4
entry_0078e660,0x0078E660,0x0078E670,16
FUN_0078e670,0x0078E670,0x0078E67C,12
FUN_0078e710,0x0078E710,0x0078E720,16
FUN_0078e850,0x0078E850,0x0078E858,8
FUN_0078eb10,0x0078EB10,0x0078EB1C,12
FUN_0078ec30,0x0078EC30,0x0078EC74,60
entry_0078ec50,0x0078EC50,0x0078EC70,32
entry_0078ec70,0x0078EC70,0x0078EC90,32
entry_0078ec90,0x0078EC90,0x0078ECA0,16
entry_0078eca0,0x0078ECA0,0x0078ED10,112
FUN_0078ed10,0x0078ED10,0x0078ED24,20
FUN_0078ed70,0x0078ED70,0x0078EDB8,64
entry_0078ed98,0x0078ED98,0x0078EDB4,28
entry_0078edb4,0x0078EDB4,0x0078EDD0,28
FUN_0078edd0,0x0078EDD0,0x0078EE44,104
entry_0078ee10,0x0078EE10,0x0078EE24,20
entry_0078ee24,0x0078EE24,0x0078EE40,28
entry_0078ee40,0x0078EE40,0x0078EE60,32
FUN_0078ee60,0x0078EE60,0x0078EEA8,64
entry_0078ee88,0x0078EE88,0x0078EEA4,28
entry_0078eea4,0x0078EEA4,0x0078EEC0,28
FUN_0078eec0,0x0078EEC0,0x0078EF34,104
entry_0078ef00,0x0078EF00,0x0078EF14,20
entry_0078ef14,0x0078EF14,0x0078EF30,28
entry_0078ef30,0x0078EF30,0x0078EFB0,128
FUN_0078efb0,0x0078EFB0,0x0078EFD0,32
FUN_0078f020,0x0078F020,0x0078F030,16
FUN_0078f110,0x0078F110,0x0078F11C,12
FUN_0078f330,0x0078F330,0x0078F34C,28
FUN_0078f500,0x0078F500,0x0078F508,8
FUN_0078f640,0x0078F640,0x0078F648,8
FUN_0078fef0,0x0078FEF0,0x0078FF04,20
FUN_0078ffb0,0x0078FFB0,0x0078FFF0,64
entry_0078ffe8,0x0078FFE8,0x0078FFEC,4
entry_0078ffec,0x0078FFEC,0x00790060,116
FUN_00790060,0x00790060,0x00790068,8
FUN_00790250,0x00790250,0x00790264,20
FUN_00790290,0x00790290,0x007902A4,20
FUN_007902d0,0x007902D0,0x007902E4,20
FUN_00790310,0x00790310,0x007903F0,180
entry_00790368,0x00790368,0x00790378,16
entry_00790378,0x00790378,0x0079037C,4
entry_0079037c,0x0079037C,0x007903B0,52
entry_007903b0,0x007903B0,0x007903C0,16
entry_007903c0,0x007903C0,0x007903E8,40
entry_007903e8,0x007903E8,0x007903EC,4
entry_007903ec,0x007903EC,0x00790400,20
FUN_00790400,0x00790400,0x007904CC,200
entry_00790424,0x00790424,0x00790450,44
entry_00790450,0x00790450,0x00790460,16
entry_00790460,0x00790460,0x00790464,4
entry_00790464,0x00790464,0x00790494,48
entry_00790494,0x00790494,0x007904A4,16
entry_007904a4,0x007904A4,0x007904AC,8
entry_007904ac,0x007904AC,0x007904C8,28
entry_007904c8,0x007904C8,0x007904E0,24
FUN_007904e0,0x007904E0,0x007904F8,24
FUN_00790590,0x00790590,0x00790598,8
FUN_00790dd0,0x00790DD0,0x00790DD8,8
FUN_007917a0,0x007917A0,0x007917E0,64
entry_007917d8,0x007917D8,0x007917DC,4
entry_007917dc,0x007917DC,0x007917F0,20
FUN_007917f0,0x007917F0,0x00791838,72
FUN_00791850,0x00791850,0x00791898,72
FUN_007918b0,0x007918B0,0x007918C0,16
FUN_007919a0,0x007919A0,0x007919EC,76
entry_007919cc,0x007919CC,0x007919E8,28
entry_007919e8,0x007919E8,0x00791A00,24
FUN_00791a00,0x00791A00,0x00791A4C,76
entry_00791a2c,0x00791A2C,0x00791A48,28
entry_00791a48,0x00791A48,0x00791A60,24
FUN_00791a60,0x00791A60,0x00791A90,48
entry_00791a80,0x00791A80,0x00791A8C,12
entry_00791a8c,0x00791A8C,0x00791AA0,20
FUN_00791aa0,0x00791AA0,0x00791ABC,28
entry_00791bc4,0x00791BC4,0x00791BC8,4
entry_00791bc8,0x00791BC8,0x00791BD4,12
entry_00791bd4,0x00791BD4,0x00791BD8,4
entry_00791bd8,0x00791BD8,0x00791C04,44
entry_00791c04,0x00791C04,0x00791C90,140
FUN_00791c90,0x00791C90,0x00791CE8,88
entry_00791cbc,0x00791CBC,0x00791CE0,36
entry_00791ce0,0x00791CE0,0x00791D00,32
FUN_00791d00,0x00791D00,0x00791D78,120
entry_00791d4c,0x00791D4C,0x00791D70,36
entry_00791d70,0x00791D70,0x00791D74,4
entry_00791d74,0x00791D74,0x00791D90,28
FUN_00791d90,0x00791D90,0x00791E3C,172
entry_00791dc4,0x00791DC4,0x00791DE0,28
entry_00791de0,0x00791DE0,0x00791DFC,28
entry_00791dfc,0x00791DFC,0x00791E38,60
entry_00791e38,0x00791E38,0x00791E50,24
FUN_00791e50,0x00791E50,0x00791E64,20
FUN_007925a0,0x007925A0,0x007926A8,132
entry_007925c4,0x007925C4,0x007926A0,220
entry_007926a0,0x007926A0,0x007926A4,4
entry_007926a4,0x007926A4,0x007926C0,28
FUN_007926c0,0x007926C0,0x007926C8,8
FUN_00792890,0x00792890,0x007929AC,284
entry_007928dc,0x007928DC,0x007928E0,4
entry_007928e0,0x007928E0,0x00792904,36
entry_00792904,0x00792904,0x00792928,36
entry_00792928,0x00792928,0x00792954,44
entry_00792954,0x00792954,0x00792978,36
entry_00792978,0x00792978,0x007929A4,44
entry_007929a4,0x007929A4,0x007929A8,4
entry_007929a8,0x007929A8,0x007929C0,24
FUN_007929c0,0x007929C0,0x007929D4,20
FUN_00792af0,0x00792AF0,0x008A8888,696
entry_00792b3c,0x00792B3C,0x00792B68,44
entry_00792b68,0x00792B68,0x00792B7C,20
entry_00792b7c,0x00792B7C,0x00792B84,8
entry_00792b84,0x00792B84,0x00792BA4,32
entry_00792ba4,0x00792BA4,0x00792BB4,16
entry_00792bb4,0x00792BB4,0x00792BD8,36
entry_00792bd8,0x00792BD8,0x00792BE8,16
entry_00792be8,0x00792BE8,0x00792C08,32
entry_00792c08,0x00792C08,0x00792C1C,20
entry_00792c1c,0x00792C1C,0x00792C2C,16
entry_00792c2c,0x00792C2C,0x00792C30,4
entry_00792c30,0x00792C30,0x00792DD0,416
entry_00792dd0,0x00792DD0,0x00792E04,52
entry_00792e04,0x00792E04,0x00792E0C,8
entry_00792e0c,0x00792E0C,0x00792E1C,16
entry_00792e1c,0x00792E1C,0x00792E30,20
entry_00792e30,0x00792E30,0x00792E38,8
entry_00792e38,0x00792E38,0x00792E58,32
entry_00792e58,0x00792E58,0x00792E68,16
entry_00792e68,0x00792E68,0x00792E8C,36
entry_00792e8c,0x00792E8C,0x00792E9C,16
entry_00792e9c,0x00792E9C,0x00792EBC,32
entry_00792ebc,0x00792EBC,0x00792ED4,24
entry_00792ed4,0x00792ED4,0x00792F1C,72
entry_00792f1c,0x00792F1C,0x00792F20,4
entry_00792f20,0x00792F20,0x00792F40,32
entry_00792f40,0x00792F40,0x00792F44,4
entry_00792f44,0x00792F44,0x00792F60,28
FUN_00792f60,0x00792F60,0x008D2F6C,16
FUN_00792f80,0x00792F80,0x00792F88,8
FUN_007931f0,0x007931F0,0x00793204,20
FUN_00793710,0x00793710,0x00793718,8
FUN_00793720,0x00793720,0x00793730,16
FUN_00793fa0,0x00793FA0,0x00793FA8,8
FUN_00794180,0x00794180,0x00794188,8
FUN_00794360,0x00794360,0x00794390,48
FUN_007943b0,0x007943B0,0x007943BC,12
FUN_00794470,0x00794470,0x00794534,196
entry_00794494,0x00794494,0x007944A8,20
entry_007944a8,0x007944A8,0x007944B0,8
entry_007944b0,0x007944B0,0x007944C8,24
entry_007944c8,0x007944C8,0x007944E8,32
entry_007944e8,0x007944E8,0x007944F8,16
entry_007944f8,0x007944F8,0x00794500,8
entry_00794500,0x00794500,0x00794520,32
entry_00794520,0x00794520,0x00794530,16
entry_00794530,0x00794530,0x00794550,32
FUN_00794550,0x00794550,0x00794574,36
FUN_00794580,0x00794580,0x0079459C,28
FUN_007945b0,0x007945B0,0x007945D0,32
FUN_007945e0,0x007945E0,0x00794618,56
entry_00794608,0x00794608,0x00794620,24
FUN_00794620,0x00794620,0x0079463C,28
FUN_00794960,0x00794960,0x0079497C,28
entry_00794974,0x00794974,0x00794990,28
FUN_00794990,0x00794990,0x0079499C,12
FUN_00794cc0,0x00794CC0,0x00794DD0,264
entry_00794cf4,0x00794CF4,0x00794CF8,4
entry_00794cf8,0x00794CF8,0x00794D20,40
entry_00794d20,0x00794D20,0x00794D28,8
entry_00794d28,0x00794D28,0x00794D2C,4
entry_00794d2c,0x00794D2C,0x00794D50,36
entry_00794d50,0x00794D50,0x00794D54,4
entry_00794d54,0x00794D54,0x00794D84,48
entry_00794d84,0x00794D84,0x00794D8C,8
entry_00794d8c,0x00794D8C,0x00794D90,4
entry_00794d90,0x00794D90,0x00794D9C,12
entry_00794d9c,0x00794D9C,0x00794DCC,48
entry_00794dcc,0x00794DCC,0x00794DE0,20
FUN_00794de0,0x00794DE0,0x00794E14,52
FUN_00794e20,0x00794E20,0x00794E64,68
entry_00794e58,0x00794E58,0x00794E70,24
FUN_00794e70,0x00794E70,0x00794EB0,64
entry_00794ea8,0x00794EA8,0x00794EC0,24
FUN_00794ec0,0x00794EC0,0x00794ECC,12
FUN_00795160,0x00795160,0x00795174,20
FUN_007952b0,0x007952B0,0x007952C4,20
FUN_007953f0,0x007953F0,0x00795400,16
FUN_00795520,0x00795520,0x00795534,20
FUN_00795740,0x00795740,0x00795750,16
FUN_007958f0,0x007958F0,0x007958F8,8
FUN_00795b00,0x00795B00,0x00795B08,8
FUN_00795ce0,0x00795CE0,0x00795CE8,8
FUN_00795ee0,0x00795EE0,0x00795EE8,8
FUN_007960b0,0x007960B0,0x007960C0,16
FUN_00796230,0x00796230,0x00796240,16
FUN_007963b0,0x007963B0,0x007963C0,16
FUN_00796520,0x00796520,0x00796530,16
FUN_00796670,0x00796670,0x00796680,16
FUN_007967b0,0x007967B0,0x00796850,160
entry_007967d4,0x007967D4,0x007967F0,28
entry_007967f0,0x007967F0,0x0079681C,44
entry_0079681c,0x0079681C,0x00796824,8
entry_00796824,0x00796824,0x00796828,4
entry_00796828,0x00796828,0x00796838,16
entry_00796838,0x00796838,0x0079684C,20
entry_0079684c,0x0079684C,0x00796860,20
FUN_00796860,0x00796860,0x00796900,160
entry_00796884,0x00796884,0x007968A0,28
entry_007968a0,0x007968A0,0x007968CC,44
entry_007968cc,0x007968CC,0x007968D4,8
entry_007968d4,0x007968D4,0x007968D8,4
entry_007968d8,0x007968D8,0x007968E8,16
entry_007968e8,0x007968E8,0x007968FC,20
entry_007968fc,0x007968FC,0x00796910,20
FUN_00796910,0x00796910,0x007969B0,160
entry_00796934,0x00796934,0x00796950,28
entry_00796950,0x00796950,0x0079697C,44
entry_0079697c,0x0079697C,0x00796984,8
entry_00796984,0x00796984,0x00796988,4
entry_00796988,0x00796988,0x00796998,16
entry_00796998,0x00796998,0x007969AC,20
entry_007969ac,0x007969AC,0x007969C0,20
FUN_007969c0,0x007969C0,0x00796AB0,240
entry_007969e8,0x007969E8,0x00796A04,28
entry_00796a04,0x00796A04,0x00796A30,44
entry_00796a30,0x00796A30,0x00796A38,8
entry_00796a38,0x00796A38,0x00796A3C,4
entry_00796a3c,0x00796A3C,0x00796A4C,16
entry_00796a4c,0x00796A4C,0x00796A60,20
entry_00796a60,0x00796A60,0x00796A74,20
entry_00796a74,0x00796A74,0x00796A78,4
entry_00796a78,0x00796A78,0x00796A88,16
entry_00796a88,0x00796A88,0x00796A98,16
entry_00796a98,0x00796A98,0x00796AAC,20
entry_00796aac,0x00796AAC,0x00796AC0,20
FUN_00796ac0,0x00796AC0,0x00796BB0,240
entry_00796ae8,0x00796AE8,0x00796B04,28
entry_00796b04,0x00796B04,0x00796B30,44
entry_00796b30,0x00796B30,0x00796B38,8
entry_00796b38,0x00796B38,0x00796B3C,4
entry_00796b3c,0x00796B3C,0x00796B4C,16
entry_00796b4c,0x00796B4C,0x00796B60,20
entry_00796b60,0x00796B60,0x00796B74,20
entry_00796b74,0x00796B74,0x00796B78,4
entry_00796b78,0x00796B78,0x00796B88,16
entry_00796b88,0x00796B88,0x00796B98,16
entry_00796b98,0x00796B98,0x00796BAC,20
entry_00796bac,0x00796BAC,0x00796BC0,20
FUN_00796bc0,0x00796BC0,0x00796BD0,16
FUN_00796d10,0x00796D10,0x00796D50,64
entry_00796d48,0x00796D48,0x00796D4C,4
entry_00796d4c,0x00796D4C,0x00796D60,20
FUN_00796d60,0x00796D60,0x00796E88,296
entry_00796d88,0x00796D88,0x00796DA4,28
entry_00796da4,0x00796DA4,0x00796DCC,40
entry_00796dcc,0x00796DCC,0x00796DE0,20
entry_00796de0,0x00796DE0,0x00796E08,40
entry_00796e08,0x00796E08,0x00796E10,8
entry_00796e10,0x00796E10,0x00796E14,4
entry_00796e14,0x00796E14,0x00796E24,16
entry_00796e24,0x00796E24,0x00796E38,20
entry_00796e38,0x00796E38,0x00796E48,16
entry_00796e48,0x00796E48,0x00796E4C,4
entry_00796e4c,0x00796E4C,0x00796E60,20
entry_00796e60,0x00796E60,0x00796E70,16
entry_00796e70,0x00796E70,0x00796E84,20
entry_00796e84,0x00796E84,0x00796EA0,28
FUN_00796ea0,0x00796EA0,0x00796EDC,60
entry_00796ecc,0x00796ECC,0x00796ED4,8
entry_00796ed4,0x00796ED4,0x00796ED8,4
entry_00796ed8,0x00796ED8,0x00796EF0,24
FUN_00796ef0,0x00796EF0,0x00796FC8,216
entry_00796f14,0x00796F14,0x00796F40,44
entry_00796f40,0x00796F40,0x00796F48,8
entry_00796f48,0x00796F48,0x00796F70,40
entry_00796f70,0x00796F70,0x00796FA0,48
entry_00796fa0,0x00796FA0,0x00796FB8,24
entry_00796fb8,0x00796FB8,0x00796FC0,8
entry_00796fc0,0x00796FC0,0x00796FC4,4
entry_00796fc4,0x00796FC4,0x00797000,60
FUN_00797000,0x00797000,0x0079700C,12
FUN_00797190,0x00797190,0x007971B4,36
entry_007971a8,0x007971A8,0x007971C0,24
FUN_007971c0,0x007971C0,0x007971E4,36
entry_007971d8,0x007971D8,0x007971F0,24
FUN_007971f0,0x007971F0,0x00797214,36
entry_00797208,0x00797208,0x00797280,120
FUN_00797280,0x00797280,0x00797288,8
FUN_00797360,0x00797360,0x00797368,8
FUN_00797440,0x00797440,0x007974AC,108
entry_00797464,0x00797464,0x007974A0,60
entry_007974a0,0x007974A0,0x007974A8,8
entry_007974a8,0x007974A8,0x007974C0,24
FUN_007974c0,0x007974C0,0x00797538,120
entry_007974f8,0x007974F8,0x00797514,28
entry_00797514,0x00797514,0x00797520,12
entry_00797520,0x00797520,0x00797530,16
entry_00797530,0x00797530,0x00797590,96
FUN_00797590,0x00797590,0x007975C0,48
entry_007975a8,0x007975A8,0x007975B8,16
entry_007975b8,0x007975B8,0x007975D0,24
FUN_007975d0,0x007975D0,0x007975E4,20
FUN_007977a0,0x007977A0,0x007977BC,28
FUN_00797a40,0x00797A40,0x00797A5C,28
FUN_00797c30,0x00797C30,0x00797C38,8
FUN_00797c40,0x00797C40,0x00797C48,8
FUN_00797c50,0x00797C50,0x00797D04,180
entry_00797c74,0x00797C74,0x00797C88,20
entry_00797c88,0x00797C88,0x00797CAC,36
entry_00797cac,0x00797CAC,0x00797CBC,16
entry_00797cbc,0x00797CBC,0x00797CD8,28
entry_00797cd8,0x00797CD8,0x00797CDC,4
entry_00797cdc,0x00797CDC,0x00797CF0,20
entry_00797cf0,0x00797CF0,0x00797D00,16
entry_00797d00,0x00797D00,0x00797D10,16
FUN_00797d10,0x00797D10,0x00917DE8,284
entry_00797d40,0x00797D40,0x00797D50,16
entry_00797d50,0x00797D50,0x00797D74,36
entry_00797d74,0x00797D74,0x00797D84,16
entry_00797d84,0x00797D84,0x00797DA0,28
entry_00797da0,0x00797DA0,0x00797DA4,4
entry_00797da4,0x00797DA4,0x00797DBC,24
entry_00797dbc,0x00797DBC,0x00797E08,76
entry_00797e08,0x00797E08,0x00797E20,24
FUN_00797e20,0x00797E20,0x00797F58,284
entry_00797e5c,0x00797E5C,0x00797E88,44
entry_00797e88,0x00797E88,0x00797F04,124
entry_00797f04,0x00797F04,0x00797F30,44
entry_00797f30,0x00797F30,0x00797F4C,28
entry_00797f4c,0x00797F4C,0x00797F70,36
FUN_00797f70,0x00797F70,0x00797F74,4
FUN_00797f80,0x00797F80,0x00797F84,4
FUN_00797f90,0x00797F90,0x00797F9C,12
entry_00798240,0x00798240,0x00798250,16
FUN_00798250,0x00798250,0x00798258,8
FUN_00798330,0x00798330,0x00798331,1
FUN_00798340,0x00798340,0x0079839C,92
FUN_00798440,0x00798440,0x00798454,20
FUN_007986b0,0x007986B0,0x00798740,144
entry_007986c0,0x007986C0,0x007986D8,24
entry_007986d8,0x007986D8,0x007986DC,4
entry_007986dc,0x007986DC,0x007986EC,16
entry_007986ec,0x007986EC,0x00798700,20
entry_00798700,0x00798700,0x00798704,4
entry_00798704,0x00798704,0x00798714,16
entry_00798714,0x00798714,0x00798728,20
entry_00798728,0x00798728,0x0079872C,4
entry_0079872c,0x0079872C,0x0079873C,16
entry_0079873c,0x0079873C,0x00798750,20
FUN_00798750,0x00798750,0x007987BC,108
entry_00798768,0x00798768,0x0079878C,36
entry_0079878c,0x0079878C,0x0079879C,16
entry_0079879c,0x0079879C,0x007987D0,52
FUN_007987d0,0x007987D0,0x00798808,56
entry_007987e8,0x007987E8,0x00798810,40
FUN_00798810,0x00798810,0x00798854,68
entry_00798850,0x00798850,0x00798860,16
FUN_00798860,0x00798860,0x00798894,52
FUN_007988a0,0x007988A0,0x007988B8,24
FUN_007988c0,0x007988C0,0x007988EC,44
FUN_00798a00,0x00798A00,0x00798B64,268
entry_00798a84,0x00798A84,0x00798AE0,92
entry_00798ae0,0x00798AE0,0x00798B20,64
entry_00798b20,0x00798B20,0x00798B70,80
FUN_00798b70,0x00798B70,0x00798BDC,108
entry_00798ba0,0x00798BA0,0x00798BC4,36
entry_00798bc4,0x00798BC4,0x00798BC8,4
entry_00798bc8,0x00798BC8,0x00798BD4,12
entry_00798bd4,0x00798BD4,0x00798BF0,28
FUN_00798bf0,0x00798BF0,0x00798BF8,8
FUN_00799990,0x00799990,0x007999E8,88
entry_007999d4,0x007999D4,0x007999E4,16
entry_007999e4,0x007999E4,0x00799A70,140
FUN_00799a70,0x00799A70,0x00799A7C,12
FUN_00799c50,0x00799C50,0x00799D08,184
entry_00799c84,0x00799C84,0x00799CA0,28
entry_00799ca0,0x00799CA0,0x00799CB0,16
entry_00799cb0,0x00799CB0,0x00799CB8,8
entry_00799cb8,0x00799CB8,0x00799CD4,28
entry_00799cd4,0x00799CD4,0x00799CF4,32
entry_00799cf4,0x00799CF4,0x00799D04,16
entry_00799d04,0x00799D04,0x00799D20,28
FUN_00799d20,0x00799D20,0x00799D38,24
FUN_00799d40,0x00799D40,0x00799DB4,116
entry_00799d54,0x00799D54,0x00799D70,28
entry_00799d70,0x00799D70,0x00799D78,8
entry_00799d78,0x00799D78,0x00799D80,8
entry_00799d80,0x00799D80,0x00799DA4,36
entry_00799da4,0x00799DA4,0x00799DB0,12
entry_00799db0,0x00799DB0,0x00799DC0,16
FUN_00799dc0,0x00799DC0,0x00799DE8,40
FUN_00799ef0,0x00799EF0,0x00799F9C,172
entry_00799f3c,0x00799F3C,0x00799F40,4
entry_00799f40,0x00799F40,0x00799F5C,28
entry_00799f5c,0x00799F5C,0x00799F60,4
entry_00799f60,0x00799F60,0x00799F80,32
entry_00799f80,0x00799F80,0x00799F88,8
entry_00799f88,0x00799F88,0x00799FC0,56
FUN_00799fc0,0x00799FC0,0x00799FC1,1
FUN_00799fd0,0x00799FD0,0x0079A50C,1340
entry_0079a00c,0x0079A00C,0x0079A010,4
entry_0079a010,0x0079A010,0x0079A02C,28
entry_0079a02c,0x0079A02C,0x0079A030,4
entry_0079a030,0x0079A030,0x0079A04C,28
entry_0079a04c,0x0079A04C,0x0079A060,20
entry_0079a060,0x0079A060,0x0079A06C,12
entry_0079a06c,0x0079A06C,0x0079A088,28
entry_0079a088,0x0079A088,0x0079A0AC,36
entry_0079a0ac,0x0079A0AC,0x0079A0B4,8
entry_0079a0b4,0x0079A0B4,0x0079A104,80
entry_0079a104,0x0079A104,0x0079A108,4
entry_0079a108,0x0079A108,0x0079A130,40
entry_0079a130,0x0079A130,0x0079A134,4
entry_0079a134,0x0079A134,0x0079A15C,40
entry_0079a15c,0x0079A15C,0x0079A160,4
entry_0079a160,0x0079A160,0x0079A184,36
entry_0079a184,0x0079A184,0x0079A194,16
entry_0079a194,0x0079A194,0x0079A1A8,20
entry_0079a1a8,0x0079A1A8,0x0079A1C0,24
entry_0079a1c0,0x0079A1C0,0x0079A1D0,16
entry_0079a1d0,0x0079A1D0,0x0079A220,80
entry_0079a220,0x0079A220,0x0079A240,32
entry_0079a240,0x0079A240,0x0079A260,32
entry_0079a260,0x0079A260,0x0079A28C,44
entry_0079a28c,0x0079A28C,0x0079A2B0,36
entry_0079a2b0,0x0079A2B0,0x0079A2DC,44
entry_0079a2dc,0x0079A2DC,0x0079A304,40
entry_0079a304,0x0079A304,0x0079A318,20
entry_0079a318,0x0079A318,0x0079A34C,52
entry_0079a34c,0x0079A34C,0x0079A398,76
entry_0079a398,0x0079A398,0x0079A3B8,32
entry_0079a3b8,0x0079A3B8,0x0079A3D8,32
entry_0079a3d8,0x0079A3D8,0x0079A404,44
entry_0079a404,0x0079A404,0x0079A424,32
entry_0079a424,0x0079A424,0x0079A458,52
entry_0079a458,0x0079A458,0x0079A47C,36
entry_0079a47c,0x0079A47C,0x0079A490,20
entry_0079a490,0x0079A490,0x0079A4C4,52
entry_0079a4c4,0x0079A4C4,0x0079A4F0,44
entry_0079a4f0,0x0079A4F0,0x0079A508,24
entry_0079a508,0x0079A508,0x0079A520,24
FUN_0079a520,0x0079A520,0x0079A72C,524
entry_0079a544,0x0079A544,0x0079A5B8,116
entry_0079a5b8,0x0079A5B8,0x0079A5D0,24
entry_0079a5d0,0x0079A5D0,0x0079A624,84
entry_0079a624,0x0079A624,0x0079A680,92
entry_0079a680,0x0079A680,0x0079A698,24
entry_0079a698,0x0079A698,0x0079A6E4,76
entry_0079a6e4,0x0079A6E4,0x0079A718,52
entry_0079a718,0x0079A718,0x0079A740,40
FUN_0079a740,0x0079A740,0x0079A7C0,128
entry_0079a750,0x0079A750,0x0079A774,36
entry_0079a774,0x0079A774,0x0079A7AC,56
entry_0079a7ac,0x0079A7AC,0x0079A7B0,4
entry_0079a7b0,0x0079A7B0,0x0079A7D0,32
FUN_0079a7d0,0x0079A7D0,0x0079A850,128
entry_0079a7e0,0x0079A7E0,0x0079A804,36
entry_0079a804,0x0079A804,0x0079A83C,56
entry_0079a83c,0x0079A83C,0x0079A840,4
entry_0079a840,0x0079A840,0x0079A860,32
FUN_0079a860,0x0079A860,0x0079A868,8
FUN_0079a9f0,0x0079A9F0,0x0079A9F8,8
FUN_0079ad40,0x0079AD40,0x0079AD60,32
FUN_0079b220,0x0079B220,0x0079B260,64
entry_0079b258,0x0079B258,0x0079B25C,4
entry_0079b25c,0x0079B25C,0x0079B2A0,68
FUN_0079b2a0,0x0079B2A0,0x0079B310,112
entry_0079b304,0x0079B304,0x0079B320,28
FUN_0079b320,0x0079B320,0x0079B3C4,164
entry_0079b338,0x0079B338,0x0079B354,28
entry_0079b354,0x0079B354,0x0079B384,48
entry_0079b384,0x0079B384,0x0079B398,20
entry_0079b398,0x0079B398,0x0079B480,232
FUN_0079b480,0x0079B480,0x0079B488,8
FUN_0079b710,0x0079B710,0x0079B760,80
entry_0079b758,0x0079B758,0x0079B75C,4
entry_0079b75c,0x0079B75C,0x0079B770,20
FUN_0079b770,0x0079B770,0x0079B784,20
FUN_0079b7e0,0x0079B7E0,0x0079B870,144
entry_0079b848,0x0079B848,0x0079B85C,20
entry_0079b85c,0x0079B85C,0x0079B86C,16
entry_0079b86c,0x0079B86C,0x0079B880,20
FUN_0079b880,0x0079B880,0x0079B890,16
FUN_0079c4d0,0x0079C4D0,0x0079C524,84
entry_0079c4f4,0x0079C4F4,0x0079C520,44
entry_0079c520,0x0079C520,0x0079C530,16
FUN_0079c530,0x0079C530,0x0079C53C,12
entry_0079c5f4,0x0079C5F4,0x0079C614,32
entry_0079c614,0x0079C614,0x0079C630,28
entry_0079c630,0x0079C630,0x0079C654,36
entry_0079c654,0x0079C654,0x0079C78C,312
entry_0079c78c,0x0079C78C,0x0079C950,452
entry_0079c950,0x0079C950,0x0079C974,36
entry_0079c974,0x0079C974,0x0079C99C,40
entry_0079c99c,0x0079C99C,0x0079C9C4,40
entry_0079c9c4,0x0079C9C4,0x0079C9EC,40
entry_0079c9ec,0x0079C9EC,0x0079CA60,116
entry_0079ca60,0x0079CA60,0x0079CA6C,12
entry_0079ca6c,0x0079CA6C,0x0079CB50,228
entry_0079cb50,0x0079CB50,0x0079CBE8,152
entry_0079cbe8,0x0079CBE8,0x0079CD94,428
entry_0079cd94,0x0079CD94,0x0079D290,1276
FUN_0079d290,0x0079D290,0x0079D2A0,16
entry_0079d2f8,0x0079D2F8,0x0079D358,96
entry_0079d358,0x0079D358,0x0079D3B4,92
entry_0079d3b4,0x0079D3B4,0x0079D414,96
entry_0079d414,0x0079D414,0x0079D474,96
entry_0079d474,0x0079D474,0x0079D4D4,96
entry_0079d4d4,0x0079D4D4,0x0079D534,96
entry_0079d534,0x0079D534,0x0079D594,96
entry_0079d594,0x0079D594,0x0079D5FC,104
entry_0079d5fc,0x0079D5FC,0x0079D630,52
entry_0079d630,0x0079D630,0x0079D730,256
entry_0079d730,0x0079D730,0x0079D760,48
entry_0079d760,0x0079D760,0x0079D790,48
entry_0079d790,0x0079D790,0x0079D7C8,56
entry_0079d7c8,0x0079D7C8,0x0079D800,56
entry_0079d800,0x0079D800,0x0079D838,56
entry_0079d838,0x0079D838,0x0079D870,56
entry_0079d870,0x0079D870,0x0079D8A8,56
entry_0079d8a8,0x0079D8A8,0x0079D8DC,52
entry_0079d8dc,0x0079D8DC,0x0079DB00,548
FUN_0079db00,0x0079DB00,0x0079DB94,148
entry_0079db24,0x0079DB24,0x0079DB68,68
entry_0079db68,0x0079DB68,0x0079DB7C,20
entry_0079db7c,0x0079DB7C,0x0079DB8C,16
entry_0079db8c,0x0079DB8C,0x0079DB90,4
entry_0079db90,0x0079DB90,0x0079DBA0,16
FUN_0079dba0,0x0079DBA0,0x0079DD28,392
entry_0079dbec,0x0079DBEC,0x0079DC08,28
entry_0079dc08,0x0079DC08,0x0079DC1C,20
entry_0079dc1c,0x0079DC1C,0x0079DC40,36
entry_0079dc40,0x0079DC40,0x0079DC68,40
entry_0079dc68,0x0079DC68,0x0079DC7C,20
entry_0079dc7c,0x0079DC7C,0x0079DC90,20
entry_0079dc90,0x0079DC90,0x0079DCA4,20
entry_0079dca4,0x0079DCA4,0x0079DCB8,20
entry_0079dcb8,0x0079DCB8,0x0079DCD4,28
entry_0079dcd4,0x0079DCD4,0x0079DCF0,28
entry_0079dcf0,0x0079DCF0,0x0079DD20,48
entry_0079dd20,0x0079DD20,0x0079DD24,4
entry_0079dd24,0x0079DD24,0x0079DD40,28
FUN_0079dd40,0x0079DD40,0x0079DD58,24
FUN_0079de60,0x0079DE60,0x0079DE6C,12
FUN_0079e250,0x0079E250,0x0079E25C,12
FUN_0079e370,0x0079E370,0x0079E378,8
FUN_0079e4e0,0x0079E4E0,0x0079E4EC,12
FUN_0079e590,0x0079E590,0x0079E59C,12
FUN_0079e780,0x0079E780,0x0079E7E4,100
entry_0079e7dc,0x0079E7DC,0x0079E7E0,4
entry_0079e7e0,0x0079E7E0,0x0079E800,32
FUN_0079e800,0x0079E800,0x0079E830,48
FUN_0079e840,0x0079E840,0x0079E870,48
FUN_0079e880,0x0079E880,0x0079E8D0,80
entry_0079e8b0,0x0079E8B0,0x0079E8CC,28
entry_0079e8cc,0x0079E8CC,0x0079E8E0,20
FUN_0079e8e0,0x0079E8E0,0x0079E940,96
entry_0079e908,0x0079E908,0x0079E930,40
entry_0079e930,0x0079E930,0x0079E980,80
FUN_0079e980,0x0079E980,0x0079E990,16
FUN_0079eae0,0x0079EAE0,0x0079EAEC,12
FUN_0079eda0,0x0079EDA0,0x0079EDA8,8
FUN_0079ee70,0x0079EE70,0x0079EE7C,12
FUN_0079ef80,0x0079EF80,0x0079EF88,8
FUN_0079f210,0x0079F210,0x0079F22C,28
FUN_0079f2d0,0x0079F2D0,0x0079F314,68
entry_0079f30c,0x0079F30C,0x0079F310,4
entry_0079f310,0x0079F310,0x0079F320,16
FUN_0079f320,0x0079F320,0x0079F334,20
FUN_0079f580,0x0079F580,0x0079F594,20
FUN_0079f970,0x0079F970,0x0079F980,16
FUN_0079fc50,0x0079FC50,0x0079FD40,200
entry_0079fc90,0x0079FC90,0x0079FCB8,40
entry_0079fcb8,0x0079FCB8,0x0079FD14,92
entry_0079fd14,0x0079FD14,0x0079FD90,124
FUN_0079fd90,0x0079FD90,0x0079FE28,152
entry_0079fe20,0x0079FE20,0x0079FE24,4
entry_0079fe24,0x0079FE24,0x0079FE60,60
FUN_0079fe60,0x0079FE60,0x0079FED4,116
entry_0079fe94,0x0079FE94,0x0079FED0,60
entry_0079fed0,0x0079FED0,0x0079FEF0,32
FUN_0079fef0,0x0079FEF0,0x0079FEF8,8
FUN_007a0310,0x007A0310,0x007A031C,12
FUN_007a06b0,0x007A06B0,0x007A073C,140
entry_007a06fc,0x007A06FC,0x007A0710,20
entry_007a0710,0x007A0710,0x007A0734,36
entry_007a0734,0x007A0734,0x007A0738,4
entry_007a0738,0x007A0738,0x007A0750,24
FUN_007a0750,0x007A0750,0x007A0764,20
FUN_007a08a0,0x007A08A0,0x007A08A8,8
FUN_007a0ba0,0x007A0BA0,0x007A0BF0,80
entry_007a0be8,0x007A0BE8,0x007A0BEC,4
entry_007a0bec,0x007A0BEC,0x007A0C00,20
FUN_007a0c00,0x007A0C00,0x007A0C08,8
FUN_007a0d10,0x007A0D10,0x007A0D1C,12
FUN_007a0e10,0x007A0E10,0x007A12E4,132
entry_007a12dc,0x007A12DC,0x007A1340,100
FUN_007a1340,0x007A1340,0x007A1378,56
FUN_007a1380,0x007A1380,0x007A138C,12
FUN_007a1860,0x007A1860,0x007A1868,8
FUN_007a2a10,0x007A2A10,0x007A2A88,100
entry_007a2a78,0x007A2A78,0x007A2CB0,568
FUN_007a2cb0,0x007A2CB0,0x007A2CC4,20
FUN_007a3430,0x007A3430,0x007A34B8,136
entry_007a3470,0x007A3470,0x007A348C,28
entry_007a348c,0x007A348C,0x007A34B0,36
entry_007a34b0,0x007A34B0,0x007A34B4,4
entry_007a34b4,0x007A34B4,0x007A34D0,28
FUN_007a34d0,0x007A34D0,0x007A34E4,20
FUN_007a35a0,0x007A35A0,0x007A3614,116
entry_007a35d4,0x007A35D4,0x007A3600,44
entry_007a3600,0x007A3600,0x007A3610,16
entry_007a3610,0x007A3610,0x007A3630,32
FUN_007a3630,0x007A3630,0x007A363C,12
FUN_007a3900,0x007A3900,0x007A3930,48
entry_007a3920,0x007A3920,0x007A392C,12
entry_007a392c,0x007A392C,0x007A3940,20
FUN_007a3940,0x007A3940,0x007A394C,12
FUN_007a3bf0,0x007A3BF0,0x007A3BFC,12
FUN_007a3cc0,0x007A3CC0,0x007A3CD4,20
FUN_007a3d30,0x007A3D30,0x007A3DDC,172
entry_007a3d64,0x007A3D64,0x007A3DB4,80
entry_007a3db4,0x007A3DB4,0x007A3DC8,20
entry_007a3dc8,0x007A3DC8,0x007A3DD8,16
entry_007a3dd8,0x007A3DD8,0x007A3DF0,24
FUN_007a3df0,0x007A3DF0,0x007A3E00,16
FUN_007a4100,0x007A4100,0x007A4130,48
entry_007a4120,0x007A4120,0x007A412C,12
entry_007a412c,0x007A412C,0x007A4140,20
FUN_007a4140,0x007A4140,0x007A4178,56
FUN_007a4190,0x007A4190,0x007A41A0,16
FUN_007a43d0,0x007A43D0,0x007A43DC,12
FUN_007a4520,0x007A4520,0x007A453C,28
FUN_007a4630,0x007A4630,0x007A4638,8
FUN_007a4700,0x007A4700,0x007A4710,16
FUN_007a4f50,0x007A4F50,0x007A4F60,16
FUN_007a5960,0x007A5960,0x007A59B0,80
entry_007a59a8,0x007A59A8,0x007A59AC,4
entry_007a59ac,0x007A59AC,0x007A59C0,20
FUN_007a59c0,0x007A59C0,0x007A5A00,64
FUN_007a5a10,0x007A5A10,0x007A5A1C,12
FUN_007a5f50,0x007A5F50,0x007A5F70,32
FUN_007a5f90,0x007A5F90,0x007A5FA8,24
FUN_007a60a0,0x007A60A0,0x007A60AC,12
FUN_007a6380,0x007A6380,0x007A6390,16
FUN_007a6790,0x007A6790,0x007A67E0,80
entry_007a67d8,0x007A67D8,0x007A67DC,4
entry_007a67dc,0x007A67DC,0x007A67F0,20
FUN_007a67f0,0x007A67F0,0x007A6824,52
FUN_007a6850,0x007A6850,0x007A685C,12
FUN_007a6970,0x007A6970,0x007A69C0,80
entry_007a69b8,0x007A69B8,0x007A69BC,4
entry_007a69bc,0x007A69BC,0x007A69D0,20
FUN_007a69d0,0x007A69D0,0x007A6A04,52
FUN_007a6a50,0x007A6A50,0x007A6B70,288
entry_007a6a84,0x007A6A84,0x007A6B30,172
entry_007a6b30,0x007A6B30,0x007A6B6C,60
entry_007a6b6c,0x007A6B6C,0x007A6B80,20
FUN_007a6b80,0x007A6B80,0x007A6CF8,84
entry_007a6bbc,0x007A6BBC,0x007A6CF0,308
entry_007a6cf0,0x007A6CF0,0x007A6CF4,4
entry_007a6cf4,0x007A6CF4,0x007A6D40,76
FUN_007a6d40,0x007A6D40,0x007A6D70,48
entry_007a6d60,0x007A6D60,0x007A6D6C,12
entry_007a6d6c,0x007A6D6C,0x007A6D80,20
FUN_007a6d80,0x007A6D80,0x007A6D8C,12
FUN_007a6ff0,0x007A6FF0,0x007A70B0,192
entry_007a703c,0x007A703C,0x007A7060,36
entry_007a7060,0x007A7060,0x007A7084,36
entry_007a7084,0x007A7084,0x007A70A8,36
entry_007a70a8,0x007A70A8,0x007A70AC,4
entry_007a70ac,0x007A70AC,0x007A70C0,20
FUN_007a70c0,0x007A70C0,0x007A70D4,20
FUN_007a7120,0x007A7120,0x007A7160,64
entry_007a7158,0x007A7158,0x007A7170,24
FUN_007a7170,0x007A7170,0x007A71A4,52
entry_007a71a0,0x007A71A0,0x007A71B0,16
FUN_007a71b0,0x007A71B0,0x007A71B8,8
FUN_007a7350,0x007A7350,0x007A735C,12
FUN_007a7860,0x007A7860,0x007A78DC,124
entry_007a78ac,0x007A78AC,0x007A78B0,4
entry_007a78b0,0x007A78B0,0x007A78D4,36
entry_007a78d4,0x007A78D4,0x007A78D8,4
entry_007a78d8,0x007A78D8,0x007A78F0,24
FUN_007a78f0,0x007A78F0,0x007A7920,48
FUN_007a7930,0x007A7930,0x007A7940,16
FUN_007a7bd0,0x007A7BD0,0x007A7C24,84
entry_007a7c1c,0x007A7C1C,0x007A7C30,20
FUN_007a7c30,0x007A7C30,0x007A7C38,8
FUN_007a7f20,0x007A7F20,0x007A8368,444
entry_007a7ff0,0x007A7FF0,0x007A8024,52
entry_007a8024,0x007A8024,0x007A81A4,384
entry_007a81a4,0x007A81A4,0x007A8278,212
entry_007a8278,0x007A8278,0x007A82C0,72
entry_007a82c0,0x007A82C0,0x007A82F0,48
entry_007a82f0,0x007A82F0,0x007A82FC,12
entry_007a82fc,0x007A82FC,0x007A8300,4
entry_007a8300,0x007A8300,0x007A8304,4
entry_007a8304,0x007A8304,0x007A8330,44
entry_007a8330,0x007A8330,0x007A8380,80
FUN_007a8380,0x007A8380,0x007A839C,28
FUN_007a8800,0x007A8800,0x007A8898,152
entry_007a884c,0x007A884C,0x007A8850,4
entry_007a8850,0x007A8850,0x007A886C,28
entry_007a886c,0x007A886C,0x007A8890,36
entry_007a8890,0x007A8890,0x007A8894,4
entry_007a8894,0x007A8894,0x007A88B0,28
FUN_007a88b0,0x007A88B0,0x007A88C4,20
FUN_007a8930,0x007A8930,0x007A8A34,260
entry_007a8964,0x007A8964,0x007A8980,28
entry_007a8980,0x007A8980,0x007A899C,28
entry_007a899c,0x007A899C,0x007A89D0,52
entry_007a89d0,0x007A89D0,0x007A89E4,20
entry_007a89e4,0x007A89E4,0x007A89F8,20
entry_007a89f8,0x007A89F8,0x007A8A0C,20
entry_007a8a0c,0x007A8A0C,0x007A8A20,20
entry_007a8a20,0x007A8A20,0x007A8A30,16
entry_007a8a30,0x007A8A30,0x007A8A50,32
FUN_007a8a50,0x007A8A50,0x007A8A58,8
FUN_007a8c40,0x007A8C40,0x007A8DB0,100
entry_007a8c64,0x007A8C64,0x007A8DAC,328
entry_007a8dac,0x007A8DAC,0x007A8DC0,20
FUN_007a8dc0,0x007A8DC0,0x007A8DD0,16
FUN_007a9060,0x007A9060,0x007A906C,12
FUN_007a92f0,0x007A92F0,0x007A92FC,12
FUN_007a9700,0x007A9700,0x007A9708,8
FUN_007a98e0,0x007A98E0,0x007A9A50,368
entry_007a992c,0x007A992C,0x007A9950,36
entry_007a9950,0x007A9950,0x007A9974,36
entry_007a9974,0x007A9974,0x007A9998,36
entry_007a9998,0x007A9998,0x007A99BC,36
entry_007a99bc,0x007A99BC,0x007A99E0,36
entry_007a99e0,0x007A99E0,0x007A99F4,20
entry_007a99f4,0x007A99F4,0x007A9A18,36
entry_007a9a18,0x007A9A18,0x007A9A48,48
entry_007a9a48,0x007A9A48,0x007A9A4C,4
entry_007a9a4c,0x007A9A4C,0x007A9A60,20
FUN_007a9a60,0x007A9A60,0x007A9A74,20
FUN_007a9b10,0x007A9B10,0x007A9B74,100
entry_007a9b70,0x007A9B70,0x007A9B80,16
FUN_007a9b80,0x007A9B80,0x007A9B98,24
FUN_007aa250,0x007AA250,0x007AA270,32
FUN_007aa290,0x007AA290,0x007AA2A0,16
FUN_007aa360,0x007AA360,0x007AA374,20
FUN_007aa5f0,0x007AA5F0,0x007AA604,20
FUN_007aab30,0x007AAB30,0x007AAB98,104
entry_007aab6c,0x007AAB6C,0x007AAB90,36
entry_007aab90,0x007AAB90,0x007AAB94,4
entry_007aab94,0x007AAB94,0x007AABB0,28
FUN_007aabb0,0x007AABB0,0x007AABE4,52
FUN_007aac40,0x007AAC40,0x007AAC78,56
entry_007aac6c,0x007AAC6C,0x007AAC90,36
FUN_007aac90,0x007AAC90,0x007AACA0,16
FUN_007aaeb0,0x007AAEB0,0x007AAEE8,56
entry_007aaedc,0x007AAEDC,0x007AAF00,36
FUN_007aaf00,0x007AAF00,0x007AAF1C,28
FUN_007ab500,0x007AB500,0x007AB520,32
FUN_007ab540,0x007AB540,0x007AB568,40
FUN_007ab5b0,0x007AB5B0,0x007AB5CC,28
FUN_007abaf0,0x007ABAF0,0x007ABB04,20
FUN_007ac140,0x007AC140,0x007AC148,8
FUN_007ac210,0x007AC210,0x007AC248,56
FUN_007ac2d0,0x007AC2D0,0x007AC374,164
entry_007ac304,0x007AC304,0x007AC320,28
entry_007ac320,0x007AC320,0x007AC34C,44
entry_007ac34c,0x007AC34C,0x007AC360,20
entry_007ac360,0x007AC360,0x007AC370,16
entry_007ac370,0x007AC370,0x007AC390,32
FUN_007ac390,0x007AC390,0x007AC398,8
FUN_007ac540,0x007AC540,0x007AC590,80
entry_007ac564,0x007AC564,0x007AC58C,40
entry_007ac58c,0x007AC58C,0x007AC5A0,20
FUN_007ac5a0,0x007AC5A0,0x007AC5B0,16
FUN_007ac910,0x007AC910,0x007AC9D0,192
entry_007ac95c,0x007AC95C,0x007AC980,36
entry_007ac980,0x007AC980,0x007AC9A4,36
entry_007ac9a4,0x007AC9A4,0x007AC9C8,36
entry_007ac9c8,0x007AC9C8,0x007AC9CC,4
entry_007ac9cc,0x007AC9CC,0x007AC9E0,20
FUN_007ac9e0,0x007AC9E0,0x007AC9F4,20
FUN_007aca50,0x007ACA50,0x007ACA8C,60
entry_007aca84,0x007ACA84,0x007ACA88,4
entry_007aca88,0x007ACA88,0x007ACAA0,24
FUN_007acaa0,0x007ACAA0,0x007ACB34,40
entry_007acb30,0x007ACB30,0x007ACB40,16
FUN_007acb40,0x007ACB40,0x007ACB58,24
FUN_007ad040,0x007AD040,0x007AD054,20
FUN_007ad5b0,0x007AD5B0,0x007AD5C8,24
FUN_007ad800,0x007AD800,0x007AD818,24
FUN_007adb00,0x007ADB00,0x007ADB10,16
FUN_007ae320,0x007AE320,0x007AE4C0,416
entry_007ae370,0x007AE370,0x007AE3B4,68
entry_007ae3b4,0x007AE3B4,0x007AE3F4,64
entry_007ae3f4,0x007AE3F4,0x007AE438,68
entry_007ae438,0x007AE438,0x007AE47C,68
entry_007ae47c,0x007AE47C,0x007AE4BC,64
entry_007ae4bc,0x007AE4BC,0x007AE520,100
FUN_007ae520,0x007AE520,0x007AE924,920
entry_007ae55c,0x007AE55C,0x007AE578,28
entry_007ae578,0x007AE578,0x007AE5B8,64
entry_007ae5b8,0x007AE5B8,0x007AE630,120
entry_007ae630,0x007AE630,0x007AE66C,60
entry_007ae66c,0x007AE66C,0x007AE670,4
entry_007ae670,0x007AE670,0x007AE698,40
entry_007ae698,0x007AE698,0x007AE710,120
entry_007ae710,0x007AE710,0x007AE74C,60
entry_007ae74c,0x007AE74C,0x007AE750,4
entry_007ae750,0x007AE750,0x007AE778,40
entry_007ae778,0x007AE778,0x007AE7A4,44
entry_007ae7a4,0x007AE7A4,0x007AE7FC,88
entry_007ae7fc,0x007AE7FC,0x007AE834,56
entry_007ae834,0x007AE834,0x007AE858,36
entry_007ae858,0x007AE858,0x007AE884,44
entry_007ae884,0x007AE884,0x007AE8D8,84
entry_007ae8d8,0x007AE8D8,0x007AE920,72
entry_007ae920,0x007AE920,0x007AE940,32
FUN_007ae940,0x007AE940,0x007AEAC0,384
entry_007ae98c,0x007AE98C,0x007AE9B0,36
entry_007ae9b0,0x007AE9B0,0x007AE9D4,36
entry_007ae9d4,0x007AE9D4,0x007AE9F8,36
entry_007ae9f8,0x007AE9F8,0x007AEA1C,36
entry_007aea1c,0x007AEA1C,0x007AEA40,36
entry_007aea40,0x007AEA40,0x007AEA64,36
entry_007aea64,0x007AEA64,0x007AEA88,36
entry_007aea88,0x007AEA88,0x007AEAB8,48
entry_007aeab8,0x007AEAB8,0x007AEABC,4
entry_007aeabc,0x007AEABC,0x007AEAD0,20
FUN_007aead0,0x007AEAD0,0x007AEAE4,20
FUN_007aebb0,0x007AEBB0,0x007AEBC0,16
FUN_007aedd0,0x007AEDD0,0x007AEDEC,28
FUN_007af050,0x007AF050,0x007AF05C,12
FUN_007af410,0x007AF410,0x007AF460,80
entry_007af458,0x007AF458,0x007AF45C,4
entry_007af45c,0x007AF45C,0x007AF470,20
FUN_007af470,0x007AF470,0x007AF4A4,52
FUN_007af4f0,0x007AF4F0,0x007AF594,164
entry_007af524,0x007AF524,0x007AF580,92
entry_007af580,0x007AF580,0x007AF590,16
entry_007af590,0x007AF590,0x007AF5B0,32
FUN_007af5b0,0x007AF5B0,0x007AF5C0,16
FUN_007af7c0,0x007AF7C0,0x007AF89C,72
entry_007af7e8,0x007AF7E8,0x007AF898,176
entry_007af898,0x007AF898,0x007AF8B0,24
FUN_007af8b0,0x007AF8B0,0x007AF94C,156
entry_007af8fc,0x007AF8FC,0x007AF920,36
entry_007af920,0x007AF920,0x007AF944,36
entry_007af944,0x007AF944,0x007AF948,4
entry_007af948,0x007AF948,0x007AF960,24
FUN_007af960,0x007AF960,0x007AF974,20
FUN_007af9b0,0x007AF9B0,0x007AF9C0,16
FUN_007afb50,0x007AFB50,0x007AFBA0,80
entry_007afb98,0x007AFB98,0x007AFB9C,4
entry_007afb9c,0x007AFB9C,0x007AFBB0,20
FUN_007afbb0,0x007AFBB0,0x007AFBE4,52
FUN_007afbf8,0x007AFBF8,0x007AFC60,104
entry_007afc4c,0x007AFC4C,0x007AFC68,28
FUN_007afc68,0x007AFC68,0x007AFCA0,56
entry_007afc8c,0x007AFC8C,0x007AFCA8,28
FUN_007afca8,0x007AFCA8,0x007AFCB8,16
FUN_007afd28,0x007AFD28,0x007AFD60,44
entry_007afd48,0x007AFD48,0x007AFD5C,20
entry_007afd5c,0x007AFD5C,0x007AFD68,12
FUN_007afd68,0x007AFD68,0x007AFD9C,44
entry_007afd88,0x007AFD88,0x007AFD98,16
entry_007afd98,0x007AFD98,0x007AFDA8,16
FUN_007afda8,0x007AFDA8,0x007AFDEC,44
entry_007afdc8,0x007AFDC8,0x007AFDE8,32
entry_007afde8,0x007AFDE8,0x007AFDF8,16
FUN_007afdf8,0x007AFDF8,0x007AFE54,44
entry_007afe18,0x007AFE18,0x007AFE50,56
entry_007afe50,0x007AFE50,0x007AFE60,16
FUN_007afe60,0x007AFE60,0x007AFEC0,44
entry_007afe80,0x007AFE80,0x007AFEBC,60
entry_007afebc,0x007AFEBC,0x007AFEC8,12
FUN_007afec8,0x007AFEC8,0x007AFF28,44
entry_007afee8,0x007AFEE8,0x007AFF24,60
entry_007aff24,0x007AFF24,0x007AFF30,12
FUN_007aff30,0x007AFF30,0x007AFF38,8
FUN_007aff60,0x007AFF60,0x007AFF78,24
FUN_007aff80,0x007AFF80,0x007AFFE0,96
FUN_007affe8,0x007AFFE8,0x007B0048,96
FUN_007b0208,0x007B0208,0x007B022C,36
FUN_007b0300,0x007B0300,0x007B0338,56
entry_007b0330,0x007B0330,0x007B0334,4
entry_007b0334,0x007B0334,0x007B0340,12
FUN_007b0340,0x007B0340,0x007B0420,224
entry_007b036c,0x007B036C,0x007B0370,4
entry_007b0370,0x007B0370,0x007B0394,36
entry_007b0394,0x007B0394,0x007B03B4,32
entry_007b03b4,0x007B03B4,0x007B0400,76
entry_007b0400,0x007B0400,0x007B0430,48
FUN_007b0430,0x007B0430,0x007B0444,20
FUN_007b08c0,0x007B08C0,0x007B08C8,8
entry_007b0fb0,0x007B0FB0,0x007B1120,368
FUN_007b1120,0x007B1120,0x007B1184,100
entry_007b117c,0x007B117C,0x007B1180,4
entry_007b1180,0x007B1180,0x007B11A0,32
FUN_007b11a0,0x007B11A0,0x007B11D4,52
FUN_007b12b0,0x007B12B0,0x007B1394,100
entry_007b1390,0x007B1390,0x007B13C0,48
FUN_007b13c0,0x007B13C0,0x007B13C8,8
FUN_007b14f0,0x007B14F0,0x007B1500,16
FUN_007b1c80,0x007B1C80,0x007B1C94,20
FUN_007b2520,0x007B2520,0x007B2528,8
FUN_007b3620,0x007B3620,0x007B3630,16
FUN_007b3880,0x007B3880,0x007B38C0,64
entry_007b38b8,0x007B38B8,0x007B38BC,4
entry_007b38bc,0x007B38BC,0x007B38D0,20
FUN_007b38d0,0x007B38D0,0x007B38E4,20
FUN_007b3a30,0x007B3A30,0x007B3A68,56
entry_007b3a60,0x007B3A60,0x007B3A64,4
entry_007b3a64,0x007B3A64,0x007B3A70,12
FUN_007b3a70,0x007B3A70,0x007B3A71,1
FUN_007b3a80,0x007B3A80,0x007B3A9C,28
FUN_007b3e40,0x007B3E40,0x007B3E50,16
FUN_007b4190,0x007B4190,0x007B4198,8
FUN_007b4270,0x007B4270,0x007B42A4,52
FUN_007b4310,0x007B4310,0x007B4380,112
entry_007b434c,0x007B434C,0x007B4390,68
FUN_007b4390,0x007B4390,0x007B43A0,16
FUN_007b4b30,0x007B4B30,0x007B4B38,8
FUN_007b5d10,0x007B5D10,0x007B5D18,8
FUN_007b67f0,0x007B67F0,0x007B6800,16
FUN_007b69e0,0x007B69E0,0x007B6A20,64
entry_007b6a18,0x007B6A18,0x007B6A1C,4
entry_007b6a1c,0x007B6A1C,0x007B6A30,20
FUN_007b6a30,0x007B6A30,0x007B6A44,20
FUN_007b6c60,0x007B6C60,0x007B6C68,8
FUN_007b72d0,0x007B72D0,0x007B7320,80
entry_007b7318,0x007B7318,0x007B731C,4
entry_007b731c,0x007B731C,0x007B7330,20
FUN_007b7330,0x007B7330,0x007B7344,20
FUN_007b7380,0x007B7380,0x007B738C,12
FUN_007b7430,0x007B7430,0x007B7448,24
FUN_007b7910,0x007B7910,0x007B7920,16
FUN_007b7b50,0x007B7B50,0x007B7BA8,88
FUN_007b7c30,0x007B7C30,0x007B7CC8,152
entry_007b7c7c,0x007B7C7C,0x007B7C80,4
entry_007b7c80,0x007B7C80,0x007B7C98,24
entry_007b7c98,0x007B7C98,0x007B7CC0,40
entry_007b7cc0,0x007B7CC0,0x007B7CC4,4
entry_007b7cc4,0x007B7CC4,0x007B7CE0,28
FUN_007b7ce0,0x007B7CE0,0x007B7CF4,20
FUN_007b7d20,0x007B7D20,0x007B7D58,56
entry_007b7d4c,0x007B7D4C,0x007B7D60,20
FUN_007b7d60,0x007B7D60,0x007B7D68,8
FUN_007b7e70,0x007B7E70,0x007B7E78,8
FUN_007b7ef0,0x007B7EF0,0x007B7EFC,12
FUN_007b80d0,0x007B80D0,0x007B80F0,32
FUN_007b8230,0x007B8230,0x007B824C,28
FUN_007b8390,0x007B8390,0x007B839C,12
FUN_007b8880,0x007B8880,0x007B888C,12
FUN_007b8990,0x007B8990,0x007B89A4,20
FUN_007b89e0,0x007B89E0,0x007B89F0,16
FUN_007b8be0,0x007B8BE0,0x007B8BF0,16
FUN_007b8ed0,0x007B8ED0,0x007B8EE4,20
FUN_007b9320,0x007B9320,0x007B9334,20
FUN_007b9580,0x007B9580,0x007B958C,12
FUN_007b99b0,0x007B99B0,0x007B99B8,8
FUN_007b9b20,0x007B9B20,0x007B9B2C,12
FUN_007b9d70,0x007B9D70,0x007B9D88,24
FUN_007ba090,0x007BA090,0x007BA0A0,16
FUN_007ba4e0,0x007BA4E0,0x007BA4F8,24
FUN_007ba9e0,0x007BA9E0,0x007BA9F0,16
FUN_007bae70,0x007BAE70,0x007BAE78,8
FUN_007bb2c0,0x007BB2C0,0x007BB2D4,20
FUN_007bb550,0x007BB550,0x007BB558,8
FUN_007bb640,0x007BB640,0x007BB648,8
FUN_007bb740,0x007BB740,0x007BB8CC,252
entry_007bb770,0x007BB770,0x007BB790,32
entry_007bb790,0x007BB790,0x007BB7AC,28
entry_007bb7ac,0x007BB7AC,0x007BB824,120
entry_007bb824,0x007BB824,0x007BB8C8,164
entry_007bb8c8,0x007BB8C8,0x007BB960,152
FUN_007bb960,0x007BB960,0x007BB968,8
FUN_007bc370,0x007BC370,0x007BC448,216
entry_007bc3d4,0x007BC3D4,0x007BC3DC,8
entry_007bc3dc,0x007BC3DC,0x007BC3E4,8
entry_007bc3e4,0x007BC3E4,0x007BC3E8,4
entry_007bc3e8,0x007BC3E8,0x007BC3EC,4
entry_007bc3ec,0x007BC3EC,0x007BC440,84
entry_007bc440,0x007BC440,0x007BC460,32
FUN_007bc460,0x007BC460,0x007BC4DC,124
entry_007bc4ac,0x007BC4AC,0x007BC4B0,4
entry_007bc4b0,0x007BC4B0,0x007BC4D4,36
entry_007bc4d4,0x007BC4D4,0x007BC4D8,4
entry_007bc4d8,0x007BC4D8,0x007BC4F0,24
FUN_007bc4f0,0x007BC4F0,0x007BC504,20
FUN_007bc540,0x007BC540,0x007BC548,8
FUN_007bc780,0x007BC780,0x007BC7E8,104
entry_007bc7b4,0x007BC7B4,0x007BC7D4,32
entry_007bc7d4,0x007BC7D4,0x007BC930,348
FUN_007bc930,0x007BC930,0x007BC93C,12
FUN_007bcba0,0x007BCBA0,0x007BCBA8,8
FUN_007bcd70,0x007BCD70,0x007BCED4,160
entry_007bcdb0,0x007BCDB0,0x007BCE88,216
entry_007bce88,0x007BCE88,0x007BCEA0,24
entry_007bcea0,0x007BCEA0,0x007BCECC,44
entry_007bcecc,0x007BCECC,0x007BCED0,4
entry_007bced0,0x007BCED0,0x007BCEF0,32
FUN_007bcef0,0x007BCEF0,0x007BCF14,36
FUN_007bd130,0x007BD130,0x007BD1F0,48
entry_007bd150,0x007BD150,0x007BD1EC,156
entry_007bd1ec,0x007BD1EC,0x007BD200,20
FUN_007bd200,0x007BD200,0x007BD368,64
entry_007bd234,0x007BD234,0x007BD364,304
entry_007bd364,0x007BD364,0x007BD380,28
FUN_007bd380,0x007BD380,0x007BD388,8
FUN_007bd570,0x007BD570,0x007BD590,32
FUN_007bd5d0,0x007BD5D0,0x007BD5E4,20
FUN_007bd760,0x007BD760,0x007BD7D8,120
entry_007bd780,0x007BD780,0x007BD7D4,84
entry_007bd7d4,0x007BD7D4,0x007BD7F0,28
FUN_007bd7f0,0x007BD7F0,0x007BD828,56
FUN_007bd840,0x007BD840,0x007BD854,20
FUN_007bd960,0x007BD960,0x007BD968,8
FUN_007bda40,0x007BDA40,0x007BDA48,8
FUN_007bdac0,0x007BDAC0,0x007BDB2C,76
entry_007bdafc,0x007BDAFC,0x007BDB28,44
entry_007bdb28,0x007BDB28,0x007BDB40,24
FUN_007bdb40,0x007BDB40,0x007BDB48,8
FUN_007bdcb0,0x007BDCB0,0x007BDD00,80
entry_007bdcf8,0x007BDCF8,0x007BDCFC,4
entry_007bdcfc,0x007BDCFC,0x007BDD10,20
FUN_007bdd10,0x007BDD10,0x007BDD2C,28
FUN_007bde70,0x007BDE70,0x007BDF34,164
entry_007bdeac,0x007BDEAC,0x007BDEBC,16
entry_007bdebc,0x007BDEBC,0x007BDEC0,4
entry_007bdec0,0x007BDEC0,0x007BDED4,20
entry_007bded4,0x007BDED4,0x007BDF2C,88
entry_007bdf2c,0x007BDF2C,0x007BDF80,84
FUN_007bdf80,0x007BDF80,0x007BDFA4,36
FUN_007bdfd0,0x007BDFD0,0x007BDFE0,16
FUN_007be230,0x007BE230,0x007BE300,120
entry_007be284,0x007BE284,0x007BE2C4,64
entry_007be2c4,0x007BE2C4,0x007BE2F8,52
entry_007be2f8,0x007BE2F8,0x007BE310,24
FUN_007be310,0x007BE310,0x007BE31C,12
FUN_007be580,0x007BE580,0x007BE6F0,368
entry_007be5bc,0x007BE5BC,0x007BE5EC,48
entry_007be5ec,0x007BE5EC,0x007BE5FC,16
entry_007be5fc,0x007BE5FC,0x007BE60C,16
entry_007be60c,0x007BE60C,0x007BE61C,16
entry_007be61c,0x007BE61C,0x007BE64C,48
entry_007be64c,0x007BE64C,0x007BE660,20
entry_007be660,0x007BE660,0x007BE674,20
entry_007be674,0x007BE674,0x007BE688,20
entry_007be688,0x007BE688,0x007BE6B8,48
entry_007be6b8,0x007BE6B8,0x007BE6C8,16
entry_007be6c8,0x007BE6C8,0x007BE6DC,20
entry_007be6dc,0x007BE6DC,0x007BE6E4,8
entry_007be6e4,0x007BE6E4,0x007BE6E8,4
entry_007be6e8,0x007BE6E8,0x007BE700,24
FUN_007be700,0x007BE700,0x007BE7E8,96
entry_007be730,0x007BE730,0x007BE750,32
entry_007be750,0x007BE750,0x007BE7E4,148
entry_007be7e4,0x007BE7E4,0x007BE800,28
FUN_007be800,0x007BE800,0x007BE888,52
entry_007be824,0x007BE824,0x007BE884,96
entry_007be884,0x007BE884,0x007BE8A0,28
FUN_007be8a0,0x007BE8A0,0x007BE8C0,32
FUN_007be8d0,0x007BE8D0,0x007BE95C,68
entry_007be904,0x007BE904,0x007BE958,84
entry_007be958,0x007BE958,0x007BE970,24
FUN_007be970,0x007BE970,0x007BE988,24
FUN_007beab0,0x007BEAB0,0x007BEAC4,20
FUN_007becf0,0x007BECF0,0x007BECFC,12
FUN_007befb0,0x007BEFB0,0x007BEFBC,12
FUN_007bf160,0x007BF160,0x007BF16C,12
FUN_007bf3d0,0x007BF3D0,0x007BF3D8,8
FUN_007bf450,0x007BF450,0x007BF460,16
entry_007bf4d0,0x007BF4D0,0x007BF508,56
entry_007bf508,0x007BF508,0x007BF510,8
entry_007bf510,0x007BF510,0x007BF554,68
entry_007bf554,0x007BF554,0x007BF5C8,116
entry_007bf5c8,0x007BF5C8,0x007BF658,144
entry_007bf658,0x007BF658,0x007BF704,172
entry_007bf704,0x007BF704,0x007BF708,4
entry_007bf708,0x007BF708,0x007BF718,16
entry_007bf718,0x007BF718,0x007BFC98,1408
entry_007bfc98,0x007BFC98,0x007BFCE0,72
FUN_007bfce0,0x007BFCE0,0x007BFD38,88
FUN_007bfd40,0x007BFD40,0x007BFD48,8
entry_007bfdac,0x007BFDAC,0x007BFDE8,60
entry_007bfde8,0x007BFDE8,0x007BFDF0,8
entry_007bfdf0,0x007BFDF0,0x007BFE6C,124
entry_007bfe6c,0x007BFE6C,0x007BFE74,8
entry_007bfe74,0x007BFE74,0x007BFF1C,168
entry_007bff1c,0x007BFF1C,0x007C0054,312
entry_007c0054,0x007C0054,0x007C0080,44
FUN_007c0080,0x007C0080,0x007C0088,8
entry_007c010c,0x007C010C,0x007C0148,60
entry_007c0148,0x007C0148,0x007C0150,8
entry_007c0150,0x007C0150,0x007C0194,68
entry_007c0194,0x007C0194,0x007C024C,184
entry_007c024c,0x007C024C,0x007C0384,312
entry_007c0384,0x007C0384,0x007C03B0,44
FUN_007c03b0,0x007C03B0,0x007C03B8,8
entry_007c0464,0x007C0464,0x007C04EC,136
entry_007c04ec,0x007C04EC,0x007C072C,576
entry_007c072c,0x007C072C,0x007C0788,92
entry_007c0788,0x007C0788,0x007C086C,228
entry_007c086c,0x007C086C,0x007C08B0,68
entry_007c08b0,0x007C08B0,0x007C092C,124
entry_007c092c,0x007C092C,0x007C0960,52
FUN_007c0960,0x007C0960,0x007C0974,20
FUN_007c0d30,0x007C0D30,0x007C0D38,8
FUN_007c1080,0x007C1080,0x007C10AC,44
entry_007c10a8,0x007C10A8,0x007C10C0,24
FUN_007c10c0,0x007C10C0,0x007C11A8,200
entry_007c1108,0x007C1108,0x007C1118,16
entry_007c1118,0x007C1118,0x007C1150,56
entry_007c1150,0x007C1150,0x007C1184,52
entry_007c1184,0x007C1184,0x007C1194,16
entry_007c1194,0x007C1194,0x007C11A0,12
entry_007c11a0,0x007C11A0,0x007C11A4,4
entry_007c11a4,0x007C11A4,0x007C11C0,28
FUN_007c11c0,0x007C11C0,0x007C1278,184
entry_007c1204,0x007C1204,0x007C121C,24
entry_007c121c,0x007C121C,0x007C1234,24
entry_007c1234,0x007C1234,0x007C124C,24
entry_007c124c,0x007C124C,0x007C1250,4
entry_007c1250,0x007C1250,0x007C1274,36
entry_007c1274,0x007C1274,0x007C1290,28
FUN_007c1290,0x007C1290,0x007C12D8,72
entry_007c12d0,0x007C12D0,0x007C12F0,32
FUN_007c12f0,0x007C12F0,0x007C1304,20
FUN_007c1340,0x007C1340,0x007C1348,8
FUN_007c13d0,0x007C13D0,0x007C14D8,264
entry_007c141c,0x007C141C,0x007C1424,8
entry_007c1424,0x007C1424,0x007C1450,44
entry_007c1450,0x007C1450,0x007C1454,4
entry_007c1454,0x007C1454,0x007C149C,72
entry_007c149c,0x007C149C,0x007C14A0,4
entry_007c14a0,0x007C14A0,0x007C14C0,32
entry_007c14c0,0x007C14C0,0x007C14C4,4
entry_007c14c4,0x007C14C4,0x007C14F0,44
FUN_007c14f0,0x007C14F0,0x007C1540,80
entry_007c1538,0x007C1538,0x007C153C,4
entry_007c153c,0x007C153C,0x007C1550,20
FUN_007c1550,0x007C1550,0x007C15A4,84
FUN_007c1710,0x007C1710,0x007C1718,8
entry_007c1780,0x007C1780,0x007C1804,132
entry_007c1804,0x007C1804,0x007C1CD4,1232
entry_007c1cd4,0x007C1CD4,0x007C1D10,60
FUN_007c1d10,0x007C1D10,0x007C1D84,116
entry_007c1d74,0x007C1D74,0x007C1D7C,8
entry_007c1d7c,0x007C1D7C,0x007C1D90,20
FUN_007c1d90,0x007C1D90,0x007C1EB4,68
entry_007c1eac,0x007C1EAC,0x007C2070,452
FUN_007c2070,0x007C2070,0x009420D4,140
entry_007c20a4,0x007C20A4,0x007C2100,92
FUN_007c2100,0x007C2100,0x007C2140,64
entry_007c2130,0x007C2130,0x007C2138,8
entry_007c2138,0x007C2138,0x007C213C,4
entry_007c213c,0x007C213C,0x007C2150,20
FUN_007c2150,0x007C2150,0x007C215C,12
FUN_007c22c0,0x007C22C0,0x007C22D0,16
FUN_007c2570,0x007C2570,0x007C2578,8
FUN_007c2930,0x007C2930,0x007C293C,12
FUN_007c2a50,0x007C2A50,0x007C2A60,16
FUN_007c2cf0,0x007C2CF0,0x007C2D00,16
FUN_007c30a0,0x007C30A0,0x007C30AC,12
FUN_007c3150,0x007C3150,0x007C3168,24
FUN_007c3270,0x007C3270,0x007C3290,32
entry_007c328c,0x007C328C,0x007C32A0,20
FUN_007c32a0,0x007C32A0,0x007C32B0,16
FUN_007c3360,0x007C3360,0x007C3518,256
entry_007c33d0,0x007C33D0,0x007C33F0,32
entry_007c33f0,0x007C33F0,0x007C347C,140
entry_007c347c,0x007C347C,0x007C349C,32
entry_007c349c,0x007C349C,0x007C34C8,44
entry_007c34c8,0x007C34C8,0x007C34CC,4
entry_007c34cc,0x007C34CC,0x007C3504,56
entry_007c3504,0x007C3504,0x007C3508,4
entry_007c3508,0x007C3508,0x007C3510,8
entry_007c3510,0x007C3510,0x007C3530,32
FUN_007c3530,0x007C3530,0x007C3540,16
FUN_007c3980,0x007C3980,0x007C3990,16
FUN_007c3e10,0x007C3E10,0x007C3E20,16
entry_007c3fac,0x007C3FAC,0x007C41B0,516
entry_007c41b0,0x007C41B0,0x007C41E8,56
entry_007c41e8,0x007C41E8,0x007C4224,60
entry_007c4224,0x007C4224,0x007C4274,80
entry_007c4274,0x007C4274,0x007C42B0,60
FUN_007c42b0,0x007C42B0,0x007C42C0,16
FUN_007c4600,0x007C4600,0x007C460C,12
entry_007c5038,0x007C5038,0x007C5054,28
entry_007c5054,0x007C5054,0x007C50A0,76
FUN_007c50a0,0x007C50A0,0x007C50AC,12
entry_007c5448,0x007C5448,0x007C57E4,924
entry_007c57e4,0x007C57E4,0x007C5828,68
entry_007c5828,0x007C5828,0x007C5948,288
entry_007c5948,0x007C5948,0x007C5964,28
entry_007c5964,0x007C5964,0x007C59C0,92
FUN_007c59c0,0x007C59C0,0x007C5B34,164
entry_007c5a04,0x007C5A04,0x007C5A30,44
entry_007c5a30,0x007C5A30,0x007C5A58,40
entry_007c5a58,0x007C5A58,0x007C5A80,40
entry_007c5a80,0x007C5A80,0x007C5AA8,40
entry_007c5aa8,0x007C5AA8,0x007C5AD0,40
entry_007c5ad0,0x007C5AD0,0x007C5AF8,40
entry_007c5af8,0x007C5AF8,0x007C5B08,16
entry_007c5b08,0x007C5B08,0x007C5B1C,20
entry_007c5b1c,0x007C5B1C,0x007C5B20,4
entry_007c5b20,0x007C5B20,0x007C5B2C,12
entry_007c5b2c,0x007C5B2C,0x007C5B50,36
FUN_007c5b50,0x007C5B50,0x007C5B58,8
FUN_007c5d70,0x007C5D70,0x007C5D80,16
FUN_007c5fb0,0x007C5FB0,0x007C5FB8,8
FUN_007c6210,0x007C6210,0x007C6218,8
FUN_007c63c0,0x007C63C0,0x007C6458,152
FUN_007c6470,0x007C6470,0x007C6484,20
FUN_007c6970,0x007C6970,0x007C6A54,228
entry_007c699c,0x007C699C,0x007C69C8,44
entry_007c69c8,0x007C69C8,0x007C6A50,136
entry_007c6a50,0x007C6A50,0x007C6A60,16
FUN_007c6a60,0x007C6A60,0x007C6AA8,72
entry_007c6aa0,0x007C6AA0,0x007C6AC0,32
FUN_007c6ac0,0x007C6AC0,0x007C6B10,80
entry_007c6b08,0x007C6B08,0x007C6B0C,4
entry_007c6b0c,0x007C6B0C,0x007C6B20,20
FUN_007c6b20,0x007C6B20,0x007C6B34,20
FUN_007c6db0,0x007C6DB0,0x007C6E74,164
entry_007c6dec,0x007C6DEC,0x007C6DFC,16
entry_007c6dfc,0x007C6DFC,0x007C6E00,4
entry_007c6e00,0x007C6E00,0x007C6E14,20
entry_007c6e14,0x007C6E14,0x007C6E6C,88
entry_007c6e6c,0x007C6E6C,0x007C6EC0,84
FUN_007c6ec0,0x007C6EC0,0x007C6EE4,36
FUN_007c6f10,0x007C6F10,0x007C6F24,20
FUN_007c71c0,0x007C71C0,0x007C7290,120
entry_007c7214,0x007C7214,0x007C7254,64
entry_007c7254,0x007C7254,0x007C7288,52
entry_007c7288,0x007C7288,0x007C72A0,24
FUN_007c72a0,0x007C72A0,0x007C72B4,20
FUN_007c7470,0x007C7470,0x007C747C,12
FUN_007c77d0,0x007C77D0,0x007C77D8,8
FUN_007c7a90,0x007C7A90,0x007C7B58,92
entry_007c7abc,0x007C7ABC,0x007C7ADC,32
entry_007c7adc,0x007C7ADC,0x007C7B54,120
entry_007c7b54,0x007C7B54,0x007C7B70,28
FUN_007c7b70,0x007C7B70,0x007C7BEC,52
entry_007c7b94,0x007C7B94,0x007C7BE8,84
entry_007c7be8,0x007C7BE8,0x007C7C00,24
FUN_007c7c00,0x007C7C00,0x007C7C20,32
FUN_007c7c30,0x007C7C30,0x007C7CBC,68
entry_007c7c64,0x007C7C64,0x007C7CB8,84
entry_007c7cb8,0x007C7CB8,0x007C7CD0,24
FUN_007c7cd0,0x007C7CD0,0x007C7CE8,24
FUN_007c7e10,0x007C7E10,0x007C7E24,20
FUN_007c8050,0x007C8050,0x007C805C,12
FUN_007c8280,0x007C8280,0x007C8290,16
FUN_007c8540,0x007C8540,0x007C861C,220
entry_007c8598,0x007C8598,0x007C85A0,8
entry_007c85a0,0x007C85A0,0x007C85A8,8
entry_007c85a8,0x007C85A8,0x007C85AC,4
entry_007c85ac,0x007C85AC,0x007C85B0,4
entry_007c85b0,0x007C85B0,0x007C85C8,24
entry_007c85c8,0x007C85C8,0x007C8600,56
entry_007c8600,0x007C8600,0x007C8618,24
entry_007c8618,0x007C8618,0x007C8630,24
FUN_007c8630,0x007C8630,0x007C8638,8
FUN_007c86b0,0x007C86B0,0x007C86B8,8
FUN_007c8c70,0x007C8C70,0x007C8C7C,12
FUN_007c9270,0x007C9270,0x007C9278,8
entry_007c92dc,0x007C92DC,0x007C9358,124
entry_007c9358,0x007C9358,0x007C9360,8
entry_007c9360,0x007C9360,0x007C942C,204
entry_007c942c,0x007C942C,0x007C9454,40
entry_007c9454,0x007C9454,0x007C9480,44
entry_007c9480,0x007C9480,0x007C948C,12
entry_007c948c,0x007C948C,0x007C94BC,48
entry_007c94bc,0x007C94BC,0x007C95D4,280
entry_007c95d4,0x007C95D4,0x007C9600,44
FUN_007c9600,0x007C9600,0x007C9608,8
FUN_007c9990,0x007C9990,0x007C9998,8
entry_007c99e4,0x007C99E4,0x007C9A28,68
entry_007c9a28,0x007C9A28,0x007C9B98,368
entry_007c9b98,0x007C9B98,0x007C9BD8,64
entry_007c9bd8,0x007C9BD8,0x007C9BE4,12
entry_007c9be4,0x007C9BE4,0x007C9BF0,12
entry_007c9bf0,0x007C9BF0,0x007C9BF8,8
entry_007c9bf8,0x007C9BF8,0x007C9BFC,4
entry_007c9bfc,0x007C9BFC,0x007C9C0C,16
entry_007c9c0c,0x007C9C0C,0x007C9C28,28
entry_007c9c28,0x007C9C28,0x007C9C50,40
FUN_007c9c50,0x007C9C50,0x007C9D38,200
entry_007c9c98,0x007C9C98,0x007C9CA8,16
entry_007c9ca8,0x007C9CA8,0x007C9CE0,56
entry_007c9ce0,0x007C9CE0,0x007C9D14,52
entry_007c9d14,0x007C9D14,0x007C9D24,16
entry_007c9d24,0x007C9D24,0x007C9D30,12
entry_007c9d30,0x007C9D30,0x007C9D34,4
entry_007c9d34,0x007C9D34,0x007C9D50,28
FUN_007c9d50,0x007C9D50,0x007C9E24,212
entry_007c9dac,0x007C9DAC,0x007C9DB0,4
entry_007c9db0,0x007C9DB0,0x007C9DC8,24
entry_007c9dc8,0x007C9DC8,0x007C9DE0,24
entry_007c9de0,0x007C9DE0,0x007C9DF8,24
entry_007c9df8,0x007C9DF8,0x007C9DFC,4
entry_007c9dfc,0x007C9DFC,0x007C9E20,36
entry_007c9e20,0x007C9E20,0x007C9E40,32
FUN_007c9e40,0x007C9E40,0x007C9E54,20
FUN_007c9e80,0x007C9E80,0x007C9EB8,56
entry_007c9eb4,0x007C9EB4,0x007C9ED0,28
FUN_007c9ed0,0x007C9ED0,0x007C9FD8,264
entry_007c9f1c,0x007C9F1C,0x007C9F24,8
entry_007c9f24,0x007C9F24,0x007C9F50,44
entry_007c9f50,0x007C9F50,0x007C9F54,4
entry_007c9f54,0x007C9F54,0x007C9F9C,72
entry_007c9f9c,0x007C9F9C,0x007C9FA0,4
entry_007c9fa0,0x007C9FA0,0x007C9FC0,32
entry_007c9fc0,0x007C9FC0,0x007C9FC4,4
entry_007c9fc4,0x007C9FC4,0x007C9FF0,44
FUN_007c9ff0,0x007C9FF0,0x007CA040,80
entry_007ca038,0x007CA038,0x007CA03C,4
entry_007ca03c,0x007CA03C,0x007CA050,20
FUN_007ca050,0x007CA050,0x007CA12C,220
FUN_007ca150,0x007CA150,0x007CA214,164
entry_007ca18c,0x007CA18C,0x007CA19C,16
entry_007ca19c,0x007CA19C,0x007CA1A0,4
entry_007ca1a0,0x007CA1A0,0x007CA1B4,20
entry_007ca1b4,0x007CA1B4,0x007CA20C,88
entry_007ca20c,0x007CA20C,0x007CA260,84
FUN_007ca260,0x007CA260,0x007CA284,36
FUN_007ca2b0,0x007CA2B0,0x007CA2BC,12
FUN_007ca520,0x007CA520,0x007CA5F8,120
entry_007ca578,0x007CA578,0x007CA5B8,64
entry_007ca5b8,0x007CA5B8,0x007CA5F0,56
entry_007ca5f0,0x007CA5F0,0x007CA610,32
FUN_007ca610,0x007CA610,0x007CA618,8
FUN_007ca730,0x007CA730,0x007CA748,24
FUN_007cab40,0x007CAB40,0x007CAC08,92
entry_007cab6c,0x007CAB6C,0x007CAB8C,32
entry_007cab8c,0x007CAB8C,0x007CAC04,120
entry_007cac04,0x007CAC04,0x007CAC20,28
FUN_007cac20,0x007CAC20,0x007CAC30,16
FUN_007cae10,0x007CAE10,0x007CAE30,32
FUN_007cae40,0x007CAE40,0x007CAECC,68
entry_007cae74,0x007CAE74,0x007CAEC8,84
entry_007caec8,0x007CAEC8,0x007CAEE0,24
FUN_007caee0,0x007CAEE0,0x007CAEF8,24
FUN_007cb020,0x007CB020,0x007CB034,20
FUN_007cb260,0x007CB260,0x007CB270,16
FUN_007cb5c0,0x007CB5C0,0x007CB684,196
entry_007cb618,0x007CB618,0x007CB620,8
entry_007cb620,0x007CB620,0x007CB628,8
entry_007cb628,0x007CB628,0x007CB62C,4
entry_007cb62c,0x007CB62C,0x007CB668,60
entry_007cb668,0x007CB668,0x007CB680,24
entry_007cb680,0x007CB680,0x007CB690,16
FUN_007cb690,0x007CB690,0x007CB698,8
FUN_007cb710,0x007CB710,0x007CB718,8
entry_007cb77c,0x007CB77C,0x007CB7F8,124
entry_007cb7f8,0x007CB7F8,0x007CB800,8
entry_007cb800,0x007CB800,0x007CB854,84
entry_007cb854,0x007CB854,0x007CB864,16
entry_007cb864,0x007CB864,0x007CB878,20
entry_007cb878,0x007CB878,0x007CB880,8
entry_007cb880,0x007CB880,0x007CB884,4
entry_007cb884,0x007CB884,0x007CB8C0,60
entry_007cb8c0,0x007CB8C0,0x007CB8DC,28
entry_007cb8dc,0x007CB8DC,0x007CB8E8,12
entry_007cb8e8,0x007CB8E8,0x007CB910,40
entry_007cb910,0x007CB910,0x007CBA10,256
entry_007cba10,0x007CBA10,0x007CBA40,48
FUN_007cba40,0x007CBA40,0x007CBA48,8
FUN_007cbc30,0x007CBC30,0x007CBC3C,12
entry_007cbc48,0x007CBC48,0x007CBC70,40
entry_007cbc70,0x007CBC70,0x007CBC94,36
entry_007cbc94,0x007CBC94,0x007CBCCC,56
entry_007cbccc,0x007CBCCC,0x007CBCEC,32
entry_007cbcec,0x007CBCEC,0x007CBF38,588
entry_007cbf38,0x007CBF38,0x007CBFBC,132
entry_007cbfbc,0x007CBFBC,0x007CC03C,128
entry_007cc03c,0x007CC03C,0x007CC05C,32
entry_007cc05c,0x007CC05C,0x007CC174,280
entry_007cc174,0x007CC174,0x007CC1C0,76
entry_007cc1c0,0x007CC1C0,0x007CC1C4,4
entry_007cc1c4,0x007CC1C4,0x007CC1D0,12
entry_007cc1d0,0x007CC1D0,0x007CC1F0,32
FUN_007cc1f0,0x007CC1F0,0x007CC2F8,264
entry_007cc24c,0x007CC24C,0x007CC274,40
entry_007cc274,0x007CC274,0x007CC29C,40
entry_007cc29c,0x007CC29C,0x007CC2C4,40
entry_007cc2c4,0x007CC2C4,0x007CC2EC,40
entry_007cc2ec,0x007CC2EC,0x007CC2F0,4
entry_007cc2f0,0x007CC2F0,0x007CC310,32
FUN_007cc310,0x007CC310,0x007CC460,80
entry_007cc448,0x007CC448,0x007CC454,12
entry_007cc454,0x007CC454,0x007CC470,28
FUN_007cc470,0x007CC470,0x007CC500,144
entry_007cc4b8,0x007CC4B8,0x007CC4BC,4
entry_007cc4bc,0x007CC4BC,0x007CC4D4,24
entry_007cc4d4,0x007CC4D4,0x007CC4D8,4
entry_007cc4d8,0x007CC4D8,0x007CC4FC,36
entry_007cc4fc,0x007CC4FC,0x007CC510,20
FUN_007cc510,0x007CC510,0x007CC524,20
entry_007cc520,0x007CC520,0x007CC560,64
FUN_007cc560,0x007CC560,0x007CC568,8
entry_007cc5bc,0x007CC5BC,0x007CC5DC,32
entry_007cc5dc,0x007CC5DC,0x007CC600,36
FUN_007cc600,0x007CC600,0x007CC7E4,376
entry_007cc64c,0x007CC64C,0x007CC654,8
entry_007cc654,0x007CC654,0x007CC680,44
entry_007cc680,0x007CC680,0x007CC684,4
entry_007cc684,0x007CC684,0x007CC6CC,72
entry_007cc6cc,0x007CC6CC,0x007CC6D0,4
entry_007cc6d0,0x007CC6D0,0x007CC6F0,32
entry_007cc6f0,0x007CC6F0,0x007CC6F4,4
entry_007cc6f4,0x007CC6F4,0x007CC734,64
entry_007cc734,0x007CC734,0x007CC760,44
entry_007cc760,0x007CC760,0x007CC78C,44
entry_007cc78c,0x007CC78C,0x007CC7B8,44
entry_007cc7b8,0x007CC7B8,0x007CC7E0,40
entry_007cc7e0,0x007CC7E0,0x007CC7F0,16
FUN_007cc7f0,0x007CC7F0,0x007CC840,80
entry_007cc838,0x007CC838,0x007CC83C,4
entry_007cc83c,0x007CC83C,0x007CC850,20
FUN_007cc850,0x007CC850,0x007CC8B0,96
entry_007cc980,0x007CC980,0x007CC99C,28
entry_007cc99c,0x007CC99C,0x007CCA50,180
FUN_007cca50,0x007CCA50,0x007CCB20,120
entry_007ccaa0,0x007CCAA0,0x007CCAE0,64
entry_007ccae0,0x007CCAE0,0x007CCB30,80
FUN_007ccb30,0x007CCB30,0x007CCB48,24
FUN_007ccca0,0x007CCCA0,0x007CCCAC,12
FUN_007cd000,0x007CD000,0x007CD018,24
FUN_007cd2f0,0x007CD2F0,0x007CD304,20
FUN_007cd520,0x007CD520,0x007CD52C,12
FUN_007cd750,0x007CD750,0x007CD764,20
FUN_007cd980,0x007CD980,0x007CD98C,12
entry_007cda64,0x007CDA64,0x007CDB24,192
entry_007cdb24,0x007CDB24,0x007CDB28,4
entry_007cdb28,0x007CDB28,0x007CDB38,16
entry_007cdb38,0x007CDB38,0x007CDC04,204
entry_007cdc04,0x007CDC04,0x007CDC08,4
entry_007cdc08,0x007CDC08,0x007CDC18,16
entry_007cdc18,0x007CDC18,0x007CDCE4,204
entry_007cdce4,0x007CDCE4,0x007CDCE8,4
entry_007cdce8,0x007CDCE8,0x007CDCF8,16
entry_007cdcf8,0x007CDCF8,0x007CDDF0,248
entry_007cddf0,0x007CDDF0,0x007CDF10,288
entry_007cdf10,0x007CDF10,0x007CDF38,40
entry_007cdf38,0x007CDF38,0x007CDF48,16
entry_007cdf48,0x007CDF48,0x007CDF94,76
entry_007cdf94,0x007CDF94,0x007CDFC8,52
entry_007cdfc8,0x007CDFC8,0x007CE000,56
FUN_007ce000,0x007CE000,0x007CE00C,12
FUN_007ce390,0x007CE390,0x007CE398,8
FUN_007ce640,0x007CE640,0x007CE654,20
FUN_007ce800,0x007CE800,0x007CE808,8
FUN_007ce9e0,0x007CE9E0,0x007CE9E8,8
FUN_007cebc0,0x007CEBC0,0x007CEBD0,16
FUN_007cee00,0x007CEE00,0x007CEEDC,132
entry_007cee50,0x007CEE50,0x007CEE84,52
entry_007cee84,0x007CEE84,0x007CEEAC,40
entry_007ceeac,0x007CEEAC,0x007CEED0,36
entry_007ceed0,0x007CEED0,0x007CEED4,4
entry_007ceed4,0x007CEED4,0x007CEF00,44
FUN_007cef00,0x007CEF00,0x007CF114,140
entry_007cef30,0x007CEF30,0x007CEF68,56
entry_007cef68,0x007CEF68,0x007CF00C,164
entry_007cf00c,0x007CF00C,0x007CF0DC,208
entry_007cf0dc,0x007CF0DC,0x007CF104,40
entry_007cf104,0x007CF104,0x007CF110,12
entry_007cf110,0x007CF110,0x007CF130,32
FUN_007cf130,0x007CF130,0x007CF13C,12
entry_007cf2a0,0x007CF2A0,0x007CF2B8,24
entry_007cf2b8,0x007CF2B8,0x007CF2C8,16
entry_007cf2c8,0x007CF2C8,0x007CF2D8,16
entry_007cf2d8,0x007CF2D8,0x007CF2E4,12
entry_007cf2e4,0x007CF2E4,0x007CF2E8,4
entry_007cf2e8,0x007CF2E8,0x007CF2F8,16
entry_007cf2f8,0x007CF2F8,0x007CF310,24
entry_007cf310,0x007CF310,0x007CF33C,44
entry_007cf33c,0x007CF33C,0x007CF35C,32
entry_007cf35c,0x007CF35C,0x007CF370,20
entry_007cf370,0x007CF370,0x007CF374,4
entry_007cf374,0x007CF374,0x007CF380,12
entry_007cf380,0x007CF380,0x007CF390,16
entry_007cf390,0x007CF390,0x007CF3A8,24
entry_007cf3a8,0x007CF3A8,0x007CF3BC,20
entry_007cf3bc,0x007CF3BC,0x007CF3CC,16
entry_007cf3cc,0x007CF3CC,0x007CF3DC,16
entry_007cf3dc,0x007CF3DC,0x007CF3E0,4
entry_007cf3e0,0x007CF3E0,0x007CF3F0,16
entry_007cf3f0,0x007CF3F0,0x007CF408,24
entry_007cf408,0x007CF408,0x007CF434,44
entry_007cf434,0x007CF434,0x007CF454,32
entry_007cf454,0x007CF454,0x007CF468,20
entry_007cf468,0x007CF468,0x007CF46C,4
entry_007cf46c,0x007CF46C,0x007CF478,12
entry_007cf478,0x007CF478,0x007CF48C,20
entry_007cf48c,0x007CF48C,0x007CF590,260
FUN_007cf590,0x007CF590,0x007CF644,180
entry_007cf5d8,0x007CF5D8,0x007CF5F0,24
entry_007cf5f0,0x007CF5F0,0x007CF608,24
entry_007cf608,0x007CF608,0x007CF620,24
entry_007cf620,0x007CF620,0x007CF638,24
entry_007cf638,0x007CF638,0x007CF63C,4
entry_007cf63c,0x007CF63C,0x007CF650,20
FUN_007cf650,0x007CF650,0x007CF65C,12
FUN_007cf8c0,0x007CF8C0,0x007CF95C,156
entry_007cf900,0x007CF900,0x007CF904,4
entry_007cf904,0x007CF904,0x007CF970,108
FUN_007cf970,0x007CF970,0x007CF980,16
FUN_007cfc80,0x007CFC80,0x007CFEFC,608
entry_007cfcac,0x007CFCAC,0x007CFCEC,64
entry_007cfcec,0x007CFCEC,0x007CFCFC,16
entry_007cfcfc,0x007CFCFC,0x007CFD90,148
entry_007cfd90,0x007CFD90,0x007CFD94,4
entry_007cfd94,0x007CFD94,0x007CFDBC,40
entry_007cfdbc,0x007CFDBC,0x007CFDC0,4
entry_007cfdc0,0x007CFDC0,0x007CFDE4,36
entry_007cfde4,0x007CFDE4,0x007CFDE8,4
entry_007cfde8,0x007CFDE8,0x007CFE10,40
entry_007cfe10,0x007CFE10,0x007CFE14,4
entry_007cfe14,0x007CFE14,0x007CFE38,36
entry_007cfe38,0x007CFE38,0x007CFE3C,4
entry_007cfe3c,0x007CFE3C,0x007CFE64,40
entry_007cfe64,0x007CFE64,0x007CFE68,4
entry_007cfe68,0x007CFE68,0x007CFE6C,4
entry_007cfe6c,0x007CFE6C,0x007CFE9C,48
entry_007cfe9c,0x007CFE9C,0x007CFEC0,36
entry_007cfec0,0x007CFEC0,0x007CFEF4,52
entry_007cfef4,0x007CFEF4,0x007CFFC0,204
FUN_007cffc0,0x007CFFC0,0x007CFFF0,48
FUN_007d0000,0x007D0000,0x007D0050,80
entry_007d0048,0x007D0048,0x007D004C,4
entry_007d004c,0x007D004C,0x007D0060,20
FUN_007d0060,0x007D0060,0x007D0074,20
entry_007d01e0,0x007D01E0,0x007D01FC,28
entry_007d01fc,0x007D01FC,0x007D0280,132
FUN_007d0280,0x007D0280,0x007D028C,12
FUN_007d0600,0x007D0600,0x007D0608,8
FUN_007d0790,0x007D0790,0x007D079C,12
FUN_007d09b0,0x007D09B0,0x007D09C0,16
FUN_007d0bd0,0x007D0BD0,0x007D0C94,136
entry_007d0c1c,0x007D0C1C,0x007D0C40,36
entry_007d0c40,0x007D0C40,0x007D0C74,52
entry_007d0c74,0x007D0C74,0x007D0C8C,24
entry_007d0c8c,0x007D0C8C,0x007D0CB0,36
FUN_007d0cb0,0x007D0CB0,0x007D0CBC,12
FUN_007d11d0,0x007D11D0,0x007D11DC,12
FUN_007d1360,0x007D1360,0x007D136C,12
FUN_007d16f0,0x007D16F0,0x007D17E8,248
entry_007d17c8,0x007D17C8,0x007D1800,56
FUN_007d1800,0x007D1800,0x007D1850,80
entry_007d1848,0x007D1848,0x007D184C,4
entry_007d184c,0x007D184C,0x007D1860,20
FUN_007d1860,0x007D1860,0x007D1874,20
FUN_007d1930,0x007D1930,0x007D193C,12
entry_007d1a30,0x007D1A30,0x007D1C94,612
entry_007d1c94,0x007D1C94,0x007D1CAC,24
entry_007d1cac,0x007D1CAC,0x007D1CC0,20
entry_007d1cc0,0x007D1CC0,0x007D1D24,100
entry_007d1d24,0x007D1D24,0x007D1D3C,24
entry_007d1d3c,0x007D1D3C,0x007D1E00,196
FUN_007d1e00,0x007D1E00,0x007D1F18,56
entry_007d1e28,0x007D1E28,0x007D1F14,236
entry_007d1f14,0x007D1F14,0x007D1F30,28
FUN_007d1f30,0x007D1F30,0x007D1F38,8
FUN_007d2060,0x007D2060,0x007D2074,20
FUN_007d2350,0x007D2350,0x007D2358,8
FUN_007d2510,0x007D2510,0x007D2518,8
entry_007d2564,0x007D2564,0x007D265C,248
entry_007d265c,0x007D265C,0x007D267C,32
entry_007d267c,0x007D267C,0x007D26C0,68
entry_007d26c0,0x007D26C0,0x007D280C,332
entry_007d280c,0x007D280C,0x007D2824,24
entry_007d2824,0x007D2824,0x007D2850,44
FUN_007d2850,0x007D2850,0x007D2858,8
FUN_007d2a00,0x007D2A00,0x007D2A08,8
FUN_007d2c80,0x007D2C80,0x007D2C98,24
FUN_007d2e60,0x007D2E60,0x007D2E78,24
FUN_007d2fc0,0x007D2FC0,0x007D3010,80
entry_007d3008,0x007D3008,0x007D300C,4
entry_007d300c,0x007D300C,0x007D3020,20
FUN_007d3020,0x007D3020,0x007D3034,20
FUN_007d30c0,0x007D30C0,0x007D30C8,8
FUN_007d3710,0x007D3710,0x007D371C,12
FUN_007d3940,0x007D3940,0x007D3948,8
FUN_007d3be0,0x007D3BE0,0x007D3BF4,20
FUN_007d3e30,0x007D3E30,0x007D3E3C,12
FUN_007d40f0,0x007D40F0,0x007D41C4,64
entry_007d4124,0x007D4124,0x007D41C0,156
entry_007d41c0,0x007D41C0,0x007D41E0,32
FUN_007d41e0,0x007D41E0,0x007D41E8,8
FUN_007d4320,0x007D4320,0x007D4334,20
FUN_007d4780,0x007D4780,0x007D489C,260
entry_007d47bc,0x007D47BC,0x007D47EC,48
entry_007d47ec,0x007D47EC,0x007D4808,28
entry_007d4808,0x007D4808,0x007D4830,40
entry_007d4830,0x007D4830,0x007D4870,64
entry_007d4870,0x007D4870,0x007D4898,40
entry_007d4898,0x007D4898,0x007D48B0,24
FUN_007d48b0,0x007D48B0,0x007D48BC,12
FUN_007d4b90,0x007D4B90,0x007D4D0C,184
entry_007d4bc8,0x007D4BC8,0x007D4CA0,216
entry_007d4ca0,0x007D4CA0,0x007D4CE0,64
entry_007d4ce0,0x007D4CE0,0x007D4D08,40
entry_007d4d08,0x007D4D08,0x007D4D20,24
FUN_007d4d20,0x007D4D20,0x007D4EB0,228
entry_007d4d68,0x007D4D68,0x007D4E28,192
entry_007d4e28,0x007D4E28,0x007D4E44,28
entry_007d4e44,0x007D4E44,0x007D4E84,64
entry_007d4e84,0x007D4E84,0x007D4EAC,40
entry_007d4eac,0x007D4EAC,0x007D4EC0,20
FUN_007d4ec0,0x007D4EC0,0x007D4EC8,8
entry_007d4f90,0x007D4F90,0x007D5010,128
FUN_007d5010,0x007D5010,0x007D5024,20
FUN_007d50f0,0x007D50F0,0x007D50F8,8
FUN_007d5300,0x007D5300,0x007D541C,100
entry_007d5344,0x007D5344,0x007D5378,52
entry_007d5378,0x007D5378,0x007D5414,156
entry_007d5414,0x007D5414,0x007D5440,44
FUN_007d5440,0x007D5440,0x007D5448,8
FUN_007d5590,0x007D5590,0x007D5A84,748
entry_007d55dc,0x007D55DC,0x007D5610,52
entry_007d5610,0x007D5610,0x007D5650,64
entry_007d5650,0x007D5650,0x007D56C8,120
entry_007d56c8,0x007D56C8,0x007D56D4,12
entry_007d56d4,0x007D56D4,0x007D5710,60
entry_007d5710,0x007D5710,0x007D5768,88
entry_007d5768,0x007D5768,0x007D578C,36
entry_007d578c,0x007D578C,0x007D5790,4
entry_007d5790,0x007D5790,0x007D57A0,16
entry_007d57a0,0x007D57A0,0x007D57D4,52
entry_007d57d4,0x007D57D4,0x007D5800,44
entry_007d5800,0x007D5800,0x007D5818,24
entry_007d5818,0x007D5818,0x007D5900,232
entry_007d5900,0x007D5900,0x007D5904,4
entry_007d5904,0x007D5904,0x007D5908,4
entry_007d5908,0x007D5908,0x007D5918,16
entry_007d5918,0x007D5918,0x007D5950,56
entry_007d5950,0x007D5950,0x007D596C,28
entry_007d596c,0x007D596C,0x007D59C8,92
entry_007d59c8,0x007D59C8,0x007D59F8,48
entry_007d59f8,0x007D59F8,0x007D5A58,96
entry_007d5a58,0x007D5A58,0x007D5A6C,20
entry_007d5a6c,0x007D5A6C,0x007D5A70,4
entry_007d5a70,0x007D5A70,0x007D5A78,8
entry_007d5a78,0x007D5A78,0x007D5AD0,88
FUN_007d5ad0,0x007D5AD0,0x007D5AE4,20
FUN_007d5d40,0x007D5D40,0x007D5D48,8
FUN_007d5f90,0x007D5F90,0x007D5FE0,80
entry_007d5fd8,0x007D5FD8,0x007D5FDC,4
entry_007d5fdc,0x007D5FDC,0x007D5FF0,20
FUN_007d5ff0,0x007D5FF0,0x007D6004,20
FUN_007d6070,0x007D6070,0x007D607C,12
FUN_007d65d0,0x007D65D0,0x007D65E4,20
FUN_007d66f0,0x007D66F0,0x007D66F8,8
FUN_007d6850,0x007D6850,0x007D6868,24
entry_007d68b4,0x007D68B4,0x007D6B54,672
entry_007d6b54,0x007D6B54,0x007D6C9C,328
entry_007d6c9c,0x007D6C9C,0x007D6CE4,72
entry_007d6ce4,0x007D6CE4,0x007D6CFC,24
entry_007d6cfc,0x007D6CFC,0x007D6D70,116
FUN_007d6d70,0x007D6D70,0x007D6D80,16
entry_007d6ecc,0x007D6ECC,0x007D6EF8,44
entry_007d6ef8,0x007D6EF8,0x007D6F10,24
entry_007d6f10,0x007D6F10,0x007D6F40,48
entry_007d6f40,0x007D6F40,0x007D70C8,392
entry_007d70c8,0x007D70C8,0x007D7100,56
FUN_007d7100,0x007D7100,0x007D7118,24
FUN_007d75a0,0x007D75A0,0x007D75B8,24
FUN_007d7b00,0x007D7B00,0x007D7B1C,28
FUN_007d7c90,0x007D7C90,0x007D7CE0,80
entry_007d7cd8,0x007D7CD8,0x007D7CDC,4
entry_007d7cdc,0x007D7CDC,0x007D7CF0,20
FUN_007d7cf0,0x007D7CF0,0x007D7D04,20
FUN_007d7d90,0x007D7D90,0x007D7D98,8
FUN_007d8180,0x007D8180,0x007D8194,20
FUN_007d8320,0x007D8320,0x007D8328,8
FUN_007d8480,0x007D8480,0x007D848C,12
entry_007d84f0,0x007D84F0,0x007D8520,48
entry_007d8520,0x007D8520,0x007D856C,76
entry_007d856c,0x007D856C,0x007D8768,508
entry_007d8768,0x007D8768,0x007D8798,48
entry_007d8798,0x007D8798,0x007D87C4,44
entry_007d87c4,0x007D87C4,0x007D87C8,4
entry_007d87c8,0x007D87C8,0x007D87CC,4
entry_007d87cc,0x007D87CC,0x007D87EC,32
entry_007d87ec,0x007D87EC,0x007D880C,32
entry_007d880c,0x007D880C,0x007D882C,32
entry_007d882c,0x007D882C,0x007D884C,32
entry_007d884c,0x007D884C,0x007D88C0,116
entry_007d88c0,0x007D88C0,0x007D8900,64
FUN_007d8900,0x007D8900,0x007D8B14,304
entry_007d8960,0x007D8960,0x007D897C,28
entry_007d897c,0x007D897C,0x007D89CC,80
entry_007d89cc,0x007D89CC,0x007D89FC,48
entry_007d89fc,0x007D89FC,0x007D8A2C,48
entry_007d8a2c,0x007D8A2C,0x007D8A40,20
entry_007d8a40,0x007D8A40,0x007D8B04,196
entry_007d8b04,0x007D8B04,0x007D8B08,4
entry_007d8b08,0x007D8B08,0x007D8B0C,4
entry_007d8b0c,0x007D8B0C,0x007D8B30,36
FUN_007d8b30,0x007D8B30,0x007D8B44,20
FUN_007d8ec0,0x007D8EC0,0x007D8EC8,8
entry_007d8f24,0x007D8F24,0x007D9024,256
entry_007d9024,0x007D9024,0x007D9040,28
entry_007d9040,0x007D9040,0x007D913C,252
entry_007d913c,0x007D913C,0x007D9170,52
FUN_007d9170,0x007D9170,0x007D917C,12
FUN_007d9590,0x007D9590,0x007D959C,12
FUN_007d98c0,0x007D98C0,0x007D98D8,24
FUN_007d9b30,0x007D9B30,0x007D9B80,80
entry_007d9b78,0x007D9B78,0x007D9B7C,4
entry_007d9b7c,0x007D9B7C,0x007D9B90,20
FUN_007d9b90,0x007D9B90,0x007D9BA4,20
FUN_007d9c10,0x007D9C10,0x007D9C24,20
FUN_007d9d90,0x007D9D90,0x007D9D9C,12
FUN_007da080,0x007DA080,0x007DA088,8
FUN_007da1c0,0x007DA1C0,0x007DA220,80
entry_007da204,0x007DA204,0x007DA21C,24
entry_007da21c,0x007DA21C,0x007DA230,20
FUN_007da230,0x007DA230,0x007DA238,8
FUN_007da840,0x007DA840,0x007DA9B4,372
entry_007da8a0,0x007DA8A0,0x007DA8C0,32
entry_007da8c0,0x007DA8C0,0x007DA904,68
entry_007da904,0x007DA904,0x007DA914,16
entry_007da914,0x007DA914,0x007DA924,16
entry_007da924,0x007DA924,0x007DA954,48
entry_007da954,0x007DA954,0x007DA998,68
entry_007da998,0x007DA998,0x007DA9A8,16
entry_007da9a8,0x007DA9A8,0x007DA9AC,4
entry_007da9ac,0x007DA9AC,0x007DA9D0,36
FUN_007da9d0,0x007DA9D0,0x007DAA78,168
entry_007daa04,0x007DAA04,0x007DAA30,44
entry_007daa30,0x007DAA30,0x007DAA40,16
entry_007daa40,0x007DAA40,0x007DAA48,8
entry_007daa48,0x007DAA48,0x007DAA54,12
entry_007daa54,0x007DAA54,0x007DAA58,4
entry_007daa58,0x007DAA58,0x007DAA74,28
entry_007daa74,0x007DAA74,0x007DAA90,28
FUN_007daa90,0x007DAA90,0x007DAB74,228
entry_007daad4,0x007DAAD4,0x007DAAFC,40
entry_007daafc,0x007DAAFC,0x007DAB0C,16
entry_007dab0c,0x007DAB0C,0x007DAB54,72
entry_007dab54,0x007DAB54,0x007DAB70,28
entry_007dab70,0x007DAB70,0x007DAB90,32
FUN_007dab90,0x007DAB90,0x007DABE0,80
entry_007dabd8,0x007DABD8,0x007DABDC,4
entry_007dabdc,0x007DABDC,0x007DABF0,20
FUN_007dabf0,0x007DABF0,0x007DAC04,20
FUN_007dac40,0x007DAC40,0x007DAC68,40
FUN_007dac80,0x007DAC80,0x007DAC8C,12
FUN_007dacf0,0x007DACF0,0x007DAD1C,44
FUN_007dad30,0x007DAD30,0x007DADB4,132
FUN_007dadc0,0x007DADC0,0x007DAE08,72
entry_007dae04,0x007DAE04,0x007DAE70,108
FUN_007dae70,0x007DAE70,0x007DAE94,36
FUN_007daf00,0x007DAF00,0x007DAF24,36
FUN_007daf90,0x007DAF90,0x007DAFAC,28
FUN_007db2f0,0x007DB2F0,0x007DB658,388
entry_007db350,0x007DB350,0x007DB388,56
entry_007db388,0x007DB388,0x007DB39C,20
entry_007db39c,0x007DB39C,0x007DB50C,368
entry_007db50c,0x007DB50C,0x007DB5B0,164
entry_007db5b0,0x007DB5B0,0x007DB628,120
entry_007db628,0x007DB628,0x007DB64C,36
entry_007db64c,0x007DB64C,0x007DB650,4
entry_007db650,0x007DB650,0x007DB670,32
FUN_007db670,0x007DB670,0x007DB97C,220
entry_007db6c4,0x007DB6C4,0x007DB70C,72
entry_007db70c,0x007DB70C,0x007DB758,76
entry_007db758,0x007DB758,0x007DB774,28
entry_007db774,0x007DB774,0x007DB970,508
entry_007db970,0x007DB970,0x007DB974,4
entry_007db974,0x007DB974,0x007DB9A0,44
FUN_007db9a0,0x007DB9A0,0x007DB9F0,80
FUN_007dba10,0x007DBA10,0x007DBB38,292
entry_007dba5c,0x007DBA5C,0x007DBA8C,48
entry_007dba8c,0x007DBA8C,0x007DBAB0,36
entry_007dbab0,0x007DBAB0,0x007DBAD0,32
entry_007dbad0,0x007DBAD0,0x007DBAF0,32
entry_007dbaf0,0x007DBAF0,0x007DBB00,16
entry_007dbb00,0x007DBB00,0x007DBB04,4
entry_007dbb04,0x007DBB04,0x007DBB08,4
entry_007dbb08,0x007DBB08,0x007DBB28,32
entry_007dbb28,0x007DBB28,0x007DBB50,40
FUN_007dbb50,0x007DBB50,0x007DBD38,488
entry_007dbba0,0x007DBBA0,0x007DBC04,100
entry_007dbc04,0x007DBC04,0x007DBC70,108
entry_007dbc70,0x007DBC70,0x007DBD08,152
entry_007dbd08,0x007DBD08,0x007DBD34,44
entry_007dbd34,0x007DBD34,0x007DBD50,28
FUN_007dbd50,0x007DBD50,0x007DBD60,16
FUN_007dbf70,0x007DBF70,0x007DBFC0,80
entry_007dbfb8,0x007DBFB8,0x007DBFBC,4
entry_007dbfbc,0x007DBFBC,0x007DBFD0,20
FUN_007dbfd0,0x007DBFD0,0x007DBFE4,20
FUN_007dc0c0,0x007DC0C0,0x007DC16C,172
entry_007dc0ec,0x007DC0EC,0x007DC10C,32
entry_007dc10c,0x007DC10C,0x007DC120,20
entry_007dc120,0x007DC120,0x007DC138,24
entry_007dc138,0x007DC138,0x007DC164,44
entry_007dc164,0x007DC164,0x007DC168,4
entry_007dc168,0x007DC168,0x007DC180,24
FUN_007dc180,0x007DC180,0x007DC254,124
entry_007dc1e0,0x007DC1E0,0x007DC218,56
entry_007dc218,0x007DC218,0x007DC24C,52
entry_007dc24c,0x007DC24C,0x007DC260,20
FUN_007dc260,0x007DC260,0x007DC278,24
FUN_007dc3d0,0x007DC3D0,0x007DC3E4,20
FUN_007dc5d0,0x007DC5D0,0x007DC5DC,12
FUN_007dc760,0x007DC760,0x007DC778,24
FUN_007dc8b0,0x007DC8B0,0x007DC8C8,24
FUN_007dc9f0,0x007DC9F0,0x007DCA08,24
FUN_007dcd20,0x007DCD20,0x007DCD34,20
FUN_007dcf90,0x007DCF90,0x007DCF9C,12
FUN_007dd270,0x007DD270,0x007DD27C,12
FUN_007dd4b0,0x007DD4B0,0x007DD750,220
entry_007dd524,0x007DD524,0x007DD590,108
entry_007dd590,0x007DD590,0x007DD6D4,324
entry_007dd6d4,0x007DD6D4,0x007DD700,44
entry_007dd700,0x007DD700,0x007DD718,24
entry_007dd718,0x007DD718,0x007DD730,24
entry_007dd730,0x007DD730,0x007DD744,20
entry_007dd744,0x007DD744,0x007DD748,4
entry_007dd748,0x007DD748,0x007DD770,40
FUN_007dd770,0x007DD770,0x007DD908,112
entry_007dd7c0,0x007DD7C0,0x007DD82C,108
entry_007dd82c,0x007DD82C,0x007DD8D4,168
entry_007dd8d4,0x007DD8D4,0x007DD900,44
entry_007dd900,0x007DD900,0x007DD920,32
FUN_007dd920,0x007DD920,0x007DD92C,12
FUN_007ddc90,0x007DDC90,0x007DDF18,80
entry_007ddd0c,0x007DDD0C,0x007DDD3C,48
entry_007ddd3c,0x007DDD3C,0x007DDD5C,32
entry_007ddd5c,0x007DDD5C,0x007DDD88,44
entry_007ddd88,0x007DDD88,0x007DDE2C,164
entry_007dde2c,0x007DDE2C,0x007DDE54,40
entry_007dde54,0x007DDE54,0x007DDE7C,40
entry_007dde7c,0x007DDE7C,0x007DDE8C,16
entry_007dde8c,0x007DDE8C,0x007DDED8,76
entry_007dded8,0x007DDED8,0x007DDF0C,52
entry_007ddf0c,0x007DDF0C,0x007DDF10,4
entry_007ddf10,0x007DDF10,0x007DDF30,32
FUN_007ddf30,0x007DDF30,0x007DDF3C,12
FUN_007de1f0,0x007DE1F0,0x007DE3D8,236
entry_007de220,0x007DE220,0x007DE264,68
entry_007de264,0x007DE264,0x007DE290,44
entry_007de290,0x007DE290,0x007DE2BC,44
entry_007de2bc,0x007DE2BC,0x007DE2E4,40
entry_007de2e4,0x007DE2E4,0x007DE3C4,224
entry_007de3c4,0x007DE3C4,0x007DE3C8,4
entry_007de3c8,0x007DE3C8,0x007DE3D4,12
entry_007de3d4,0x007DE3D4,0x007DE3F0,28
FUN_007de3f0,0x007DE3F0,0x007DE5D8,236
entry_007de420,0x007DE420,0x007DE464,68
entry_007de464,0x007DE464,0x007DE490,44
entry_007de490,0x007DE490,0x007DE4BC,44
entry_007de4bc,0x007DE4BC,0x007DE4E4,40
entry_007de4e4,0x007DE4E4,0x007DE5C4,224
entry_007de5c4,0x007DE5C4,0x007DE5C8,4
entry_007de5c8,0x007DE5C8,0x007DE5D4,12
entry_007de5d4,0x007DE5D4,0x007DE5F0,28
FUN_007de5f0,0x007DE5F0,0x007DE5FC,12
FUN_007de8d0,0x007DE8D0,0x007DE8D8,8
FUN_007dec50,0x007DEC50,0x007DEC58,8
FUN_007deff0,0x007DEFF0,0x007DF164,164
entry_007df034,0x007DF034,0x007DF060,44
entry_007df060,0x007DF060,0x007DF088,40
entry_007df088,0x007DF088,0x007DF0B0,40
entry_007df0b0,0x007DF0B0,0x007DF0D8,40
entry_007df0d8,0x007DF0D8,0x007DF100,40
entry_007df100,0x007DF100,0x007DF128,40
entry_007df128,0x007DF128,0x007DF138,16
entry_007df138,0x007DF138,0x007DF14C,20
entry_007df14c,0x007DF14C,0x007DF150,4
entry_007df150,0x007DF150,0x007DF15C,12
entry_007df15c,0x007DF15C,0x007DF180,36
FUN_007df180,0x007DF180,0x007DF188,8
FUN_007df390,0x007DF390,0x007DF474,132
entry_007df3e0,0x007DF3E0,0x007DF414,52
entry_007df414,0x007DF414,0x007DF43C,40
entry_007df43c,0x007DF43C,0x007DF468,44
entry_007df468,0x007DF468,0x007DF46C,4
entry_007df46c,0x007DF46C,0x007DF490,36
FUN_007df490,0x007DF490,0x007DF538,168
entry_007df4c4,0x007DF4C4,0x007DF4F0,44
entry_007df4f0,0x007DF4F0,0x007DF508,24
entry_007df508,0x007DF508,0x007DF520,24
entry_007df520,0x007DF520,0x007DF524,4
entry_007df524,0x007DF524,0x007DF534,16
entry_007df534,0x007DF534,0x007DF550,28
FUN_007df550,0x007DF550,0x007DF830,220
entry_007df584,0x007DF584,0x007DF5C4,64
entry_007df5c4,0x007DF5C4,0x007DF644,128
entry_007df644,0x007DF644,0x007DF680,60
entry_007df680,0x007DF680,0x007DF6AC,44
entry_007df6ac,0x007DF6AC,0x007DF6D4,40
entry_007df6d4,0x007DF6D4,0x007DF6EC,24
entry_007df6ec,0x007DF6EC,0x007DF704,24
entry_007df704,0x007DF704,0x007DF71C,24
entry_007df71c,0x007DF71C,0x007DF734,24
entry_007df734,0x007DF734,0x007DF74C,24
entry_007df74c,0x007DF74C,0x007DF750,4
entry_007df750,0x007DF750,0x007DF754,4
entry_007df754,0x007DF754,0x007DF808,180
entry_007df808,0x007DF808,0x007DF82C,36
entry_007df82c,0x007DF82C,0x007DF840,20
FUN_007df840,0x007DF840,0x007DF8E8,136
entry_007df86c,0x007DF86C,0x007DF8A0,52
entry_007df8a0,0x007DF8A0,0x007DF8D4,52
entry_007df8d4,0x007DF8D4,0x007DF8E0,12
entry_007df8e0,0x007DF8E0,0x007DF8E4,4
entry_007df8e4,0x007DF8E4,0x007DF900,28
FUN_007df900,0x007DF900,0x007DF908,8
FUN_007dfa40,0x007DFA40,0x007DFA48,8
FUN_007dfc10,0x007DFC10,0x007DFC88,120
FUN_007dfcb0,0x007DFCB0,0x007DFCC0,16
FUN_007e0130,0x007E0130,0x007E03E0,660
entry_007e0160,0x007E0160,0x007E0198,56
entry_007e0198,0x007E0198,0x007E01AC,20
entry_007e01ac,0x007E01AC,0x007E01BC,16
entry_007e01bc,0x007E01BC,0x007E0250,148
entry_007e0250,0x007E0250,0x007E0254,4
entry_007e0254,0x007E0254,0x007E027C,40
entry_007e027c,0x007E027C,0x007E0280,4
entry_007e0280,0x007E0280,0x007E02A4,36
entry_007e02a4,0x007E02A4,0x007E02A8,4
entry_007e02a8,0x007E02A8,0x007E02D0,40
entry_007e02d0,0x007E02D0,0x007E02D4,4
entry_007e02d4,0x007E02D4,0x007E02F8,36
entry_007e02f8,0x007E02F8,0x007E02FC,4
entry_007e02fc,0x007E02FC,0x007E0324,40
entry_007e0324,0x007E0324,0x007E0328,4
entry_007e0328,0x007E0328,0x007E032C,4
entry_007e032c,0x007E032C,0x007E0354,40
entry_007e0354,0x007E0354,0x007E0384,48
entry_007e0384,0x007E0384,0x007E03A4,32
entry_007e03a4,0x007E03A4,0x007E03D8,52
entry_007e03d8,0x007E03D8,0x007E0420,72
FUN_007e0420,0x007E0420,0x007E0470,80
entry_007e0468,0x007E0468,0x007E046C,4
entry_007e046c,0x007E046C,0x007E0480,20
FUN_007e0480,0x007E0480,0x007E0494,20
FUN_007e0680,0x007E0680,0x007E06A4,36
FUN_007e0710,0x007E0710,0x007E0734,36
FUN_007e07a0,0x007E07A0,0x007E084C,172
entry_007e07cc,0x007E07CC,0x007E07EC,32
entry_007e07ec,0x007E07EC,0x007E0800,20
entry_007e0800,0x007E0800,0x007E0818,24
entry_007e0818,0x007E0818,0x007E0844,44
entry_007e0844,0x007E0844,0x007E0848,4
entry_007e0848,0x007E0848,0x007E0860,24
FUN_007e0860,0x007E0860,0x007E0930,120
entry_007e08b4,0x007E08B4,0x007E08F4,64
entry_007e08f4,0x007E08F4,0x007E0928,52
entry_007e0928,0x007E0928,0x007E0940,24
FUN_007e0940,0x007E0940,0x007E0958,24
FUN_007e0ab0,0x007E0AB0,0x007E0AC4,20
FUN_007e0d00,0x007E0D00,0x007E0D14,20
FUN_007e0e90,0x007E0E90,0x007E0E9C,12
FUN_007e1110,0x007E1110,0x007E111C,12
FUN_007e12d0,0x007E12D0,0x007E12D8,8
entry_007e1388,0x007E1388,0x007E13B0,40
entry_007e13b0,0x007E13B0,0x007E13C0,16
entry_007e13c0,0x007E13C0,0x007E13D8,24
entry_007e13d8,0x007E13D8,0x007E1548,368
entry_007e1548,0x007E1548,0x007E15F8,176
entry_007e15f8,0x007E15F8,0x007E1660,104
entry_007e1660,0x007E1660,0x007E16B4,84
entry_007e16b4,0x007E16B4,0x007E16E0,44
FUN_007e16e0,0x007E16E0,0x007E16EC,12
entry_007e1750,0x007E1750,0x007E18CC,380
entry_007e18cc,0x007E18CC,0x007E197C,176
entry_007e197c,0x007E197C,0x007E19D4,88
entry_007e19d4,0x007E19D4,0x007E1BE0,524
entry_007e1be0,0x007E1BE0,0x007E1C10,48
FUN_007e1c10,0x007E1C10,0x007E1C1C,12
entry_007e1c80,0x007E1C80,0x007E1DFC,380
entry_007e1dfc,0x007E1DFC,0x007E1EAC,176
entry_007e1eac,0x007E1EAC,0x007E1F04,88
entry_007e1f04,0x007E1F04,0x007E2110,524
entry_007e2110,0x007E2110,0x007E2140,48
FUN_007e2140,0x007E2140,0x007E2158,24
FUN_007e23b0,0x007E23B0,0x007E23C0,16
FUN_007e2710,0x007E2710,0x007E271C,12
FUN_007e29a0,0x007E29A0,0x007E29AC,12
FUN_007e2c90,0x007E2C90,0x007E2E18,316
entry_007e2cc4,0x007E2CC4,0x007E2CF8,52
entry_007e2cf8,0x007E2CF8,0x007E2D10,24
entry_007e2d10,0x007E2D10,0x007E2D28,24
entry_007e2d28,0x007E2D28,0x007E2D40,24
entry_007e2d40,0x007E2D40,0x007E2D44,4
entry_007e2d44,0x007E2D44,0x007E2D88,68
entry_007e2d88,0x007E2D88,0x007E2DA8,32
entry_007e2da8,0x007E2DA8,0x007E2DDC,52
entry_007e2ddc,0x007E2DDC,0x007E2E14,56
entry_007e2e14,0x007E2E14,0x007E2E30,28
FUN_007e2e30,0x007E2E30,0x007E2E40,16
FUN_007e3240,0x007E3240,0x007E324C,12
FUN_007e3450,0x007E3450,0x007E34D0,128
FUN_007e34e0,0x007E34E0,0x007E34F4,20
FUN_007e37d0,0x007E37D0,0x007E37D8,8
FUN_007e3b90,0x007E3B90,0x007E3BE0,80
entry_007e3bd8,0x007E3BD8,0x007E3BDC,4
entry_007e3bdc,0x007E3BDC,0x007E3BF0,20
FUN_007e3bf0,0x007E3BF0,0x007E3C04,20
FUN_007e3d40,0x007E3D40,0x007E3D48,8
FUN_007e3e70,0x007E3E70,0x007E3E7C,12
FUN_007e4180,0x007E4180,0x007E418C,12
FUN_007e4280,0x007E4280,0x007E433C,180
entry_007e42c4,0x007E42C4,0x007E42D4,16
entry_007e42d4,0x007E42D4,0x007E42E8,20
entry_007e42e8,0x007E42E8,0x007E42F0,8
entry_007e42f0,0x007E42F0,0x007E42F4,4
entry_007e42f4,0x007E42F4,0x007E4324,48
entry_007e4324,0x007E4324,0x007E4334,16
entry_007e4334,0x007E4334,0x007E4350,28
FUN_007e4350,0x007E4350,0x007E4414,164
entry_007e438c,0x007E438C,0x007E439C,16
entry_007e439c,0x007E439C,0x007E43A0,4
entry_007e43a0,0x007E43A0,0x007E43B4,20
entry_007e43b4,0x007E43B4,0x007E440C,88
entry_007e440c,0x007E440C,0x007E4460,84
FUN_007e4460,0x007E4460,0x007E4510,144
entry_007e449c,0x007E449C,0x007E44AC,16
entry_007e44ac,0x007E44AC,0x007E44B0,4
entry_007e44b0,0x007E44B0,0x007E4508,88
entry_007e4508,0x007E4508,0x007E455C,84
entry_007e455c,0x007E455C,0x007E4590,52
FUN_007e4590,0x007E4590,0x007E4660,120
entry_007e45e4,0x007E45E4,0x007E4624,64
entry_007e4624,0x007E4624,0x007E4658,52
entry_007e4658,0x007E4658,0x007E4670,24
FUN_007e4670,0x007E4670,0x007E4688,24
FUN_007e47e0,0x007E47E0,0x007E47F0,16
FUN_007e4b20,0x007E4B20,0x007E4B38,24
FUN_007e4ca0,0x007E4CA0,0x007E4CA8,8
FUN_007e4f50,0x007E4F50,0x007E5034,228
entry_007e4fa8,0x007E4FA8,0x007E4FB0,8
entry_007e4fb0,0x007E4FB0,0x007E4FB8,8
entry_007e4fb8,0x007E4FB8,0x007E4FBC,4
entry_007e4fbc,0x007E4FBC,0x007E4FC0,4
entry_007e4fc0,0x007E4FC0,0x007E4FD8,24
entry_007e4fd8,0x007E4FD8,0x007E4FF4,28
entry_007e4ff4,0x007E4FF4,0x007E5020,44
entry_007e5020,0x007E5020,0x007E5030,16
entry_007e5030,0x007E5030,0x007E5040,16
FUN_007e5040,0x007E5040,0x007E5054,20
FUN_007e5240,0x007E5240,0x007E54C8,108
entry_007e5270,0x007E5270,0x007E52A8,56
entry_007e52a8,0x007E52A8,0x007E5330,136
entry_007e5330,0x007E5330,0x007E537C,76
entry_007e537c,0x007E537C,0x007E5394,24
entry_007e5394,0x007E5394,0x007E53BC,40
entry_007e53bc,0x007E53BC,0x007E5460,164
entry_007e5460,0x007E5460,0x007E5488,40
entry_007e5488,0x007E5488,0x007E54B4,44
entry_007e54b4,0x007E54B4,0x007E54B8,4
entry_007e54b8,0x007E54B8,0x007E54C4,12
entry_007e54c4,0x007E54C4,0x007E54E0,28
FUN_007e54e0,0x007E54E0,0x007E5744,108
entry_007e5510,0x007E5510,0x007E5548,56
entry_007e5548,0x007E5548,0x007E55C0,120
entry_007e55c0,0x007E55C0,0x007E560C,76
entry_007e560c,0x007E560C,0x007E5638,44
entry_007e5638,0x007E5638,0x007E56DC,164
entry_007e56dc,0x007E56DC,0x007E5704,40
entry_007e5704,0x007E5704,0x007E5730,44
entry_007e5730,0x007E5730,0x007E5734,4
entry_007e5734,0x007E5734,0x007E5740,12
entry_007e5740,0x007E5740,0x007E5760,32
FUN_007e5760,0x007E5760,0x007E576C,12
entry_007e5904,0x007E5904,0x007E5A94,400
entry_007e5a94,0x007E5A94,0x007E5ACC,56
entry_007e5acc,0x007E5ACC,0x007E5B10,68
entry_007e5b10,0x007E5B10,0x007E5B60,80
entry_007e5b60,0x007E5B60,0x007E5B90,48
FUN_007e5b90,0x007E5B90,0x007E5B9C,12
FUN_007e5e90,0x007E5E90,0x007E5E9C,12
FUN_007e6550,0x007E6550,0x007E66C4,164
entry_007e6594,0x007E6594,0x007E65C0,44
entry_007e65c0,0x007E65C0,0x007E65E8,40
entry_007e65e8,0x007E65E8,0x007E6610,40
entry_007e6610,0x007E6610,0x007E6638,40
entry_007e6638,0x007E6638,0x007E6660,40
entry_007e6660,0x007E6660,0x007E6688,40
entry_007e6688,0x007E6688,0x007E6698,16
entry_007e6698,0x007E6698,0x007E66AC,20
entry_007e66ac,0x007E66AC,0x007E66B0,4
entry_007e66b0,0x007E66B0,0x007E66BC,12
entry_007e66bc,0x007E66BC,0x007E66E0,36
FUN_007e66e0,0x007E66E0,0x007E66E8,8
FUN_007e68c0,0x007E68C0,0x007E69A0,132
entry_007e6910,0x007E6910,0x007E6944,52
entry_007e6944,0x007E6944,0x007E696C,40
entry_007e696c,0x007E696C,0x007E6994,40
entry_007e6994,0x007E6994,0x007E6998,4
entry_007e6998,0x007E6998,0x007E69C0,40
FUN_007e69c0,0x007E69C0,0x007E6B7C,112
entry_007e6a10,0x007E6A10,0x007E6AB0,160
entry_007e6ab0,0x007E6AB0,0x007E6B48,152
entry_007e6b48,0x007E6B48,0x007E6B74,44
entry_007e6b74,0x007E6B74,0x007E6BA0,44
FUN_007e6ba0,0x007E6BA0,0x007E6BA8,8
entry_007e6bf4,0x007E6BF4,0x007E6C50,92
entry_007e6c50,0x007E6C50,0x007E6CF8,168
entry_007e6cf8,0x007E6CF8,0x007E6D44,76
entry_007e6d44,0x007E6D44,0x007E6D68,36
entry_007e6d68,0x007E6D68,0x007E6D74,12
entry_007e6d74,0x007E6D74,0x007E6DA0,44
entry_007e6da0,0x007E6DA0,0x007E6E5C,188
entry_007e6e5c,0x007E6E5C,0x007E6E84,40
entry_007e6e84,0x007E6E84,0x007E6EB0,44
entry_007e6eb0,0x007E6EB0,0x007E6EE0,48
FUN_007e6ee0,0x007E6EE0,0x007E6F98,184
entry_007e6f14,0x007E6F14,0x007E6F44,48
entry_007e6f44,0x007E6F44,0x007E6F5C,24
entry_007e6f5c,0x007E6F5C,0x007E6F74,24
entry_007e6f74,0x007E6F74,0x007E6F78,4
entry_007e6f78,0x007E6F78,0x007E6F94,28
entry_007e6f94,0x007E6F94,0x007E6FB0,28
FUN_007e6fb0,0x007E6FB0,0x007E6FB8,8
FUN_007e71a0,0x007E71A0,0x007E71A8,8
FUN_007e73f0,0x007E73F0,0x007E743C,76
entry_007e7434,0x007E7434,0x007E7450,28
FUN_007e7450,0x007E7450,0x007E74CC,124
FUN_007e74f0,0x007E74F0,0x007E7500,16
FUN_007e7930,0x007E7930,0x007E7AEC,444
entry_007e795c,0x007E795C,0x007E7984,40
entry_007e7984,0x007E7984,0x007E79B0,44
entry_007e79b0,0x007E79B0,0x007E7A0C,92
entry_007e7a0c,0x007E7A0C,0x007E7A14,8
entry_007e7a14,0x007E7A14,0x007E7A40,44
entry_007e7a40,0x007E7A40,0x007E7A44,4
entry_007e7a44,0x007E7A44,0x007E7AAC,104
entry_007e7aac,0x007E7AAC,0x007E7AB0,4
entry_007e7ab0,0x007E7AB0,0x007E7AD0,32
entry_007e7ad0,0x007E7AD0,0x007E7AD4,4
entry_007e7ad4,0x007E7AD4,0x007E7AD8,4
entry_007e7ad8,0x007E7AD8,0x007E7B00,40
FUN_007e7b00,0x007E7B00,0x007E7B50,80
entry_007e7b48,0x007E7B48,0x007E7B4C,4
entry_007e7b4c,0x007E7B4C,0x007E7B60,20
FUN_007e7b60,0x007E7B60,0x007E7B74,20
FUN_007e7d70,0x007E7D70,0x007E7D78,8
FUN_007e7df0,0x007E7DF0,0x007E7E18,40
entry_007e7e0c,0x007E7E0C,0x007E7E20,20
FUN_007e7e20,0x007E7E20,0x007E7E28,8
FUN_007e7f50,0x007E7F50,0x007E8014,164
entry_007e7f8c,0x007E7F8C,0x007E7F9C,16
entry_007e7f9c,0x007E7F9C,0x007E7FA0,4
entry_007e7fa0,0x007E7FA0,0x007E7FB4,20
entry_007e7fb4,0x007E7FB4,0x007E800C,88
entry_007e800c,0x007E800C,0x007E8060,84
FUN_007e8060,0x007E8060,0x007E8114,180
entry_007e8090,0x007E8090,0x007E80B0,32
entry_007e80b0,0x007E80B0,0x007E80C4,20
entry_007e80c4,0x007E80C4,0x007E80E0,28
entry_007e80e0,0x007E80E0,0x007E810C,44
entry_007e810c,0x007E810C,0x007E8110,4
entry_007e8110,0x007E8110,0x007E8130,32
FUN_007e8130,0x007E8130,0x007E8200,120
entry_007e8184,0x007E8184,0x007E81C4,64
entry_007e81c4,0x007E81C4,0x007E81F8,52
entry_007e81f8,0x007E81F8,0x007E8210,24
FUN_007e8210,0x007E8210,0x007E8228,24
FUN_007e8380,0x007E8380,0x007E838C,12
FUN_007e8560,0x007E8560,0x007E856C,12
FUN_007e86c0,0x007E86C0,0x007E86D8,24
FUN_007e8860,0x007E8860,0x007E8868,8
FUN_007e89d0,0x007E89D0,0x007E89E8,24
FUN_007e8d50,0x007E8D50,0x007E8D60,16
FUN_007e9010,0x007E9010,0x007E9020,16
FUN_007e92b0,0x007E92B0,0x007E92C8,24
FUN_007e9520,0x007E9520,0x007E97C4,220
entry_007e9594,0x007E9594,0x007E9600,108
entry_007e9600,0x007E9600,0x007E9748,328
entry_007e9748,0x007E9748,0x007E9774,44
entry_007e9774,0x007E9774,0x007E978C,24
entry_007e978c,0x007E978C,0x007E97A4,24
entry_007e97a4,0x007E97A4,0x007E97B8,20
entry_007e97b8,0x007E97B8,0x007E97BC,4
entry_007e97bc,0x007E97BC,0x007E97E0,36
FUN_007e97e0,0x007E97E0,0x007E997C,112
entry_007e9830,0x007E9830,0x007E989C,108
entry_007e989c,0x007E989C,0x007E9948,172
entry_007e9948,0x007E9948,0x007E9974,44
entry_007e9974,0x007E9974,0x007E99A0,44
FUN_007e99a0,0x007E99A0,0x007E99AC,12
FUN_007e9f40,0x007E9F40,0x007E9F4C,12
entry_007e9fc4,0x007E9FC4,0x007EA114,336
entry_007ea114,0x007EA114,0x007EA140,44
entry_007ea140,0x007EA140,0x007EA1E4,164
entry_007ea1e4,0x007EA1E4,0x007EA20C,40
entry_007ea20c,0x007EA20C,0x007EA248,60
entry_007ea248,0x007EA248,0x007EA258,16
entry_007ea258,0x007EA258,0x007EA25C,4
entry_007ea25c,0x007EA25C,0x007EA2B4,88
entry_007ea2b4,0x007EA2B4,0x007EA2EC,56
entry_007ea2ec,0x007EA2EC,0x007EA320,52
FUN_007ea320,0x007EA320,0x007EA338,24
FUN_007ea6a0,0x007EA6A0,0x007EA6B0,16
FUN_007ea9d0,0x007EA9D0,0x007EA9D8,8
FUN_007eac00,0x007EAC00,0x007EAC08,8
FUN_007eae30,0x007EAE30,0x007EAE38,8
FUN_007eb3e0,0x007EB3E0,0x007EB3EC,12
FUN_007eb6c0,0x007EB6C0,0x007EB6C8,8
FUN_007eba50,0x007EBA50,0x007EBA58,8
FUN_007ebe70,0x007EBE70,0x007EBFE4,164
entry_007ebeb4,0x007EBEB4,0x007EBEE0,44
entry_007ebee0,0x007EBEE0,0x007EBF08,40
entry_007ebf08,0x007EBF08,0x007EBF30,40
entry_007ebf30,0x007EBF30,0x007EBF58,40
entry_007ebf58,0x007EBF58,0x007EBF80,40
entry_007ebf80,0x007EBF80,0x007EBFA8,40
entry_007ebfa8,0x007EBFA8,0x007EBFB8,16
entry_007ebfb8,0x007EBFB8,0x007EBFCC,20
entry_007ebfcc,0x007EBFCC,0x007EBFD0,4
entry_007ebfd0,0x007EBFD0,0x007EBFDC,12
entry_007ebfdc,0x007EBFDC,0x007EC000,36
FUN_007ec000,0x007EC000,0x007EC008,8
FUN_007ec210,0x007EC210,0x007EC2F0,132
entry_007ec260,0x007EC260,0x007EC294,52
entry_007ec294,0x007EC294,0x007EC2BC,40
entry_007ec2bc,0x007EC2BC,0x007EC2E4,40
entry_007ec2e4,0x007EC2E4,0x007EC2E8,4
entry_007ec2e8,0x007EC2E8,0x007EC310,40
FUN_007ec310,0x007EC310,0x007EC3B8,168
entry_007ec344,0x007EC344,0x007EC370,44
entry_007ec370,0x007EC370,0x007EC388,24
entry_007ec388,0x007EC388,0x007EC3A0,24
entry_007ec3a0,0x007EC3A0,0x007EC3A4,4
entry_007ec3a4,0x007EC3A4,0x007EC3B4,16
entry_007ec3b4,0x007EC3B4,0x007EC3D0,28
FUN_007ec3d0,0x007EC3D0,0x007EC3D8,8
entry_007ec52c,0x007EC52C,0x007EC544,24
entry_007ec544,0x007EC544,0x007EC55C,24
entry_007ec55c,0x007EC55C,0x007EC574,24
entry_007ec574,0x007EC574,0x007EC58C,24
entry_007ec58c,0x007EC58C,0x007EC5A4,24
entry_007ec5a4,0x007EC5A4,0x007EC5C0,28
entry_007ec5c0,0x007EC5C0,0x007EC610,80
FUN_007ec610,0x007EC610,0x007EC780,320
entry_007ec64c,0x007EC64C,0x007EC69C,80
entry_007ec69c,0x007EC69C,0x007EC6CC,48
entry_007ec6cc,0x007EC6CC,0x007EC6D0,4
entry_007ec6d0,0x007EC6D0,0x007EC704,52
entry_007ec704,0x007EC704,0x007EC738,52
entry_007ec738,0x007EC738,0x007EC76C,52
entry_007ec76c,0x007EC76C,0x007EC778,12
entry_007ec778,0x007EC778,0x007EC77C,4
entry_007ec77c,0x007EC77C,0x007EC790,20
FUN_007ec790,0x007EC790,0x007EC798,8
FUN_007ec8d0,0x007EC8D0,0x007EC8D8,8
FUN_007ecb20,0x007ECB20,0x007ECBAC,140
FUN_007ecbd0,0x007ECBD0,0x007ECBE0,16
FUN_007ecfa0,0x007ECFA0,0x007ED220,560
entry_007ecfd0,0x007ECFD0,0x007ED028,88
entry_007ed028,0x007ED028,0x007ED030,8
entry_007ed030,0x007ED030,0x007ED05C,44
entry_007ed05c,0x007ED05C,0x007ED060,4
entry_007ed060,0x007ED060,0x007ED0D4,116
entry_007ed0d4,0x007ED0D4,0x007ED0D8,4
entry_007ed0d8,0x007ED0D8,0x007ED100,40
entry_007ed100,0x007ED100,0x007ED104,4
entry_007ed104,0x007ED104,0x007ED128,36
entry_007ed128,0x007ED128,0x007ED12C,4
entry_007ed12c,0x007ED12C,0x007ED154,40
entry_007ed154,0x007ED154,0x007ED158,4
entry_007ed158,0x007ED158,0x007ED17C,36
entry_007ed17c,0x007ED17C,0x007ED180,4
entry_007ed180,0x007ED180,0x007ED1A8,40
entry_007ed1a8,0x007ED1A8,0x007ED1B0,8
entry_007ed1b0,0x007ED1B0,0x007ED210,96
entry_007ed210,0x007ED210,0x007ED214,4
entry_007ed214,0x007ED214,0x007ED230,28
FUN_007ed230,0x007ED230,0x007ED280,80
entry_007ed278,0x007ED278,0x007ED27C,4
entry_007ed27c,0x007ED27C,0x007ED290,20
FUN_007ed290,0x007ED290,0x007ED2A4,20
FUN_007ed4c0,0x007ED4C0,0x007ED530,112
entry_007ed524,0x007ED524,0x007ED52C,8
entry_007ed52c,0x007ED52C,0x007ED540,20
FUN_007ed540,0x007ED540,0x007ED5A8,104
entry_007ed5a4,0x007ED5A4,0x007ED5C0,28
entry_007ed5c0,0x007ED5C0,0x007ED5D4,20
entry_007ed5d4,0x007ED5D4,0x007ED700,300
FUN_007ed700,0x007ED700,0x007ED708,8
FUN_007ed970,0x007ED970,0x007ED978,8
FUN_007edbe0,0x007EDBE0,0x007EDBF0,16
FUN_007edf30,0x007EDF30,0x007EDF3C,12
FUN_007edff0,0x007EDFF0,0x007EE000,16
FUN_007ee1a0,0x007EE1A0,0x007EE1B0,16
entry_007ee394,0x007EE394,0x007EE3E4,80
entry_007ee3e4,0x007EE3E4,0x007EE638,596
entry_007ee638,0x007EE638,0x007EE65C,36
entry_007ee65c,0x007EE65C,0x007EE66C,16
entry_007ee66c,0x007EE66C,0x007EE684,24
entry_007ee684,0x007EE684,0x007EE6A0,28
entry_007ee6a0,0x007EE6A0,0x007EE6EC,76
entry_007ee6ec,0x007EE6EC,0x007EE960,628
entry_007ee960,0x007EE960,0x007EE9A0,64
FUN_007ee9a0,0x007EE9A0,0x007EE9B8,24
entry_007eeb8c,0x007EEB8C,0x007EEBDC,80
entry_007eebdc,0x007EEBDC,0x007EEBFC,32
entry_007eebfc,0x007EEBFC,0x007EED04,264
entry_007eed04,0x007EED04,0x007EED20,28
entry_007eed20,0x007EED20,0x007EED54,52
entry_007eed54,0x007EED54,0x007EEDE0,140
entry_007eede0,0x007EEDE0,0x007EEE30,80
entry_007eee30,0x007EEE30,0x007EEE50,32
entry_007eee50,0x007EEE50,0x007EEFBC,364
entry_007eefbc,0x007EEFBC,0x007EF000,68
FUN_007ef000,0x007EF000,0x007EF014,20
entry_007ef198,0x007EF198,0x007EF1E8,80
entry_007ef1e8,0x007EF1E8,0x007EF208,32
entry_007ef208,0x007EF208,0x007EF314,268
entry_007ef314,0x007EF314,0x007EF330,28
entry_007ef330,0x007EF330,0x007EF364,52
entry_007ef364,0x007EF364,0x007EF3F0,140
entry_007ef3f0,0x007EF3F0,0x007EF440,80
entry_007ef440,0x007EF440,0x007EF460,32
entry_007ef460,0x007EF460,0x007EF5CC,364
entry_007ef5cc,0x007EF5CC,0x007EF600,52
FUN_007ef600,0x007EF600,0x007EF618,24
FUN_007ef870,0x007EF870,0x007EF88C,28
FUN_007efc30,0x007EFC30,0x007EFE78,128
entry_007efc70,0x007EFC70,0x007EFE6C,508
entry_007efe6c,0x007EFE6C,0x007EFE70,4
entry_007efe70,0x007EFE70,0x007EFE90,32
FUN_007efe90,0x007EFE90,0x007EFE98,8
FUN_007f0120,0x007F0120,0x007F0218,248
entry_007f0164,0x007F0164,0x007F017C,24
entry_007f017c,0x007F017C,0x007F0194,24
entry_007f0194,0x007F0194,0x007F01AC,24
entry_007f01ac,0x007F01AC,0x007F01B0,4
entry_007f01b0,0x007F01B0,0x007F01F4,68
entry_007f01f4,0x007F01F4,0x007F0200,12
entry_007f0200,0x007F0200,0x007F020C,12
entry_007f020c,0x007F020C,0x007F0210,4
entry_007f0210,0x007F0210,0x007F0214,4
entry_007f0214,0x007F0214,0x007F0230,28
FUN_007f0230,0x007F0230,0x007F023C,12
FUN_007f03c0,0x007F03C0,0x007F0410,80
entry_007f03fc,0x007F03FC,0x007F0408,12
entry_007f0408,0x007F0408,0x007F0430,40
FUN_007f0430,0x007F0430,0x007F04D8,168
entry_007f04b4,0x007F04B4,0x007F04D0,28
entry_007f04d0,0x007F04D0,0x007F04F0,32
FUN_007f04f0,0x007F04F0,0x007F059C,172
entry_007f0558,0x007F0558,0x007F0564,12
entry_007f0564,0x007F0564,0x007F0570,12
entry_007f0570,0x007F0570,0x007F0574,4
entry_007f0574,0x007F0574,0x007F05B0,60
FUN_007f05b0,0x007F05B0,0x007F05BC,12
FUN_007f08f0,0x007F08F0,0x007F08FC,12
FUN_007f0b60,0x007F0B60,0x007F0BB0,80
entry_007f0ba8,0x007F0BA8,0x007F0BAC,4
entry_007f0bac,0x007F0BAC,0x007F0BC0,20
FUN_007f0bc0,0x007F0BC0,0x007F0BD4,20
FUN_007f0cf0,0x007F0CF0,0x007F0CFC,12
entry_007f0ef4,0x007F0EF4,0x007F0F20,44
entry_007f0f20,0x007F0F20,0x007F0FD4,180
entry_007f0fd4,0x007F0FD4,0x007F0FFC,40
entry_007f0ffc,0x007F0FFC,0x007F102C,48
entry_007f102c,0x007F102C,0x007F1030,4
entry_007f1030,0x007F1030,0x007F1040,16
entry_007f1040,0x007F1040,0x007F106C,44
entry_007f106c,0x007F106C,0x007F10B8,76
entry_007f10b8,0x007F10B8,0x007F10C8,16
entry_007f10c8,0x007F10C8,0x007F10E0,24
entry_007f10e0,0x007F10E0,0x007F10F4,20
entry_007f10f4,0x007F10F4,0x007F10F8,4
entry_007f10f8,0x007F10F8,0x007F1188,144
entry_007f1188,0x007F1188,0x007F11B4,44
entry_007f11b4,0x007F11B4,0x007F1220,108
entry_007f1220,0x007F1220,0x007F1240,32
entry_007f1240,0x007F1240,0x007F1244,4
entry_007f1244,0x007F1244,0x007F145C,536
entry_007f145c,0x007F145C,0x007F14A8,76
entry_007f14a8,0x007F14A8,0x007F14F0,72
entry_007f14f0,0x007F14F0,0x007F151C,44
entry_007f151c,0x007F151C,0x007F1534,24
entry_007f1534,0x007F1534,0x007F1564,48
entry_007f1564,0x007F1564,0x007F1578,20
entry_007f1578,0x007F1578,0x007F157C,4
entry_007f157c,0x007F157C,0x007F158C,16
entry_007f158c,0x007F158C,0x007F15CC,64
entry_007f15cc,0x007F15CC,0x007F15EC,32
entry_007f15ec,0x007F15EC,0x007F1638,76
entry_007f1638,0x007F1638,0x007F1694,92
entry_007f1694,0x007F1694,0x007F16C0,44
entry_007f16c0,0x007F16C0,0x007F16E8,40
entry_007f16e8,0x007F16E8,0x007F16EC,4
entry_007f16ec,0x007F16EC,0x007F1840,340
FUN_007f1840,0x007F1840,0x007F1854,20
FUN_007f1f60,0x007F1F60,0x007F1F74,20
FUN_007f2310,0x007F2310,0x007F2318,8
FUN_007f2a00,0x007F2A00,0x007F2A18,24
FUN_007f2ab0,0x007F2AB0,0x007F2B00,80
entry_007f2af8,0x007F2AF8,0x007F2AFC,4
entry_007f2afc,0x007F2AFC,0x007F2B10,20
FUN_007f2b10,0x007F2B10,0x007F2B24,20
FUN_007f2c10,0x007F2C10,0x007F2C18,8
FUN_007f31e0,0x007F31E0,0x007F31EC,12
FUN_007f3740,0x007F3740,0x007F374C,12
FUN_007f3a30,0x007F3A30,0x007F3A58,40
FUN_007f3c30,0x007F3C30,0x007F3C3C,12
FUN_007f3d70,0x007F3D70,0x007F3D80,16
FUN_007f41f0,0x007F41F0,0x007F41FC,12
FUN_007f45b0,0x007F45B0,0x007F45BC,12
FUN_007f4750,0x007F4750,0x007F4968,368
entry_007f4780,0x007F4780,0x007F483C,188
entry_007f483c,0x007F483C,0x007F48A0,100
entry_007f48a0,0x007F48A0,0x007F48C4,36
entry_007f48c4,0x007F48C4,0x007F4918,84
entry_007f4918,0x007F4918,0x007F4964,76
entry_007f4964,0x007F4964,0x007F4980,28
FUN_007f4980,0x007F4980,0x007F4990,16
FUN_007f4ce0,0x007F4CE0,0x007F4E14,112
entry_007f4d18,0x007F4D18,0x007F4D40,40
entry_007f4d40,0x007F4D40,0x007F4E10,208
entry_007f4e10,0x007F4E10,0x007F4E30,32
FUN_007f4e30,0x007F4E30,0x007F4F78,284
entry_007f4e78,0x007F4E78,0x007F4EAC,52
entry_007f4eac,0x007F4EAC,0x007F4ED4,40
entry_007f4ed4,0x007F4ED4,0x007F4F00,44
entry_007f4f00,0x007F4F00,0x007F4F2C,44
entry_007f4f2c,0x007F4F2C,0x007F4F74,72
entry_007f4f74,0x007F4F74,0x007F4F90,28
FUN_007f4f90,0x007F4F90,0x007F50DC,264
entry_007f5010,0x007F5010,0x007F5034,36
entry_007f5034,0x007F5034,0x007F507C,72
entry_007f507c,0x007F507C,0x007F50D8,92
entry_007f50d8,0x007F50D8,0x007F50F0,24
FUN_007f50f0,0x007F50F0,0x007F52F8,460
entry_007f5144,0x007F5144,0x007F5164,32
entry_007f5164,0x007F5164,0x007F51B8,84
entry_007f51b8,0x007F51B8,0x007F51E8,48
entry_007f51e8,0x007F51E8,0x007F5220,56
entry_007f5220,0x007F5220,0x007F5274,84
entry_007f5274,0x007F5274,0x007F5294,32
entry_007f5294,0x007F5294,0x007F52F4,96
entry_007f52f4,0x007F52F4,0x007F5310,28
FUN_007f5310,0x007F5310,0x007F5430,200
entry_007f5348,0x007F5348,0x007F53A8,96
entry_007f53a8,0x007F53A8,0x007F53CC,36
entry_007f53cc,0x007F53CC,0x007F542C,96
entry_007f542c,0x007F542C,0x007F5440,20
FUN_007f5440,0x007F5440,0x007F5468,40
entry_007f5460,0x007F5460,0x007F54F0,144
FUN_007f54f0,0x007F54F0,0x007F57D8,604
entry_007f5574,0x007F5574,0x007F55AC,56
entry_007f55ac,0x007F55AC,0x007F5620,116
entry_007f5620,0x007F5620,0x007F564C,44
entry_007f564c,0x007F564C,0x007F568C,64
entry_007f568c,0x007F568C,0x007F5690,4
entry_007f5690,0x007F5690,0x007F56F4,100
entry_007f56f4,0x007F56F4,0x007F5724,48
entry_007f5724,0x007F5724,0x007F5780,92
entry_007f5780,0x007F5780,0x007F57D4,84
entry_007f57d4,0x007F57D4,0x007F57F0,28
FUN_007f57f0,0x007F57F0,0x007F5A38,396
entry_007f5870,0x007F5870,0x007F589C,44
entry_007f589c,0x007F589C,0x007F5918,124
entry_007f5918,0x007F5918,0x007F5920,8
entry_007f5920,0x007F5920,0x007F594C,44
entry_007f594c,0x007F594C,0x007F59D0,132
entry_007f59d0,0x007F59D0,0x007F5A34,100
entry_007f5a34,0x007F5A34,0x007F5A50,28
FUN_007f5a50,0x007F5A50,0x007F5D44,620
entry_007f5ac8,0x007F5AC8,0x007F5B3C,116
entry_007f5b3c,0x007F5B3C,0x007F5B68,44
entry_007f5b68,0x007F5B68,0x007F5BC8,96
entry_007f5bc8,0x007F5BC8,0x007F5C3C,116
entry_007f5c3c,0x007F5C3C,0x007F5C78,60
entry_007f5c78,0x007F5C78,0x007F5C94,28
entry_007f5c94,0x007F5C94,0x007F5CE4,80
entry_007f5ce4,0x007F5CE4,0x007F5D40,92
entry_007f5d40,0x007F5D40,0x007F5D50,16
FUN_007f5d50,0x007F5D50,0x007F5D58,8
FUN_007f5f90,0x007F5F90,0x007F5FE0,80
entry_007f5fd8,0x007F5FD8,0x007F5FDC,4
entry_007f5fdc,0x007F5FDC,0x007F5FF0,20
FUN_007f5ff0,0x007F5FF0,0x007F6004,20
FUN_007f60d0,0x007F60D0,0x007F6118,72
entry_007f60e4,0x007F60E4,0x007F6108,36
entry_007f6108,0x007F6108,0x007F6114,12
entry_007f6114,0x007F6114,0x007F61B0,156
FUN_007f61b0,0x007F61B0,0x007F61E0,48
entry_007f61c0,0x007F61C0,0x007F61F0,48
FUN_007f61f0,0x007F61F0,0x007F61F8,8
FUN_007f62a0,0x007F62A0,0x007F62F0,80
entry_007f62e8,0x007F62E8,0x007F6300,24
FUN_007f6300,0x007F6300,0x007F6308,8
FUN_007f63d0,0x007F63D0,0x007F63DC,12
FUN_007f64c0,0x007F64C0,0x007F64C8,8
FUN_007f6550,0x007F6550,0x007F655C,12
FUN_007f6730,0x007F6730,0x007F680C,204
entry_007f678c,0x007F678C,0x007F67A4,24
entry_007f67a4,0x007F67A4,0x007F67B8,20
entry_007f67b8,0x007F67B8,0x007F67C4,12
entry_007f67c4,0x007F67C4,0x007F67D4,16
entry_007f67d4,0x007F67D4,0x007F67DC,8
entry_007f67dc,0x007F67DC,0x007F67E8,12
entry_007f67e8,0x007F67E8,0x007F67FC,20
entry_007f67fc,0x007F67FC,0x007F6804,8
entry_007f6804,0x007F6804,0x007F6808,4
entry_007f6808,0x007F6808,0x007F6820,24
FUN_007f6820,0x007F6820,0x007F68A4,132
entry_007f6850,0x007F6850,0x007F6890,64
entry_007f6890,0x007F6890,0x007F68A0,16
entry_007f68a0,0x007F68A0,0x007F68C0,32
FUN_007f68c0,0x007F68C0,0x007F69D0,272
entry_007f68ec,0x007F68EC,0x007F68FC,16
entry_007f68fc,0x007F68FC,0x007F6914,24
entry_007f6914,0x007F6914,0x007F6924,16
entry_007f6924,0x007F6924,0x007F6944,32
entry_007f6944,0x007F6944,0x007F6954,16
entry_007f6954,0x007F6954,0x007F6958,4
entry_007f6958,0x007F6958,0x007F696C,20
entry_007f696c,0x007F696C,0x007F697C,16
entry_007f697c,0x007F697C,0x007F699C,32
entry_007f699c,0x007F699C,0x007F69AC,16
entry_007f69ac,0x007F69AC,0x007F69B0,4
entry_007f69b0,0x007F69B0,0x007F69C4,20
entry_007f69c4,0x007F69C4,0x007F69E0,28
FUN_007f69e0,0x007F69E0,0x007F69EC,12
FUN_007f6aa0,0x007F6AA0,0x007F6AC4,36
entry_007f6ac0,0x007F6AC0,0x007F6AD0,16
FUN_007f6ad0,0x007F6AD0,0x007F6AF0,32
entry_007f6aec,0x007F6AEC,0x007F6B00,20
FUN_007f6b00,0x007F6B00,0x007F6B08,8
FUN_007f6b80,0x007F6B80,0x007F6D24,348
entry_007f6ba8,0x007F6BA8,0x007F6C28,128
entry_007f6c28,0x007F6C28,0x007F6C64,60
entry_007f6c64,0x007F6C64,0x007F6C84,32
entry_007f6c84,0x007F6C84,0x007F6CA4,32
entry_007f6ca4,0x007F6CA4,0x007F6CC4,32
entry_007f6cc4,0x007F6CC4,0x007F6D00,60
entry_007f6d00,0x007F6D00,0x007F6D0C,12
entry_007f6d0c,0x007F6D0C,0x007F6D14,8
entry_007f6d14,0x007F6D14,0x007F6D1C,8
entry_007f6d1c,0x007F6D1C,0x007F6D20,4
entry_007f6d20,0x007F6D20,0x007F6D40,32
FUN_007f6d40,0x007F6D40,0x007F6D98,88
entry_007f6d8c,0x007F6D8C,0x007F6D94,8
entry_007f6d94,0x007F6D94,0x007F6EE0,332
FUN_007f6ee0,0x007F6EE0,0x007F6F00,32
entry_007f6efc,0x007F6EFC,0x007F6F10,20
FUN_007f6f10,0x007F6F10,0x007F6F44,52
entry_007f6f3c,0x007F6F3C,0x007F6F40,4
entry_007f6f40,0x007F6F40,0x007F6F50,16
FUN_007f6f50,0x007F6F50,0x007F6F70,32
entry_007f6f6c,0x007F6F6C,0x007F6F80,20
FUN_007f6f80,0x007F6F80,0x007F6F8C,12
FUN_007f70e0,0x007F70E0,0x007F70E8,8
FUN_007f7270,0x007F7270,0x007F7278,8
FUN_007f7450,0x007F7450,0x007F7458,8
FUN_007f7530,0x007F7530,0x007F7550,32
entry_007f754c,0x007F754C,0x007F7560,20
FUN_007f7560,0x007F7560,0x007F7580,32
entry_007f757c,0x007F757C,0x007F7590,20
FUN_007f7590,0x007F7590,0x007F75B0,32
entry_007f75ac,0x007F75AC,0x007F75C0,20
FUN_007f75c0,0x007F75C0,0x007F760C,68
entry_007f75f4,0x007F75F4,0x007F7608,20
entry_007f7608,0x007F7608,0x007F7620,24
FUN_007f7620,0x007F7620,0x007F7640,32
entry_007f763c,0x007F763C,0x007F7650,20
FUN_007f7650,0x007F7650,0x007F76A8,88
entry_007f7680,0x007F7680,0x007F7684,4
entry_007f7684,0x007F7684,0x007F7690,12
entry_007f7690,0x007F7690,0x007F7694,4
entry_007f7694,0x007F7694,0x007F76A4,16
entry_007f76a4,0x007F76A4,0x007F76B0,12
FUN_007f76b0,0x007F76B0,0x007F76D0,32
entry_007f76cc,0x007F76CC,0x007F76E0,20
FUN_007f76e0,0x007F76E0,0x007F7738,88
entry_007f7710,0x007F7710,0x007F7714,4
entry_007f7714,0x007F7714,0x007F7720,12
entry_007f7720,0x007F7720,0x007F7724,4
entry_007f7724,0x007F7724,0x007F7734,16
entry_007f7734,0x007F7734,0x007F7740,12
FUN_007f7740,0x007F7740,0x007F7760,32
entry_007f775c,0x007F775C,0x007F7770,20
FUN_007f7770,0x007F7770,0x007F77C8,88
entry_007f77a0,0x007F77A0,0x007F77A4,4
entry_007f77a4,0x007F77A4,0x007F77B0,12
entry_007f77b0,0x007F77B0,0x007F77B4,4
entry_007f77b4,0x007F77B4,0x007F77C4,16
entry_007f77c4,0x007F77C4,0x007F77D0,12
FUN_007f77d0,0x007F77D0,0x007F7818,72
entry_007f7804,0x007F7804,0x007F7814,16
entry_007f7814,0x007F7814,0x007F7970,348
FUN_007f7970,0x007F7970,0x007F79F8,132
entry_007f79c0,0x007F79C0,0x007F79D8,24
entry_007f79d8,0x007F79D8,0x007F79F0,24
entry_007f79f0,0x007F79F0,0x007F7A10,32
FUN_007f7a10,0x007F7A10,0x007F7A18,8
FUN_007f7a30,0x007F7A30,0x007F7A50,32
FUN_007f7a60,0x007F7A60,0x007F7A98,56
FUN_007f7aa0,0x007F7AA0,0x007F7AAC,12
FUN_007f7c00,0x007F7C00,0x007F7C08,8
FUN_007f7c80,0x007F7C80,0x007F7C88,8
FUN_007f7d40,0x007F7D40,0x007F7D48,8
FUN_007f7ea0,0x007F7EA0,0x007F7ED4,52
entry_007f7ed0,0x007F7ED0,0x007F7EE0,16
FUN_007f7ee0,0x007F7EE0,0x007F7F1C,56
entry_007f7efc,0x007F7EFC,0x007F7F14,24
entry_007f7f14,0x007F7F14,0x007F7F30,28
FUN_007f7f30,0x007F7F30,0x007F804C,280
entry_007f7f54,0x007F7F54,0x007F7F6C,24
entry_007f7f6c,0x007F7F6C,0x007F7FA4,56
entry_007f7fa4,0x007F7FA4,0x007F8014,112
entry_007f8014,0x007F8014,0x007F8024,16
entry_007f8024,0x007F8024,0x007F8040,28
entry_007f8040,0x007F8040,0x007F8060,32
entry_007f8060,0x007F8060,0x007F8070,16
entry_007f8070,0x007F8070,0x007F8080,16
FUN_007f8080,0x007F8080,0x007F8128,140
entry_007f80e4,0x007F80E4,0x007F8100,28
entry_007f8100,0x007F8100,0x007F8120,32
entry_007f8120,0x007F8120,0x007F8124,4
entry_007f8124,0x007F8124,0x007F8140,28
FUN_007f8140,0x007F8140,0x007F8164,36
FUN_007f8290,0x007F8290,0x007F8370,224
entry_007f82b0,0x007F82B0,0x007F82DC,44
entry_007f82dc,0x007F82DC,0x007F82F0,20
entry_007f82f0,0x007F82F0,0x007F8340,80
entry_007f8340,0x007F8340,0x007F8344,4
entry_007f8344,0x007F8344,0x007F8358,20
entry_007f8358,0x007F8358,0x007F83C0,104
FUN_007f83c0,0x007F83C0,0x007F8428,104
entry_007f8420,0x007F8420,0x007F8440,32
FUN_007f8440,0x007F8440,0x007F844C,12
FUN_007f8fc0,0x007F8FC0,0x007F8FD0,16
entry_007f90c4,0x007F90C4,0x007F90D0,12
entry_007f90d0,0x007F90D0,0x007F92B0,480
FUN_007f92b0,0x007F92B0,0x007F94AC,396
entry_007f9330,0x007F9330,0x007F9338,8
entry_007f9338,0x007F9338,0x007F9348,16
entry_007f9348,0x007F9348,0x007F9394,76
entry_007f9394,0x007F9394,0x007F9398,4
entry_007f9398,0x007F9398,0x007F939C,4
entry_007f939c,0x007F939C,0x007F93AC,16
entry_007f93ac,0x007F93AC,0x007F93E8,60
entry_007f93e8,0x007F93E8,0x007F93EC,4
entry_007f93ec,0x007F93EC,0x007F93F0,4
entry_007f93f0,0x007F93F0,0x007F9400,16
entry_007f9400,0x007F9400,0x007F9424,36
entry_007f9424,0x007F9424,0x007F9478,84
entry_007f9478,0x007F9478,0x007F948C,20
entry_007f948c,0x007F948C,0x007F94A0,20
entry_007f94a0,0x007F94A0,0x007F94D0,48
FUN_007f94d0,0x007F94D0,0x007F94EC,28
entry_007f98f0,0x007F98F0,0x007F9900,16
entry_007f9900,0x007F9900,0x007F99F0,240
FUN_007f99f0,0x007F99F0,0x007F99FC,12
FUN_007f9c20,0x007F9C20,0x007F9C28,8
entry_007f9cac,0x007F9CAC,0x007F9CC8,28
entry_007f9cc8,0x007F9CC8,0x007F9CFC,52
entry_007f9cfc,0x007F9CFC,0x007F9D0C,16
entry_007f9d0c,0x007F9D0C,0x007F9D4C,64
entry_007f9d4c,0x007F9D4C,0x007F9D50,4
entry_007f9d50,0x007F9D50,0x007F9DA0,80
FUN_007f9da0,0x007F9DA0,0x007F9DAC,12
FUN_007fa9a0,0x007FA9A0,0x007FA9AC,12
FUN_007fbd50,0x007FBD50,0x007FBD5C,12
FUN_007fc6b0,0x007FC6B0,0x007FC6BC,12
FUN_007fcb20,0x007FCB20,0x007FCB34,20
FUN_007fcb50,0x007FCB50,0x007FCB90,64
entry_007fcb88,0x007FCB88,0x007FCB8C,4
entry_007fcb8c,0x007FCB8C,0x007FCBA0,20
FUN_007fcba0,0x007FCBA0,0x007FCC64,132
entry_007fcc00,0x007FCC00,0x007FCC0C,12
entry_007fcc0c,0x007FCC0C,0x007FCC5C,80
entry_007fcc5c,0x007FCC5C,0x007FCCA0,68
FUN_007fcca0,0x007FCCA0,0x007FCCEC,76
entry_007fcce4,0x007FCCE4,0x007FCCE8,4
entry_007fcce8,0x007FCCE8,0x007FCD00,24
FUN_007fcd00,0x007FCD00,0x007FCD44,68
entry_007fcd3c,0x007FCD3C,0x007FCD40,4
entry_007fcd40,0x007FCD40,0x007FCD60,32
entry_007fcd60,0x007FCD60,0x007FCD70,16
entry_007fcd70,0x007FCD70,0x007FCE40,208
FUN_007fce40,0x007FCE40,0x007FCE90,80
entry_007fce88,0x007FCE88,0x007FCE8C,4
entry_007fce8c,0x007FCE8C,0x007FCEA0,20
FUN_007fcea0,0x007FCEA0,0x007FCEAC,12
FUN_007fd1d0,0x007FD1D0,0x007FD3BC,492
entry_007fd20c,0x007FD20C,0x007FD210,4
entry_007fd210,0x007FD210,0x007FD248,56
entry_007fd248,0x007FD248,0x007FD24C,4
entry_007fd24c,0x007FD24C,0x007FD274,40
entry_007fd274,0x007FD274,0x007FD2A4,48
entry_007fd2a4,0x007FD2A4,0x007FD2A8,4
entry_007fd2a8,0x007FD2A8,0x007FD2D0,40
entry_007fd2d0,0x007FD2D0,0x007FD2D4,4
entry_007fd2d4,0x007FD2D4,0x007FD2D8,4
entry_007fd2d8,0x007FD2D8,0x007FD304,44
entry_007fd304,0x007FD304,0x007FD318,20
entry_007fd318,0x007FD318,0x007FD368,80
entry_007fd368,0x007FD368,0x007FD370,8
entry_007fd370,0x007FD370,0x007FD3A4,52
entry_007fd3a4,0x007FD3A4,0x007FD3B4,16
entry_007fd3b4,0x007FD3B4,0x007FD400,76
FUN_007fd400,0x007FD400,0x007FD504,260
entry_007fd43c,0x007FD43C,0x007FD488,76
entry_007fd488,0x007FD488,0x007FD48C,4
entry_007fd48c,0x007FD48C,0x007FD490,4
entry_007fd490,0x007FD490,0x007FD4B8,40
entry_007fd4b8,0x007FD4B8,0x007FD4BC,4
entry_007fd4bc,0x007FD4BC,0x007FD4CC,16
entry_007fd4cc,0x007FD4CC,0x007FD4DC,16
entry_007fd4dc,0x007FD4DC,0x007FD4EC,16
entry_007fd4ec,0x007FD4EC,0x007FD4FC,16
entry_007fd4fc,0x007FD4FC,0x007FD500,4
entry_007fd500,0x007FD500,0x007FD510,16
FUN_007fd510,0x007FD510,0x007FD511,1
FUN_007fd520,0x007FD520,0x007FD534,20
FUN_007fdbe0,0x007FDBE0,0x007FDBEC,12
FUN_007fddb0,0x007FDDB0,0x007FDDC4,20
entry_007fde94,0x007FDE94,0x007FDEA0,12
entry_007fdea0,0x007FDEA0,0x007FE370,1232
FUN_007fe370,0x007FE370,0x007FE3B0,64
entry_007fe3a0,0x007FE3A0,0x007FE3D0,48
FUN_007fe3d0,0x007FE3D0,0x007FE3E8,24
FUN_007fe5a0,0x007FE5A0,0x007FE5E8,72
entry_007fe5e0,0x007FE5E0,0x007FE5E4,4
entry_007fe5e4,0x007FE5E4,0x007FE5F0,12
FUN_007fe5f0,0x007FE5F0,0x007FE5FC,12
FUN_007fe810,0x007FE810,0x007FE84C,60
entry_007fe844,0x007FE844,0x007FE848,4
entry_007fe848,0x007FE848,0x007FE870,40
FUN_007fe870,0x007FE870,0x007FE954,228
entry_007fe8c0,0x007FE8C0,0x007FE8E4,36
entry_007fe8e4,0x007FE8E4,0x007FE8EC,8
entry_007fe8ec,0x007FE8EC,0x007FE8F0,4
entry_007fe8f0,0x007FE8F0,0x007FE904,20
entry_007fe904,0x007FE904,0x007FE914,16
entry_007fe914,0x007FE914,0x007FE928,20
entry_007fe928,0x007FE928,0x007FE94C,36
entry_007fe94c,0x007FE94C,0x007FE970,36
FUN_007fe970,0x007FE970,0x007FE9B8,72
entry_007fe9b0,0x007FE9B0,0x007FE9B4,4
entry_007fe9b4,0x007FE9B4,0x007FE9F0,60
FUN_007fe9f0,0x007FE9F0,0x007FE9F8,8
FUN_007fecf0,0x007FECF0,0x007FECF8,8
FUN_007fedf0,0x007FEDF0,0x007FEE08,24
FUN_007fef10,0x007FEF10,0x007FEF28,24
FUN_007ff030,0x007FF030,0x007FF038,8
FUN_007ff1b0,0x007FF1B0,0x007FF1B8,8
FUN_007ff440,0x007FF440,0x007FF450,16
FUN_007ff6c0,0x007FF6C0,0x007FF6D0,16
FUN_008001b0,0x008001B0,0x00800200,80
entry_008001f0,0x008001F0,0x008001F8,8
entry_008001f8,0x008001F8,0x008001FC,4
entry_008001fc,0x008001FC,0x00800210,20
FUN_00800210,0x00800210,0x00800218,8
FUN_008003a0,0x008003A0,0x008003A8,8
FUN_00800530,0x00800530,0x00800538,8
FUN_00800780,0x00800780,0x00800788,8
entry_00800b00,0x00800B00,0x00800B10,16
entry_00800b10,0x00800B10,0x00800C90,384
FUN_00800c90,0x00800C90,0x0080102C,924
entry_00800ec4,0x00800EC4,0x00800F88,196
entry_00800f88,0x00800F88,0x00801004,124
entry_00801004,0x00801004,0x0080100C,8
entry_0080100c,0x0080100C,0x00801010,4
entry_00801010,0x00801010,0x0080101C,12
entry_0080101c,0x0080101C,0x00801040,36
FUN_00801040,0x00801040,0x008011C0,384
entry_00801060,0x00801060,0x0080108C,44
entry_0080108c,0x0080108C,0x008010A0,20
entry_008010a0,0x008010A0,0x008010F8,88
entry_008010f8,0x008010F8,0x008010FC,4
entry_008010fc,0x008010FC,0x00801134,56
entry_00801134,0x00801134,0x0080113C,8
entry_0080113c,0x0080113C,0x00801168,44
entry_00801168,0x00801168,0x0080116C,4
entry_0080116c,0x0080116C,0x00801184,24
entry_00801184,0x00801184,0x008011A8,36
entry_008011a8,0x008011A8,0x008011AC,4
entry_008011ac,0x008011AC,0x008011E0,52
FUN_008011e0,0x008011E0,0x00801244,68
entry_0080123c,0x0080123C,0x00801260,36
FUN_00801260,0x00801260,0x00801270,16
FUN_008016f0,0x008016F0,0x008016F8,8
entry_00801760,0x00801760,0x00801780,32
entry_00801780,0x00801780,0x00801784,4
entry_00801784,0x00801784,0x0080179C,24
entry_0080179c,0x0080179C,0x008017BC,32
entry_008017bc,0x008017BC,0x008017C8,12
entry_008017c8,0x008017C8,0x008017D4,12
entry_008017d4,0x008017D4,0x008017E0,12
entry_008017e0,0x008017E0,0x00801AD0,752
FUN_00801ad0,0x00801AD0,0x00801B24,84
entry_00801b04,0x00801B04,0x00801B18,20
entry_00801b18,0x00801B18,0x00801B40,40
FUN_00801b40,0x00801B40,0x00801B5C,28
FUN_00801d90,0x00801D90,0x00801D98,8
FUN_00802080,0x00802080,0x008021DC,348
entry_008020d4,0x008020D4,0x008020DC,8
entry_008020dc,0x008020DC,0x008020F4,24
entry_008020f4,0x008020F4,0x008020FC,8
entry_008020fc,0x008020FC,0x00802104,8
entry_00802104,0x00802104,0x00802128,36
entry_00802128,0x00802128,0x00802130,8
entry_00802130,0x00802130,0x00802138,8
entry_00802138,0x00802138,0x00802148,16
entry_00802148,0x00802148,0x0080214C,4
entry_0080214c,0x0080214C,0x00802150,4
entry_00802150,0x00802150,0x00802154,4
entry_00802154,0x00802154,0x00802198,68
entry_00802198,0x00802198,0x008021C4,44
entry_008021c4,0x008021C4,0x008021F0,44
FUN_008021f0,0x008021F0,0x008021F8,8
FUN_00802630,0x00802630,0x0080264C,28
FUN_00802920,0x00802920,0x008029C8,160
entry_00802960,0x00802960,0x00802968,8
entry_00802968,0x00802968,0x0080298C,36
entry_0080298c,0x0080298C,0x008029C0,52
entry_008029c0,0x008029C0,0x008029F0,48
entry_008029f0,0x008029F0,0x00802A00,16
entry_00802a00,0x00802A00,0x00802A70,112
FUN_00802a70,0x00802A70,0x00802B58,232
entry_00802ad8,0x00802AD8,0x00802B18,64
entry_00802b18,0x00802B18,0x00802B34,28
entry_00802b34,0x00802B34,0x00802B70,60
FUN_00802b70,0x00802B70,0x00802B74,4
FUN_00802b90,0x00802B90,0x00802B94,4
FUN_00802ba0,0x00802BA0,0x00802BAC,12
FUN_00802ff0,0x00802FF0,0x00802FFC,12
FUN_008031e0,0x008031E0,0x00803230,80
entry_00803228,0x00803228,0x0080322C,4
entry_0080322c,0x0080322C,0x00803240,20
FUN_00803240,0x00803240,0x00803254,20
FUN_00803290,0x00803290,0x00803298,8
entry_00803330,0x00803330,0x008033A0,112
FUN_008033a0,0x008033A0,0x00803434,148
entry_008033ec,0x008033EC,0x008033F0,4
entry_008033f0,0x008033F0,0x0080342C,60
entry_0080342c,0x0080342C,0x00803430,4
entry_00803430,0x00803430,0x00803450,32
FUN_00803450,0x00803450,0x0080346C,28
entry_008034e0,0x008034E0,0x00803650,368
FUN_00803650,0x00803650,0x008036A0,80
entry_00803698,0x00803698,0x0080369C,4
entry_0080369c,0x0080369C,0x008036B0,20
FUN_008036b0,0x008036B0,0x008036C4,20
FUN_00803730,0x00803730,0x0080376C,60
entry_00803764,0x00803764,0x00803780,28
FUN_00803780,0x00803780,0x008037BC,60
entry_008037b4,0x008037B4,0x008037D0,28
entry_008037d0,0x008037D0,0x008037E0,16
entry_008037e0,0x008037E0,0x00803880,160
FUN_00803880,0x00803880,0x0080389C,28
FUN_00803950,0x00803950,0x0080395C,12
FUN_00803b50,0x00803B50,0x00803BA0,80
entry_00803b98,0x00803B98,0x00803B9C,4
entry_00803b9c,0x00803B9C,0x00803BB0,20
FUN_00803bb0,0x00803BB0,0x00803BB8,8
FUN_00803c50,0x00803C50,0x00803CA4,84
entry_00803ca0,0x00803CA0,0x00803CB0,16
FUN_00803cb0,0x00803CB0,0x00803CB8,8
FUN_00803da0,0x00803DA0,0x00803E04,100
entry_00803dfc,0x00803DFC,0x00803E00,4
entry_00803e00,0x00803E00,0x00803E10,16
FUN_00803e10,0x00803E10,0x00803E24,20
FUN_00803f50,0x00803F50,0x00803F88,56
entry_00803f84,0x00803F84,0x00803F90,12
FUN_00803f90,0x00803F90,0x00803FE8,88
entry_00803fb4,0x00803FB4,0x00803FE4,48
entry_00803fe4,0x00803FE4,0x008040A0,188
FUN_008040a0,0x008040A0,0x008040DC,60
entry_008040d8,0x008040D8,0x008040F0,24
FUN_008040f0,0x008040F0,0x0080414C,92
entry_00804114,0x00804114,0x00804144,48
entry_00804144,0x00804144,0x00804160,28
FUN_00804160,0x00804160,0x008041A0,64
FUN_00804210,0x00804210,0x00804224,20
FUN_008043a0,0x008043A0,0x00804424,132
entry_00804418,0x00804418,0x0080441C,4
entry_0080441c,0x0080441C,0x00804420,4
entry_00804420,0x00804420,0x00804440,32
FUN_00804440,0x00804440,0x00804468,40
entry_00804460,0x00804460,0x00804464,4
entry_00804464,0x00804464,0x00804470,12
FUN_00804470,0x00804470,0x00804498,40
entry_00804490,0x00804490,0x00804494,4
entry_00804494,0x00804494,0x008044A0,12
FUN_008044a0,0x008044A0,0x0080453C,156
entry_008044b4,0x008044B4,0x008044CC,24
entry_008044cc,0x008044CC,0x008044DC,16
entry_008044dc,0x008044DC,0x00804508,44
entry_00804508,0x00804508,0x0080451C,20
entry_0080451c,0x0080451C,0x00804528,12
entry_00804528,0x00804528,0x0080452C,4
entry_0080452c,0x0080452C,0x00804534,8
entry_00804534,0x00804534,0x00804600,204
FUN_00804600,0x00804600,0x00804608,8
FUN_008046f0,0x008046F0,0x008046F8,8
FUN_008047e0,0x008047E0,0x00804858,104
entry_00804808,0x00804808,0x0080482C,36
entry_0080482c,0x0080482C,0x00804840,20
entry_00804840,0x00804840,0x00804854,20
entry_00804854,0x00804854,0x00804870,28
FUN_00804870,0x00804870,0x0080488C,28
FUN_00804aa0,0x00804AA0,0x00804AA8,8
FUN_00804c50,0x00804C50,0x00804C58,8
FUN_00804d40,0x00804D40,0x00804D50,16
FUN_00804ee0,0x00804EE0,0x00804F18,52
entry_00804f00,0x00804F00,0x00804F14,20
entry_00804f14,0x00804F14,0x00804F20,12
FUN_00804f20,0x00804F20,0x00804F28,8
FUN_00805030,0x00805030,0x0080503C,12
FUN_008050c0,0x008050C0,0x008050D4,20
FUN_008051d0,0x008051D0,0x008051E4,20
FUN_00805270,0x00805270,0x00805278,8
FUN_00805340,0x00805340,0x008053A8,104
entry_00805364,0x00805364,0x00805368,4
entry_00805368,0x00805368,0x0080538C,36
entry_0080538c,0x0080538C,0x00805394,8
entry_00805394,0x00805394,0x00805398,4
entry_00805398,0x00805398,0x008053A0,8
entry_008053a0,0x008053A0,0x008053A4,4
entry_008053a4,0x008053A4,0x00805400,92
FUN_00805400,0x00805400,0x00805454,84
entry_00805420,0x00805420,0x00805424,4
entry_00805424,0x00805424,0x00805440,28
entry_00805440,0x00805440,0x00805444,4
entry_00805444,0x00805444,0x0080544C,8
entry_0080544c,0x0080544C,0x00805480,52
FUN_00805480,0x00805480,0x008054A0,32
FUN_008054b0,0x008054B0,0x0080553C,140
entry_00805534,0x00805534,0x00805538,4
entry_00805538,0x00805538,0x00805550,24
FUN_00805550,0x00805550,0x00805578,40
FUN_00805880,0x00805880,0x00805980,256
entry_00805938,0x00805938,0x00805960,40
entry_00805960,0x00805960,0x008059B0,80
thunk_FUN_00640cb0,0x008059B0,0x008059B8,8
FUN_008059d0,0x008059D0,0x008059E8,24
FUN_00805b40,0x00805B40,0x00805BD8,152
entry_00805b8c,0x00805B8C,0x00805BA4,24
entry_00805ba4,0x00805BA4,0x00805BD0,44
entry_00805bd0,0x00805BD0,0x00805BD4,4
entry_00805bd4,0x00805BD4,0x00805BF0,28
FUN_00805bf0,0x00805BF0,0x00805C40,80
FUN_00805cb0,0x00805CB0,0x00805CC0,16
FUN_008060e0,0x008060E0,0x008060EC,12
FUN_00806240,0x00806240,0x0080625C,28
FUN_008064f0,0x008064F0,0x008064F8,8
FUN_00806620,0x00806620,0x0080662C,12
FUN_00806d40,0x00806D40,0x00806D48,8
FUN_00806e20,0x00806E20,0x00806E34,20
FUN_00806eb0,0x00806EB0,0x00806EC4,20
FUN_00807950,0x00807950,0x00807964,20
FUN_00807af0,0x00807AF0,0x00807B48,84
entry_00807b2c,0x00807B2C,0x00807B40,20
entry_00807b40,0x00807B40,0x00807B44,4
entry_00807b44,0x00807B44,0x00807B60,28
FUN_00807b60,0x00807B60,0x00807BA0,64
entry_00807b80,0x00807B80,0x00807B9C,28
entry_00807b9c,0x00807B9C,0x00807BB0,20
FUN_00807bb0,0x00807BB0,0x00807BBC,12
FUN_00807ee0,0x00807EE0,0x00807EF0,16
FUN_008082e0,0x008082E0,0x00808324,68
FUN_00808330,0x00808330,0x00808338,8
FUN_00808d70,0x00808D70,0x00808D78,8
FUN_0080a1e0,0x0080A1E0,0x0080A1E8,8
FUN_0080aa30,0x0080AA30,0x0080AA40,16
FUN_0080ac50,0x0080AC50,0x0080AC90,64
entry_0080ac88,0x0080AC88,0x0080AC8C,4
entry_0080ac8c,0x0080AC8C,0x0080ACA0,20
FUN_0080aca0,0x0080ACA0,0x0080ACB4,20
FUN_0080b170,0x0080B170,0x0080B180,16
FUN_0080ba70,0x0080BA70,0x0080BA78,8
entry_0080bb90,0x0080BB90,0x0080BC14,132
entry_0080bc14,0x0080BC14,0x0080BC34,32
entry_0080bc34,0x0080BC34,0x0080BC48,20
entry_0080bc48,0x0080BC48,0x0080BC78,48
entry_0080bc78,0x0080BC78,0x0080BC8C,20
entry_0080bc8c,0x0080BC8C,0x0080BD7C,240
entry_0080bd7c,0x0080BD7C,0x0080BD84,8
entry_0080bd84,0x0080BD84,0x0080BE08,132
entry_0080be08,0x0080BE08,0x0080BE1C,20
entry_0080be1c,0x0080BE1C,0x0080BE48,44
entry_0080be48,0x0080BE48,0x0080BE58,16
entry_0080be58,0x0080BE58,0x0080BEAC,84
entry_0080beac,0x0080BEAC,0x0080BEC8,28
entry_0080bec8,0x0080BEC8,0x0080C39C,1236
entry_0080c39c,0x0080C39C,0x0080C3B4,24
entry_0080c3b4,0x0080C3B4,0x0080C3B8,4
entry_0080c3b8,0x0080C3B8,0x0080C3F0,56
FUN_0080c3f0,0x0080C3F0,0x0080C4CC,220
entry_0080c434,0x0080C434,0x0080C450,28
entry_0080c450,0x0080C450,0x0080C468,24
entry_0080c468,0x0080C468,0x0080C46C,4
entry_0080c46c,0x0080C46C,0x0080C488,28
entry_0080c488,0x0080C488,0x0080C4A0,24
entry_0080c4a0,0x0080C4A0,0x0080C4C4,36
entry_0080c4c4,0x0080C4C4,0x0080C4C8,4
entry_0080c4c8,0x0080C4C8,0x0080C4E0,24
FUN_0080c4e0,0x0080C4E0,0x0080C4F4,20
entry_0080c504,0x0080C504,0x0080C620,284
FUN_0080c620,0x0080C620,0x0080C638,24
FUN_0080c850,0x0080C850,0x0080C8A0,80
entry_0080c898,0x0080C898,0x0080C89C,4
entry_0080c89c,0x0080C89C,0x0080C8B0,20
FUN_0080c8b0,0x0080C8B0,0x0080C8D8,40
FUN_0080c910,0x0080C910,0x0080C944,52
FUN_0080c960,0x0080C960,0x0080C9A8,72
entry_0080c9a4,0x0080C9A4,0x0080C9C0,28
FUN_0080c9c0,0x0080C9C0,0x0080CA30,56
entry_0080ca28,0x0080CA28,0x0080CA40,24
FUN_0080ca40,0x0080CA40,0x0080CA60,32
FUN_0080cd00,0x0080CD00,0x0080CD08,8
FUN_0080d120,0x0080D120,0x0080D164,68
entry_0080d15c,0x0080D15C,0x0080D160,4
entry_0080d160,0x0080D160,0x0080D1A0,64
FUN_0080d1a0,0x0080D1A0,0x0080D1B0,16
FUN_0080d3d0,0x0080D3D0,0x0080D3E8,24
FUN_0080d3f0,0x0080D3F0,0x0080D3F8,8
FUN_0080d500,0x0080D500,0x0080D518,24
FUN_0080d5f0,0x0080D5F0,0x0080D640,80
entry_0080d638,0x0080D638,0x0080D63C,4
entry_0080d63c,0x0080D63C,0x0080D650,20
FUN_0080d650,0x0080D650,0x0080D664,20
FUN_0080d690,0x0080D690,0x0080D69C,12
FUN_0080dc00,0x0080DC00,0x0080DC98,148
entry_0080dc40,0x0080DC40,0x0080DC5C,28
entry_0080dc5c,0x0080DC5C,0x0080DC7C,32
entry_0080dc7c,0x0080DC7C,0x0080DC90,20
entry_0080dc90,0x0080DC90,0x0080DC94,4
entry_0080dc94,0x0080DC94,0x0080DD10,124
FUN_0080dd10,0x0080DD10,0x0080DD44,52
entry_0080dd34,0x0080DD34,0x0080DD50,28
FUN_0080dd50,0x0080DD50,0x0080DEDC,396
entry_0080de48,0x0080DE48,0x0080DE68,32
entry_0080de68,0x0080DE68,0x0080DE70,8
entry_0080de70,0x0080DE70,0x0080DE7C,12
entry_0080de7c,0x0080DE7C,0x0080DE90,20
entry_0080de90,0x0080DE90,0x0080DED8,72
entry_0080ded8,0x0080DED8,0x0080DEF0,24
FUN_0080def0,0x0080DEF0,0x0080DF00,16
FUN_0080e440,0x0080E440,0x0080E450,16
FUN_0080e780,0x0080E780,0x0080E788,8
FUN_0080e880,0x0080E880,0x0080E8C4,68
FUN_0080e940,0x0080E940,0x0080E95C,28
FUN_0080ea40,0x0080EA40,0x0080EAAC,108
entry_0080ea60,0x0080EA60,0x0080EA88,40
entry_0080ea88,0x0080EA88,0x0080EAA8,32
entry_0080eaa8,0x0080EAA8,0x0080EAC0,24
FUN_0080eac0,0x0080EAC0,0x0080EACC,12
FUN_0080efe0,0x0080EFE0,0x0080EFEC,12
FUN_0080f530,0x0080F530,0x0080F588,84
entry_0080f56c,0x0080F56C,0x0080F580,20
entry_0080f580,0x0080F580,0x0080F584,4
entry_0080f584,0x0080F584,0x0080F5A0,28
FUN_0080f5a0,0x0080F5A0,0x0080F5AC,12
FUN_0080f680,0x0080F680,0x0080F6C0,64
entry_0080f6a4,0x0080F6A4,0x0080F6E0,60
FUN_0080f6e0,0x0080F6E0,0x0080F6EC,12
FUN_0080f7d0,0x0080F7D0,0x0080F7D8,8
FUN_0080fa50,0x0080FA50,0x0080FA5C,12
FUN_0080fae0,0x0080FAE0,0x0080FAF8,24
FUN_00810060,0x00810060,0x00810070,16
entry_008100dc,0x008100DC,0x00810138,92
entry_00810138,0x00810138,0x00810194,92
entry_00810194,0x00810194,0x008101F0,92
entry_008101f0,0x008101F0,0x0081024C,92
entry_0081024c,0x0081024C,0x008102B8,108
entry_008102b8,0x008102B8,0x008102F0,56
entry_008102f0,0x008102F0,0x0081034C,92
entry_0081034c,0x0081034C,0x008103A8,92
entry_008103a8,0x008103A8,0x00810400,88
entry_00810400,0x00810400,0x008104A8,168
entry_008104a8,0x008104A8,0x00810520,120
entry_00810520,0x00810520,0x00810554,52
entry_00810554,0x00810554,0x0081058C,56
entry_0081058c,0x0081058C,0x008105B8,44
entry_008105b8,0x008105B8,0x008105EC,52
entry_008105ec,0x008105EC,0x00810600,20
entry_00810600,0x00810600,0x00810660,96
entry_00810660,0x00810660,0x00810690,48
entry_00810690,0x00810690,0x00810850,448
FUN_00810850,0x00810850,0x00810864,20
FUN_00810990,0x00810990,0x008109D0,64
entry_008109c8,0x008109C8,0x008109CC,4
entry_008109cc,0x008109CC,0x008109E0,20
FUN_008109e0,0x008109E0,0x008109F4,20
FUN_00810ad0,0x00810AD0,0x00810AE0,16
FUN_00810b50,0x00810B50,0x00810B8C,60
FUN_00810ba0,0x00810BA0,0x00810BB0,16
FUN_00811050,0x00811050,0x008110C8,120
entry_008110a4,0x008110A4,0x008110C0,28
entry_008110c0,0x008110C0,0x008110E0,32
FUN_008110e0,0x008110E0,0x008111A0,56
entry_00811144,0x00811144,0x0081119C,88
entry_0081119c,0x0081119C,0x008111B0,20
FUN_008111b0,0x008111B0,0x00811254,164
entry_008111fc,0x008111FC,0x00811200,4
entry_00811200,0x00811200,0x00811224,36
entry_00811224,0x00811224,0x00811228,4
entry_00811228,0x00811228,0x0081124C,36
entry_0081124c,0x0081124C,0x00811250,4
entry_00811250,0x00811250,0x00811270,32
FUN_00811270,0x00811270,0x00811284,20
FUN_00811350,0x00811350,0x0081135C,12
thunk_FUN_00640d90,0x00811490,0x00811498,8
FUN_008114a0,0x008114A0,0x008114F0,80
entry_008114e8,0x008114E8,0x008114EC,4
entry_008114ec,0x008114EC,0x00811500,20
FUN_00811500,0x00811500,0x00811540,64
FUN_00811550,0x00811550,0x00811558,8
FUN_00811928,0x00811928,0x00811938,16
FUN_00811b90,0x00811B90,0x00811B98,8
FUN_00811cd0,0x00811CD0,0x00811CF0,32
FUN_00811d78,0x00811D78,0x00811D94,28
FUN_00811ec0,0x00811EC0,0x00811EC8,8
FUN_00811ff8,0x00811FF8,0x00812000,8
FUN_00812070,0x00812070,0x00812078,8
FUN_00812278,0x00812278,0x00812284,12
FUN_008125d8,0x008125D8,0x008125E4,12
FUN_008127f0,0x008127F0,0x008127F8,8
FUN_008129e8,0x008129E8,0x008129F0,8
FUN_00812e90,0x00812E90,0x00812EA8,24
FUN_00813358,0x00813358,0x008133C0,104
entry_008133b8,0x008133B8,0x008133BC,4
entry_008133bc,0x008133BC,0x008133C8,12
FUN_008133c8,0x008133C8,0x008133D4,12
FUN_008134c0,0x008134C0,0x008134C8,8
FUN_00813558,0x00813558,0x00813568,16
FUN_00813618,0x00813618,0x0081362C,20
FUN_00813640,0x00813640,0x0081365C,28
FUN_00813718,0x00813718,0x0081371C,4
FUN_008137c8,0x008137C8,0x00813810,72
entry_00813804,0x00813804,0x00813808,4
entry_00813808,0x00813808,0x00813828,32
FUN_00813828,0x00813828,0x00813830,8
FUN_00813958,0x00813958,0x00813970,24
FUN_00813f40,0x00813F40,0x00813F5C,28
FUN_008141d8,0x008141D8,0x008141E4,12
FUN_00814388,0x00814388,0x008143EC,100
entry_008143e4,0x008143E4,0x008143E8,4
entry_008143e8,0x008143E8,0x00814420,56
FUN_00814420,0x00814420,0x00814450,48
entry_00814444,0x00814444,0x00814478,52
FUN_00814478,0x00814478,0x00814480,8
FUN_00814548,0x00814548,0x00814554,12
FUN_00814730,0x00814730,0x0081473C,12
FUN_008147a0,0x008147A0,0x008147A4,4
FUN_008148c0,0x008148C0,0x008148D8,24
FUN_00814900,0x00814900,0x00814918,24
FUN_00814920,0x00814920,0x00814944,36
FUN_00814978,0x00814978,0x008149A0,40
entry_00814998,0x00814998,0x008149B8,32
FUN_008149b8,0x008149B8,0x008149E8,48
entry_008149e0,0x008149E0,0x008149F8,24
FUN_008149f8,0x008149F8,0x008149F9,1
FUN_00814a00,0x00814A00,0x00814A01,1
FUN_00814a08,0x00814A08,0x00814A0C,4
FUN_00814ab0,0x00814AB0,0x00814AB8,8
FUN_008157a0,0x008157A0,0x008157A8,8
FUN_00815d70,0x00815D70,0x00815D80,16
FUN_008166a0,0x008166A0,0x008166B0,16
FUN_00816b90,0x00816B90,0x00816F50,512
entry_00816bc8,0x00816BC8,0x00816BCC,4
entry_00816bcc,0x00816BCC,0x00816C04,56
entry_00816c04,0x00816C04,0x00816C3C,56
entry_00816c3c,0x00816C3C,0x00816C74,56
entry_00816c74,0x00816C74,0x00816CAC,56
entry_00816cac,0x00816CAC,0x00816CE4,56
entry_00816ce4,0x00816CE4,0x00816D1C,56
entry_00816d1c,0x00816D1C,0x00816D54,56
entry_00816d54,0x00816D54,0x00816D8C,56
entry_00816d8c,0x00816D8C,0x00816DB8,44
entry_00816db8,0x00816DB8,0x00816DBC,4
entry_00816dbc,0x00816DBC,0x00816DD4,24
entry_00816dd4,0x00816DD4,0x00816DFC,40
entry_00816dfc,0x00816DFC,0x00816E1C,32
entry_00816e1c,0x00816E1C,0x00816E64,72
entry_00816e64,0x00816E64,0x00816EC4,96
entry_00816ec4,0x00816EC4,0x00816F20,92
entry_00816f20,0x00816F20,0x00816F40,32
entry_00816f40,0x00816F40,0x00817340,1024
FUN_00817340,0x00817340,0x00817354,20
FUN_00817400,0x00817400,0x00817510,80
entry_008174fc,0x008174FC,0x00817520,36
FUN_00817520,0x00817520,0x00817570,80
entry_00817568,0x00817568,0x0081756C,4
entry_0081756c,0x0081756C,0x00817580,20
FUN_00817580,0x00817580,0x008175B4,52
FUN_008175f0,0x008175F0,0x008175FC,12
FUN_00817800,0x00817800,0x00817A1C,72
entry_00817838,0x00817838,0x00817A14,476
entry_00817a14,0x00817A14,0x00817A18,4
entry_00817a18,0x00817A18,0x00817A30,24
FUN_00817a30,0x00817A30,0x00817A60,48
entry_00817a50,0x00817A50,0x00817A5C,12
entry_00817a5c,0x00817A5C,0x00817A70,20
FUN_00817a70,0x00817A70,0x00817A8C,28
FUN_00817e80,0x00817E80,0x00817F40,192
entry_00817ecc,0x00817ECC,0x00817EF0,36
entry_00817ef0,0x00817EF0,0x00817F14,36
entry_00817f14,0x00817F14,0x00817F18,4
entry_00817f18,0x00817F18,0x00817F38,32
entry_00817f38,0x00817F38,0x00817F3C,4
entry_00817f3c,0x00817F3C,0x00817F50,20
FUN_00817f50,0x00817F50,0x00817F64,20
FUN_00817fe0,0x00817FE0,0x00818040,96
FUN_00818060,0x00818060,0x00818094,52
FUN_008180a0,0x008180A0,0x008180A8,8
FUN_00818710,0x00818710,0x00818720,16
FUN_00818980,0x00818980,0x008189E0,96
entry_008189d8,0x008189D8,0x008189DC,4
entry_008189dc,0x008189DC,0x008189F0,20
FUN_008189f0,0x008189F0,0x00818A04,20
FUN_00818aa0,0x00818AA0,0x00818AA8,8
FUN_00818ea0,0x00818EA0,0x00818F4C,172
entry_00818f08,0x00818F08,0x00818F70,104
FUN_00818f70,0x00818F70,0x00818F78,8
FUN_008192e0,0x008192E0,0x008192F0,16
FUN_00819740,0x00819740,0x00819748,8
FUN_00819890,0x00819890,0x008198C4,52
FUN_008198f0,0x008198F0,0x008199C4,188
entry_00819940,0x00819940,0x008199A4,100
entry_008199a4,0x008199A4,0x008199C0,28
entry_008199c0,0x008199C0,0x008199E0,32
FUN_008199e0,0x008199E0,0x008199E8,8
FUN_00819b20,0x00819B20,0x00819B34,20
FUN_00819d50,0x00819D50,0x00819D64,20
FUN_00819f90,0x00819F90,0x00819FAC,28
FUN_0081a1d0,0x0081A1D0,0x0081A1E4,20
FUN_0081a3d0,0x0081A3D0,0x0081A418,72
entry_0081a414,0x0081A414,0x0081A430,28
FUN_0081a430,0x0081A430,0x0081A474,68
entry_0081a470,0x0081A470,0x0081A480,16
FUN_0081a480,0x0081A480,0x0081A4C8,72
entry_0081a4c4,0x0081A4C4,0x0081A4F0,44
FUN_0081a4f0,0x0081A4F0,0x0081A5B4,132
entry_0081a598,0x0081A598,0x0081A59C,4
entry_0081a59c,0x0081A59C,0x0081A5D0,52
FUN_0081a5d0,0x0081A5D0,0x0081A61C,76
entry_0081a604,0x0081A604,0x0081A608,4
entry_0081a608,0x0081A608,0x0081A840,568
FUN_0081a840,0x0081A840,0x0081A8A4,100
entry_0081a89c,0x0081A89C,0x0081A8A0,4
entry_0081a8a0,0x0081A8A0,0x0081A8C0,32
FUN_0081a8c0,0x0081A8C0,0x0081A928,104
FUN_0081a940,0x0081A940,0x0081A99C,92
entry_0081a998,0x0081A998,0x0081A9B0,24
FUN_0081a9b0,0x0081A9B0,0x0081A9F0,64
FUN_0081aa00,0x0081AA00,0x0081AA08,8
FUN_0081ad80,0x0081AD80,0x0081AE9C,284
entry_0081ae98,0x0081AE98,0x0081AEB0,24
FUN_0081aeb0,0x0081AEB0,0x0081AEC4,20
FUN_0081b250,0x0081B250,0x0081B268,24
FUN_0081b7d0,0x0081B7D0,0x0081B81C,76
entry_0081b814,0x0081B814,0x0081B830,28
FUN_0081b830,0x0081B830,0x0081B84C,28
FUN_0081b9e0,0x0081B9E0,0x0081BA5C,124
entry_0081ba2c,0x0081BA2C,0x0081BA30,4
entry_0081ba30,0x0081BA30,0x0081BA54,36
entry_0081ba54,0x0081BA54,0x0081BA58,4
entry_0081ba58,0x0081BA58,0x0081BA70,24
FUN_0081ba70,0x0081BA70,0x0081BAA0,48
FUN_0081baf0,0x0081BAF0,0x0081BAF8,8
FUN_0081bf10,0x0081BF10,0x0081BF1C,12
FUN_0081c230,0x0081C230,0x0081C2D4,164
entry_0081c27c,0x0081C27C,0x0081C280,4
entry_0081c280,0x0081C280,0x0081C2A4,36
entry_0081c2a4,0x0081C2A4,0x0081C2A8,4
entry_0081c2a8,0x0081C2A8,0x0081C2CC,36
entry_0081c2cc,0x0081C2CC,0x0081C2D0,4
entry_0081c2d0,0x0081C2D0,0x0081C2F0,32
FUN_0081c2f0,0x0081C2F0,0x0081C304,20
FUN_0081c3c0,0x0081C3C0,0x0081C3C8,8
FUN_0081c5e0,0x0081C5E0,0x0081C624,68
entry_0081c5fc,0x0081C5FC,0x0081C608,12
entry_0081c608,0x0081C608,0x0081C640,56
FUN_0081c640,0x0081C640,0x0081C698,88
entry_0081c65c,0x0081C65C,0x0081C668,12
entry_0081c668,0x0081C668,0x0081C6B0,72
FUN_0081c6b0,0x0081C6B0,0x0081C6F4,68
entry_0081c6cc,0x0081C6CC,0x0081C6D8,12
entry_0081c6d8,0x0081C6D8,0x0081C710,56
FUN_0081c710,0x0081C710,0x0081C718,8
FUN_0081c7b0,0x0081C7B0,0x0081C7D4,36
FUN_0081c7f0,0x0081C7F0,0x0081C820,48
entry_0081c81c,0x0081C81C,0x0081C830,20
FUN_0081c830,0x0081C830,0x0081C870,64
entry_0081c86c,0x0081C86C,0x0081C880,20
FUN_0081c880,0x0081C880,0x0081C924,164
entry_0081c8b0,0x0081C8B0,0x0081C8B8,8
entry_0081c8b8,0x0081C8B8,0x0081C8C8,16
entry_0081c8c8,0x0081C8C8,0x0081C8D4,12
entry_0081c8d4,0x0081C8D4,0x0081C8F8,36
entry_0081c8f8,0x0081C8F8,0x0081C904,12
entry_0081c904,0x0081C904,0x0081C940,60
FUN_0081c940,0x0081C940,0x0081C990,80
entry_0081c988,0x0081C988,0x0081C98C,4
entry_0081c98c,0x0081C98C,0x0081C9A0,20
FUN_0081c9a0,0x0081C9A0,0x0081C9B4,20
FUN_0081ca10,0x0081CA10,0x0081CA4C,60
FUN_0081ca90,0x0081CA90,0x0081CAA0,16
FUN_0081cd20,0x0081CD20,0x0081CD38,24
FUN_0081cf20,0x0081CF20,0x0081CF98,120
entry_0081cf58,0x0081CF58,0x0081CF68,16
entry_0081cf68,0x0081CF68,0x0081CF78,16
entry_0081cf78,0x0081CF78,0x0081CF80,8
entry_0081cf80,0x0081CF80,0x0081CF84,4
entry_0081cf84,0x0081CF84,0x0081CF94,16
entry_0081cf94,0x0081CF94,0x0081CFB0,28
FUN_0081cfb0,0x0081CFB0,0x0081D1F8,288
entry_0081cff4,0x0081CFF4,0x0081D040,76
entry_0081d040,0x0081D040,0x0081D088,72
entry_0081d088,0x0081D088,0x0081D0E8,96
entry_0081d0e8,0x0081D0E8,0x0081D1E4,252
entry_0081d1e4,0x0081D1E4,0x0081D220,60
FUN_0081d220,0x0081D220,0x0081D564,596
entry_0081d270,0x0081D270,0x0081D288,24
entry_0081d288,0x0081D288,0x0081D2B4,44
entry_0081d2b4,0x0081D2B4,0x0081D2D8,36
entry_0081d2d8,0x0081D2D8,0x0081D2DC,4
entry_0081d2dc,0x0081D2DC,0x0081D2E0,4
entry_0081d2e0,0x0081D2E0,0x0081D318,56
entry_0081d318,0x0081D318,0x0081D3A8,144
entry_0081d3a8,0x0081D3A8,0x0081D4BC,276
entry_0081d4bc,0x0081D4BC,0x0081D4D0,20
entry_0081d4d0,0x0081D4D0,0x0081D54C,124
entry_0081d54c,0x0081D54C,0x0081D550,4
entry_0081d550,0x0081D550,0x0081D554,4
entry_0081d554,0x0081D554,0x0081D5A0,76
FUN_0081d5a0,0x0081D5A0,0x0081D72C,264
entry_0081d5e0,0x0081D5E0,0x0081D620,64
entry_0081d620,0x0081D620,0x0081D694,116
entry_0081d694,0x0081D694,0x0081D69C,8
entry_0081d69c,0x0081D69C,0x0081D714,120
entry_0081d714,0x0081D714,0x0081D718,4
entry_0081d718,0x0081D718,0x0081D71C,4
entry_0081d71c,0x0081D71C,0x0081D740,36
FUN_0081d740,0x0081D740,0x0081D7A8,104
entry_0081d788,0x0081D788,0x0081D7A0,24
entry_0081d7a0,0x0081D7A0,0x0081D7A4,4
entry_0081d7a4,0x0081D7A4,0x0081D7C0,28
FUN_0081d7c0,0x0081D7C0,0x0081D7F0,48
FUN_0081d8d0,0x0081D8D0,0x0081D970,160
entry_0081d8fc,0x0081D8FC,0x0081D918,28
entry_0081d918,0x0081D918,0x0081D934,28
entry_0081d934,0x0081D934,0x0081D950,28
entry_0081d950,0x0081D950,0x0081D96C,28
entry_0081d96c,0x0081D96C,0x0081E590,3108
FUN_0081e590,0x0081E590,0x0081E598,8
FUN_0081f9d0,0x0081F9D0,0x0081FA28,88
entry_0081fa20,0x0081FA20,0x0081FA24,4
entry_0081fa24,0x0081FA24,0x0081FA40,28
FUN_0081fa40,0x0081FA40,0x0081FA54,20
FUN_0081fb80,0x0081FB80,0x0081FB8C,12
FUN_0081fc60,0x0081FC60,0x0081FCB0,80
entry_0081fca8,0x0081FCA8,0x0081FCAC,4
entry_0081fcac,0x0081FCAC,0x0081FCC0,20
FUN_0081fcc0,0x0081FCC0,0x0081FCF4,52
FUN_0081fd30,0x0081FD30,0x0081FD3C,12
FUN_0081ffa0,0x0081FFA0,0x0081FFB0,16
FUN_00820a30,0x00820A30,0x00820A98,104
entry_00820a74,0x00820A74,0x00820A7C,8
entry_00820a7c,0x00820A7C,0x00820A90,20
entry_00820a90,0x00820A90,0x00820A94,4
entry_00820a94,0x00820A94,0x00820AB0,28
FUN_00820ab0,0x00820AB0,0x00820ABC,12
FUN_00821330,0x00821330,0x00821378,72
entry_0082135c,0x0082135C,0x00821370,20
entry_00821370,0x00821370,0x00821390,32
FUN_00821390,0x00821390,0x008214B4,144
entry_008213c4,0x008213C4,0x008214B0,236
entry_008214b0,0x008214B0,0x008214D0,32
FUN_008214d0,0x008214D0,0x008214D8,8
FUN_008216e0,0x008216E0,0x0082177C,156
entry_00821724,0x00821724,0x00821754,48
entry_00821754,0x00821754,0x00821774,32
entry_00821774,0x00821774,0x00821778,4
entry_00821778,0x00821778,0x00821790,24
FUN_00821790,0x00821790,0x008217EC,92
FUN_00821830,0x00821830,0x0082183C,12
FUN_00822390,0x00822390,0x0082239C,12
entry_008225d0,0x008225D0,0x00822660,144
FUN_00822660,0x00822660,0x0082269C,60
FUN_008226b0,0x008226B0,0x008226B8,8
FUN_00822b50,0x00822B50,0x00822B5C,12
FUN_00822c40,0x00822C40,0x00822C54,20
FUN_00822e90,0x00822E90,0x00822EAC,28
FUN_00823280,0x00823280,0x00823294,20
FUN_00823400,0x00823400,0x00823414,20
FUN_00823490,0x00823490,0x008234A4,20
FUN_008236d0,0x008236D0,0x008236DC,12
FUN_00823760,0x00823760,0x00823778,24
FUN_00823990,0x00823990,0x008239A0,16
FUN_00823a60,0x00823A60,0x00823A74,20
FUN_00823ac0,0x00823AC0,0x00823AD0,16
FUN_00823c10,0x00823C10,0x00823CF4,228
entry_00823c38,0x00823C38,0x00823C54,28
entry_00823c54,0x00823C54,0x00823C64,16
entry_00823c64,0x00823C64,0x00823C88,36
entry_00823c88,0x00823C88,0x00823CCC,68
entry_00823ccc,0x00823CCC,0x00823CE8,28
entry_00823ce8,0x00823CE8,0x00823CF0,8
entry_00823cf0,0x00823CF0,0x00823D10,32
FUN_00823d10,0x00823D10,0x00823D60,80
entry_00823d58,0x00823D58,0x00823D5C,4
entry_00823d5c,0x00823D5C,0x00823D70,20
FUN_00823d70,0x00823D70,0x00823D84,20
FUN_00823e10,0x00823E10,0x00823E18,8
FUN_00824400,0x00824400,0x00824438,56
entry_00824434,0x00824434,0x00824440,12
FUN_00824440,0x00824440,0x0082447C,60
FUN_008244f0,0x008244F0,0x00824568,120
entry_0082453c,0x0082453C,0x00824560,36
entry_00824560,0x00824560,0x00824564,4
entry_00824564,0x00824564,0x00824580,28
FUN_00824580,0x00824580,0x00824594,20
FUN_008245d0,0x008245D0,0x008245D8,8
FUN_00825270,0x00825270,0x0082527C,12
FUN_00825390,0x00825390,0x008253B0,32
FUN_00825400,0x00825400,0x00825414,20
FUN_00825970,0x00825970,0x008259C0,80
entry_008259b8,0x008259B8,0x008259BC,4
entry_008259bc,0x008259BC,0x008259D0,20
FUN_008259d0,0x008259D0,0x008259E4,20
FUN_00825a50,0x00825A50,0x00825A5C,12
FUN_00826610,0x00826610,0x00826764,340
entry_0082664c,0x0082664C,0x0082672C,224
entry_0082672c,0x0082672C,0x00826758,44
entry_00826758,0x00826758,0x008267B0,88
FUN_008267b0,0x008267B0,0x008267C0,16
FUN_00826860,0x00826860,0x00826868,8
FUN_00826ba0,0x00826BA0,0x00826BF0,80
entry_00826be8,0x00826BE8,0x00826BEC,4
entry_00826bec,0x00826BEC,0x00826C00,20
FUN_00826c00,0x00826C00,0x00826C14,20
FUN_00827200,0x00827200,0x00827208,8
FUN_00827310,0x00827310,0x0082734C,60
entry_00827344,0x00827344,0x00827360,28
FUN_00827360,0x00827360,0x00827464,260
entry_008273e4,0x008273E4,0x00827414,48
entry_00827414,0x00827414,0x00827430,28
entry_00827430,0x00827430,0x0082745C,44
entry_0082745c,0x0082745C,0x00827460,4
entry_00827460,0x00827460,0x00827490,48
FUN_00827490,0x00827490,0x008274BC,44
entry_008274b4,0x008274B4,0x008274D0,28
FUN_008274d0,0x008274D0,0x0082756C,156
entry_00827550,0x00827550,0x00827564,20
entry_00827564,0x00827564,0x00827580,28
FUN_00827580,0x00827580,0x008275A8,40
entry_008275a4,0x008275A4,0x008275B0,12
FUN_008275b0,0x008275B0,0x0082762C,124
entry_008275fc,0x008275FC,0x00827600,4
entry_00827600,0x00827600,0x00827624,36
entry_00827624,0x00827624,0x00827628,4
entry_00827628,0x00827628,0x00827640,24
FUN_00827640,0x00827640,0x00827654,20
FUN_00827680,0x00827680,0x008276B8,56
entry_008276b0,0x008276B0,0x008276B4,4
entry_008276b4,0x008276B4,0x008276C0,12
FUN_008276c0,0x008276C0,0x008276C1,1
FUN_008276d0,0x008276D0,0x008276DC,12
FUN_00827870,0x00827870,0x0082787C,12
FUN_00827d40,0x00827D40,0x00827DA8,104
entry_00827d7c,0x00827D7C,0x00827DA0,36
entry_00827da0,0x00827DA0,0x00827DA4,4
entry_00827da4,0x00827DA4,0x00827DC0,28
FUN_00827dc0,0x00827DC0,0x00827DF4,52
FUN_00827e50,0x00827E50,0x00827E60,16
FUN_008281a0,0x008281A0,0x008281AC,12
FUN_00828380,0x00828380,0x008283A0,32
FUN_008283c0,0x008283C0,0x008283D0,16
FUN_008285e0,0x008285E0,0x008285EC,12
FUN_008290d0,0x008290D0,0x008290E4,20
FUN_008295b0,0x008295B0,0x00829618,104
entry_008295ec,0x008295EC,0x00829610,36
entry_00829610,0x00829610,0x00829614,4
entry_00829614,0x00829614,0x00829630,28
FUN_00829630,0x00829630,0x00829664,52
FUN_008296a0,0x008296A0,0x008296D0,48
FUN_008296e0,0x008296E0,0x008296E8,8
FUN_008299b0,0x008299B0,0x00829B78,352
entry_00829a08,0x00829A08,0x00829A6C,100
entry_00829a6c,0x00829A6C,0x00829A94,40
entry_00829a94,0x00829A94,0x00829B04,112
entry_00829b04,0x00829B04,0x00829B08,4
entry_00829b08,0x00829B08,0x00829B58,80
entry_00829b58,0x00829B58,0x00829BB0,88
FUN_00829bb0,0x00829BB0,0x00829BC8,24
FUN_00829f00,0x00829F00,0x00829F50,80
entry_00829f48,0x00829F48,0x00829F4C,4
entry_00829f4c,0x00829F4C,0x00829F60,20
FUN_00829f60,0x00829F60,0x00829F74,20
entry_00829fd0,0x00829FD0,0x0082A5B0,1504
FUN_0082a5b0,0x0082A5B0,0x0082A5B8,8
FUN_0082a780,0x0082A780,0x0082AB08,904
entry_0082a7ac,0x0082A7AC,0x0082A7EC,64
entry_0082a7ec,0x0082A7EC,0x0082A808,28
entry_0082a808,0x0082A808,0x0082A81C,20
entry_0082a81c,0x0082A81C,0x0082A838,28
entry_0082a838,0x0082A838,0x0082A84C,20
entry_0082a84c,0x0082A84C,0x0082A868,28
entry_0082a868,0x0082A868,0x0082A898,48
entry_0082a898,0x0082A898,0x0082A8B4,28
entry_0082a8b4,0x0082A8B4,0x0082A8C8,20
entry_0082a8c8,0x0082A8C8,0x0082A8E4,28
entry_0082a8e4,0x0082A8E4,0x0082A8F8,20
entry_0082a8f8,0x0082A8F8,0x0082A914,28
entry_0082a914,0x0082A914,0x0082A944,48
entry_0082a944,0x0082A944,0x0082A960,28
entry_0082a960,0x0082A960,0x0082A974,20
entry_0082a974,0x0082A974,0x0082A990,28
entry_0082a990,0x0082A990,0x0082A9A4,20
entry_0082a9a4,0x0082A9A4,0x0082A9C0,28
entry_0082a9c0,0x0082A9C0,0x0082A9F0,48
entry_0082a9f0,0x0082A9F0,0x0082AA0C,28
entry_0082aa0c,0x0082AA0C,0x0082AA20,20
entry_0082aa20,0x0082AA20,0x0082AA3C,28
entry_0082aa3c,0x0082AA3C,0x0082AA50,20
entry_0082aa50,0x0082AA50,0x0082AA6C,28
entry_0082aa6c,0x0082AA6C,0x0082AB20,180
FUN_0082ab20,0x0082AB20,0x0082AB28,8
FUN_0082ae70,0x0082AE70,0x0082AF48,216
FUN_0082af50,0x0082AF50,0x0082B074,292
entry_0082b070,0x0082B070,0x0082B080,16
FUN_0082b080,0x0082B080,0x0082B090,16
FUN_0082b400,0x0082B400,0x0082B418,24
FUN_0082b610,0x0082B610,0x0082B710,256
FUN_0082b750,0x0082B750,0x0082B7CC,124
entry_0082b79c,0x0082B79C,0x0082B7A0,4
entry_0082b7a0,0x0082B7A0,0x0082B7C4,36
entry_0082b7c4,0x0082B7C4,0x0082B7C8,4
entry_0082b7c8,0x0082B7C8,0x0082B7E0,24
FUN_0082b7e0,0x0082B7E0,0x0082B7F4,20
FUN_0082b840,0x0082B840,0x0082B84C,12
FUN_0082bce0,0x0082BCE0,0x0082BD10,48
FUN_0082bd20,0x0082BD20,0x0082BD2C,12
FUN_0082c3b0,0x0082C3B0,0x0092C3FC,160
FUN_0082c4d0,0x0082C4D0,0x0082C558,136
entry_0082c514,0x0082C514,0x0082C52C,24
entry_0082c52c,0x0082C52C,0x0082C550,36
entry_0082c550,0x0082C550,0x0082C554,4
entry_0082c554,0x0082C554,0x0082C570,28
FUN_0082c570,0x0082C570,0x0082C584,20
FUN_0082c5d0,0x0082C5D0,0x0082C5E0,16
FUN_0082c750,0x0082C750,0x0082C7A0,80
entry_0082c798,0x0082C798,0x0082C79C,4
entry_0082c79c,0x0082C79C,0x0082C7B0,20
FUN_0082c7b0,0x0082C7B0,0x0082C7E4,52
FUN_0082c810,0x0082C810,0x0082C81C,12
FUN_0082c9a0,0x0082C9A0,0x0082C9F0,80
entry_0082c9e8,0x0082C9E8,0x0082C9EC,4
entry_0082c9ec,0x0082C9EC,0x0082CA00,20
FUN_0082ca00,0x0082CA00,0x0082CA34,52
FUN_0082ca60,0x0082CA60,0x0082CBA4,304
entry_0082cb68,0x0082CB68,0x0082CB9C,52
entry_0082cb9c,0x0082CB9C,0x0082CBC0,36
FUN_0082cbc0,0x0082CBC0,0x0082CBD8,24
FUN_0082cd10,0x0082CD10,0x0082CD98,136
entry_0082cd50,0x0082CD50,0x0082CD6C,28
entry_0082cd6c,0x0082CD6C,0x0082CD90,36
entry_0082cd90,0x0082CD90,0x0082CD94,4
entry_0082cd94,0x0082CD94,0x0082CDB0,28
FUN_0082cdb0,0x0082CDB0,0x0082CDEC,60
FUN_0082ce70,0x0082CE70,0x0082CF1C,172
entry_0082cea0,0x0082CEA0,0x0082CECC,44
entry_0082cecc,0x0082CECC,0x0082CEE0,20
entry_0082cee0,0x0082CEE0,0x0082CEF4,20
entry_0082cef4,0x0082CEF4,0x0082CF08,20
entry_0082cf08,0x0082CF08,0x0082CF18,16
entry_0082cf18,0x0082CF18,0x0082CF30,24
FUN_0082cf30,0x0082CF30,0x0082D05C,300
entry_0082cf64,0x0082CF64,0x0082CF78,20
entry_0082cf78,0x0082CF78,0x0082CF8C,20
entry_0082cf8c,0x0082CF8C,0x0082CFA0,20
entry_0082cfa0,0x0082CFA0,0x0082CFB4,20
entry_0082cfb4,0x0082CFB4,0x0082CFE4,48
entry_0082cfe4,0x0082CFE4,0x0082D004,32
entry_0082d004,0x0082D004,0x0082D024,32
entry_0082d024,0x0082D024,0x0082D044,32
entry_0082d044,0x0082D044,0x0082D048,4
entry_0082d048,0x0082D048,0x0082D054,12
entry_0082d054,0x0082D054,0x0082D058,4
entry_0082d058,0x0082D058,0x0082D070,24
FUN_0082d070,0x0082D070,0x0082D158,228
entry_0082d0f4,0x0082D0F4,0x0082D108,20
entry_0082d108,0x0082D108,0x0082D120,24
entry_0082d120,0x0082D120,0x0082D154,52
entry_0082d154,0x0082D154,0x0082D170,28
FUN_0082d170,0x0082D170,0x0082D178,8
FUN_0082d3b0,0x0082D3B0,0x0082D3E4,52
entry_0082d3dc,0x0082D3DC,0x0082D3E0,4
entry_0082d3e0,0x0082D3E0,0x0082D3F0,16
FUN_0082d3f0,0x0082D3F0,0x0082D4D4,228
entry_0082d43c,0x0082D43C,0x0082D460,36
entry_0082d460,0x0082D460,0x0082D484,36
entry_0082d484,0x0082D484,0x0082D4A8,36
entry_0082d4a8,0x0082D4A8,0x0082D4CC,36
entry_0082d4cc,0x0082D4CC,0x0082D4D0,4
entry_0082d4d0,0x0082D4D0,0x0082D4F0,32
FUN_0082d4f0,0x0082D4F0,0x0082D5D4,228
entry_0082d524,0x0082D524,0x0082D55C,56
entry_0082d55c,0x0082D55C,0x0082D570,20
entry_0082d570,0x0082D570,0x0082D584,20
entry_0082d584,0x0082D584,0x0082D598,20
entry_0082d598,0x0082D598,0x0082D5AC,20
entry_0082d5ac,0x0082D5AC,0x0082D5C0,20
entry_0082d5c0,0x0082D5C0,0x0082D5D0,16
entry_0082d5d0,0x0082D5D0,0x0082D5F0,32
FUN_0082d5f0,0x0082D5F0,0x0082D5F8,8
FUN_0082d720,0x0082D720,0x0082D728,8
FUN_0082d810,0x0082D810,0x0082D840,48
entry_0082d830,0x0082D830,0x0082D83C,12
entry_0082d83c,0x0082D83C,0x0082D850,20
FUN_0082d850,0x0082D850,0x0082D864,20
FUN_0082de40,0x0082DE40,0x0082DF78,312
entry_0082de8c,0x0082DE8C,0x0082DEB0,36
entry_0082deb0,0x0082DEB0,0x0082DED4,36
entry_0082ded4,0x0082DED4,0x0082DEF8,36
entry_0082def8,0x0082DEF8,0x0082DF1C,36
entry_0082df1c,0x0082DF1C,0x0082DF40,36
entry_0082df40,0x0082DF40,0x0082DF50,16
entry_0082df50,0x0082DF50,0x0082DF70,32
entry_0082df70,0x0082DF70,0x0082DF74,4
entry_0082df74,0x0082DF74,0x0082DFA0,44
FUN_0082dfa0,0x0082DFA0,0x0082DFA8,8
FUN_0082e6e0,0x0082E6E0,0x0082E6E8,8
FUN_0082ec30,0x0082EC30,0x0082EC60,48
entry_0082ec50,0x0082EC50,0x0082EC5C,12
entry_0082ec5c,0x0082EC5C,0x0082EC70,20
FUN_0082ec70,0x0082EC70,0x0082ECF0,128
entry_0082ecc0,0x0082ECC0,0x0082ECC4,4
entry_0082ecc4,0x0082ECC4,0x0082EDF0,300
FUN_0082edf0,0x0082EDF0,0x0082EE68,120
entry_0082ee3c,0x0082EE3C,0x0082EE60,36
entry_0082ee60,0x0082EE60,0x0082EE64,4
entry_0082ee64,0x0082EE64,0x0082EE80,28
FUN_0082ee80,0x0082EE80,0x0082EE8C,12
FUN_0082f130,0x0082F130,0x0082F140,16
FUN_0082f370,0x0082F370,0x0082F40C,156
entry_0082f3b8,0x0082F3B8,0x0082F3BC,4
entry_0082f3bc,0x0082F3BC,0x0082F3D4,24
entry_0082f3d4,0x0082F3D4,0x0082F404,48
entry_0082f404,0x0082F404,0x0082F408,4
entry_0082f408,0x0082F408,0x0082F420,24
FUN_0082f420,0x0082F420,0x0082F42C,12
FUN_0082f750,0x0082F750,0x0082F76C,28
FUN_0082f8f0,0x0082F8F0,0x0082F908,24
entry_0082fa30,0x0082FA30,0x0082FA98,104
entry_0082fa98,0x0082FA98,0x0082FB00,104
entry_0082fb00,0x0082FB00,0x0082FB68,104
entry_0082fb68,0x0082FB68,0x0082FBD0,104
entry_0082fbd0,0x0082FBD0,0x0082FC38,104
entry_0082fc38,0x0082FC38,0x0082FCA0,104
entry_0082fca0,0x0082FCA0,0x0082FD2C,140
entry_0082fd2c,0x0082FD2C,0x0082FD9C,112
entry_0082fd9c,0x0082FD9C,0x0082FE0C,112
entry_0082fe0c,0x0082FE0C,0x0082FE7C,112
entry_0082fe7c,0x0082FE7C,0x0082FEEC,112
entry_0082feec,0x0082FEEC,0x0082FF5C,112
entry_0082ff5c,0x0082FF5C,0x0082FFCC,112
entry_0082ffcc,0x0082FFCC,0x00830280,692
FUN_00830280,0x00830280,0x00830288,8
entry_008304e8,0x008304E8,0x008304F0,8
entry_008304f0,0x008304F0,0x008304F8,8
entry_008304f8,0x008304F8,0x00830500,8
entry_00830500,0x00830500,0x00830508,8
entry_00830508,0x00830508,0x00830510,8
entry_00830510,0x00830510,0x00830518,8
entry_00830518,0x00830518,0x00830520,8
entry_00830520,0x00830520,0x00830528,8
entry_00830528,0x00830528,0x00830530,8
entry_00830530,0x00830530,0x00830538,8
entry_00830538,0x00830538,0x00830540,8
entry_00830540,0x00830540,0x00830544,4
entry_00830544,0x00830544,0x00830570,44
entry_00830570,0x00830570,0x00830660,240
entry_00830660,0x00830660,0x00830670,16
entry_00830670,0x00830670,0x0083077C,268
entry_0083077c,0x0083077C,0x00830C7C,1280
entry_00830c7c,0x00830C7C,0x00830C8C,16
entry_00830c8c,0x00830C8C,0x00830C9C,16
entry_00830c9c,0x00830C9C,0x00830CAC,16
entry_00830cac,0x00830CAC,0x00830CBC,16
entry_00830cbc,0x00830CBC,0x00830CCC,16
entry_00830ccc,0x00830CCC,0x00830CDC,16
entry_00830cdc,0x00830CDC,0x00830CEC,16
entry_00830cec,0x00830CEC,0x00830CFC,16
entry_00830cfc,0x00830CFC,0x00830D0C,16
entry_00830d0c,0x00830D0C,0x00830D1C,16
entry_00830d1c,0x00830D1C,0x00830D2C,16
entry_00830d2c,0x00830D2C,0x00830D38,12
entry_00830d38,0x00830D38,0x00830D60,40
entry_00830d60,0x00830D60,0x00830E50,240
entry_00830e50,0x00830E50,0x00830E60,16
entry_00830e60,0x00830E60,0x00830F6C,268
entry_00830f6c,0x00830F6C,0x00831260,756
FUN_00831260,0x00831260,0x0083130C,172
entry_008312e0,0x008312E0,0x008312E4,4
entry_008312e4,0x008312E4,0x008312F8,20
entry_008312f8,0x008312F8,0x008313B0,184
FUN_008313b0,0x008313B0,0x00831438,136
entry_0083141c,0x0083141C,0x00831430,20
entry_00831430,0x00831430,0x00831450,32
FUN_00831450,0x00831450,0x008314CC,124
entry_0083149c,0x0083149C,0x008314A0,4
entry_008314a0,0x008314A0,0x008314C4,36
entry_008314c4,0x008314C4,0x008314C8,4
entry_008314c8,0x008314C8,0x008314E0,24
FUN_008314e0,0x008314E0,0x008314F4,20
FUN_00831560,0x00831560,0x00831568,8
entry_00831990,0x00831990,0x00831ED0,1344
FUN_00831ed0,0x00831ED0,0x00831F34,100
entry_00831f2c,0x00831F2C,0x00831F30,4
entry_00831f30,0x00831F30,0x00831F50,32
FUN_00831f50,0x00831F50,0x00832020,208
FUN_00832030,0x00832030,0x00832064,52
FUN_00832130,0x00832130,0x00832144,20
entry_00832960,0x00832960,0x00832BE0,640
FUN_00832be0,0x00832BE0,0x00832C30,80
entry_00832c28,0x00832C28,0x00832C2C,4
entry_00832c2c,0x00832C2C,0x00832C40,20
FUN_00832c40,0x00832C40,0x00832CF0,176
FUN_00832d00,0x00832D00,0x00832D34,52
FUN_00832dd0,0x00832DD0,0x00832DD8,8
FUN_008339f0,0x008339F0,0x00833A40,80
entry_00833a38,0x00833A38,0x00833A3C,4
entry_00833a3c,0x00833A3C,0x00833A50,20
FUN_00833a50,0x00833A50,0x00833A64,20
FUN_00833ae0,0x00833AE0,0x00833AE8,8
FUN_00833d50,0x00833D50,0x00833D78,40
entry_00833d74,0x00833D74,0x00833DB0,60
FUN_00833db0,0x00833DB0,0x00833E2C,36
entry_00833e28,0x00833E28,0x00833E40,24
FUN_00833e40,0x00833E40,0x00833EBC,124
entry_00833e8c,0x00833E8C,0x00833E90,4
entry_00833e90,0x00833E90,0x00833EB4,36
entry_00833eb4,0x00833EB4,0x00833EB8,4
entry_00833eb8,0x00833EB8,0x00833ED0,24
FUN_00833ed0,0x00833ED0,0x00833EE4,20
FUN_00833f10,0x00833F10,0x00833F18,8
FUN_00834020,0x00834020,0x00834028,8
FUN_008344d0,0x008344D0,0x008344E4,20
FUN_00834500,0x00834500,0x00834514,20
FUN_00834540,0x00834540,0x008346AC,224
entry_00834690,0x00834690,0x00834694,4
entry_00834694,0x00834694,0x0083469C,8
entry_0083469c,0x0083469C,0x008346C0,36
FUN_008346c0,0x008346C0,0x008347B0,240
entry_008347ac,0x008347AC,0x008347C0,20
FUN_008347c0,0x008347C0,0x008347D0,16
FUN_00834a40,0x00834A40,0x00834A4C,12
entry_00834ae0,0x00834AE0,0x00834B50,112
FUN_00834b50,0x00834B50,0x00834B64,20
FUN_00834bc0,0x00834BC0,0x00834BD0,16
FUN_00834c80,0x00834C80,0x00834C8C,12
FUN_00834de0,0x00834DE0,0x00834DF4,20
entry_00834e20,0x00834E20,0x00834E30,16
entry_00834e30,0x00834E30,0x00834EA0,112
FUN_00834ea0,0x00834EA0,0x00834EB4,20
FUN_00834f80,0x00834F80,0x00835008,44
entry_00835004,0x00835004,0x00835040,60
FUN_00835040,0x00835040,0x0083504C,12
FUN_008354c0,0x008354C0,0x008354E8,40
entry_008354e4,0x008354E4,0x008354F0,12
FUN_008354f0,0x008354F0,0x00835580,144
entry_0083553c,0x0083553C,0x00835578,60
entry_00835578,0x00835578,0x0083557C,4
entry_0083557c,0x0083557C,0x00835590,20
FUN_00835590,0x00835590,0x008355D0,64
entry_008355c8,0x008355C8,0x008355CC,4
entry_008355cc,0x008355CC,0x008355E0,20
FUN_008355e0,0x008355E0,0x008355F4,20
FUN_00835670,0x00835670,0x00835A64,472
entry_00835760,0x00835760,0x00835818,184
entry_00835818,0x00835818,0x008358EC,212
entry_008358ec,0x008358EC,0x00835914,40
entry_00835914,0x00835914,0x008359A4,144
entry_008359a4,0x008359A4,0x008359CC,40
entry_008359cc,0x008359CC,0x00835A5C,144
entry_00835a5c,0x00835A5C,0x00835A80,36
FUN_00835a80,0x00835A80,0x00835D10,416
entry_00835aa8,0x00835AA8,0x00835AE4,60
entry_00835ae4,0x00835AE4,0x00835B34,80
entry_00835b34,0x00835B34,0x00835B7C,72
entry_00835b7c,0x00835B7C,0x00835B94,24
entry_00835b94,0x00835B94,0x00835C18,132
entry_00835c18,0x00835C18,0x00835C6C,84
entry_00835c6c,0x00835C6C,0x00835C84,24
entry_00835c84,0x00835C84,0x00835D08,132
entry_00835d08,0x00835D08,0x00835D30,40
FUN_00835d30,0x00835D30,0x00835F20,428
entry_00835d7c,0x00835D7C,0x00835DA8,44
entry_00835da8,0x00835DA8,0x00835DCC,36
entry_00835dcc,0x00835DCC,0x00835E2C,96
entry_00835e2c,0x00835E2C,0x00835E30,4
entry_00835e30,0x00835E30,0x00835E54,36
entry_00835e54,0x00835E54,0x00835E70,28
entry_00835e70,0x00835E70,0x00835E8C,28
entry_00835e8c,0x00835E8C,0x00835EA8,28
entry_00835ea8,0x00835EA8,0x00835EC4,28
entry_00835ec4,0x00835EC4,0x00835F30,108
FUN_00835f30,0x00835F30,0x0083604C,284
entry_00835f7c,0x00835F7C,0x00835F80,4
entry_00835f80,0x00835F80,0x00835FA4,36
entry_00835fa4,0x00835FA4,0x00835FA8,4
entry_00835fa8,0x00835FA8,0x00835FCC,36
entry_00835fcc,0x00835FCC,0x00835FD0,4
entry_00835fd0,0x00835FD0,0x00835FF4,36
entry_00835ff4,0x00835FF4,0x00835FF8,4
entry_00835ff8,0x00835FF8,0x0083601C,36
entry_0083601c,0x0083601C,0x00836020,4
entry_00836020,0x00836020,0x00836044,36
entry_00836044,0x00836044,0x00836048,4
entry_00836048,0x00836048,0x00836060,24
FUN_00836060,0x00836060,0x008360E4,132
FUN_008360f0,0x008360F0,0x008360F8,8
FUN_008362e0,0x008362E0,0x008362E8,8
FUN_008365f0,0x008365F0,0x008365FC,12
FUN_00836790,0x00836790,0x008367A4,20
FUN_00836d70,0x00836D70,0x00836D7C,12
FUN_00836f80,0x00836F80,0x00837324,136
entry_00836fd8,0x00836FD8,0x008370A4,204
entry_008370a4,0x008370A4,0x008370E8,68
entry_008370e8,0x008370E8,0x008371A8,192
entry_008371a8,0x008371A8,0x0083731C,372
entry_0083731c,0x0083731C,0x00837320,4
entry_00837320,0x00837320,0x00837340,32
FUN_00837340,0x00837340,0x00837348,8
FUN_008375d0,0x008375D0,0x00837630,96
entry_00837610,0x00837610,0x00837628,24
entry_00837628,0x00837628,0x0083762C,4
entry_0083762c,0x0083762C,0x00837640,20
FUN_00837640,0x00837640,0x0083767C,60
FUN_008376f0,0x008376F0,0x008376FC,12
entry_008377f8,0x008377F8,0x00837840,72
entry_00837840,0x00837840,0x00837874,52
entry_00837874,0x00837874,0x00837AEC,632
entry_00837aec,0x00837AEC,0x00837B04,24
entry_00837b04,0x00837B04,0x00837C50,332
FUN_00837c50,0x00837C50,0x00837C64,20
FUN_00837ea0,0x00837EA0,0x00837EBC,28
FUN_008381d0,0x008381D0,0x008381DC,12
FUN_00838510,0x00838510,0x00838524,20
FUN_00838900,0x00838900,0x0083890C,12
FUN_008389e0,0x008389E0,0x008389F0,16
FUN_00838ac0,0x00838AC0,0x00838B68,168
entry_00838af0,0x00838AF0,0x00838B38,72
entry_00838b38,0x00838B38,0x00838B48,16
entry_00838b48,0x00838B48,0x00838B4C,4
entry_00838b4c,0x00838B4C,0x00838B5C,16
entry_00838b5c,0x00838B5C,0x00838BE0,132
FUN_00838be0,0x00838BE0,0x00838C28,68
entry_00838bfc,0x00838BFC,0x00838C20,36
entry_00838c20,0x00838C20,0x00838C30,16
FUN_00838c30,0x00838C30,0x00838CC0,144
entry_00838c60,0x00838C60,0x00838CA8,72
entry_00838ca8,0x00838CA8,0x00838CB8,16
entry_00838cb8,0x00838CB8,0x00838CBC,4
entry_00838cbc,0x00838CBC,0x00838CD0,20
FUN_00838cd0,0x00838CD0,0x00838CDC,12
FUN_00838d50,0x00838D50,0x00838D54,4
FUN_00838d60,0x00838D60,0x00838E50,84
entry_00838d8c,0x00838D8C,0x00838DB4,40
entry_00838db4,0x00838DB4,0x00838E4C,152
entry_00838e4c,0x00838E4C,0x00838E60,20
FUN_00838e60,0x00838E60,0x00838E74,20
FUN_00838fb0,0x00838FB0,0x00839004,48
entry_00838ff8,0x00838FF8,0x00839060,104
FUN_00839060,0x00839060,0x00839070,16
FUN_00839120,0x00839120,0x00839170,80
entry_00839168,0x00839168,0x0083916C,4
entry_0083916c,0x0083916C,0x00839180,20
FUN_00839180,0x00839180,0x008391B8,56
FUN_00839200,0x00839200,0x00839208,8
FUN_00839410,0x00839410,0x00839418,8
FUN_00839720,0x00839720,0x008397F4,204
entry_00839770,0x00839770,0x00839784,20
entry_00839784,0x00839784,0x008397AC,40
entry_008397ac,0x008397AC,0x008397D4,40
entry_008397d4,0x008397D4,0x008397E8,20
entry_008397e8,0x008397E8,0x008397EC,4
entry_008397ec,0x008397EC,0x00839810,36
FUN_00839810,0x00839810,0x00839818,8
FUN_00839e70,0x00839E70,0x00839E78,8
FUN_00839fc0,0x00839FC0,0x0083A360,136
entry_0083a018,0x0083A018,0x0083A0E4,204
entry_0083a0e4,0x0083A0E4,0x0083A128,68
entry_0083a128,0x0083A128,0x0083A1E8,192
entry_0083a1e8,0x0083A1E8,0x0083A358,368
entry_0083a358,0x0083A358,0x0083A35C,4
entry_0083a35c,0x0083A35C,0x0083A370,20
FUN_0083a370,0x0083A370,0x0083A37C,12
FUN_0083a5b0,0x0083A5B0,0x0083A7A8,256
entry_0083a5d8,0x0083A5D8,0x0083A718,320
entry_0083a718,0x0083A718,0x0083A76C,84
entry_0083a76c,0x0083A76C,0x0083A7A0,52
entry_0083a7a0,0x0083A7A0,0x0083A7A4,4
entry_0083a7a4,0x0083A7A4,0x0083A7C0,28
FUN_0083a7c0,0x0083A7C0,0x0083A810,80
entry_0083a808,0x0083A808,0x0083A80C,4
entry_0083a80c,0x0083A80C,0x0083A820,20
FUN_0083a820,0x0083A820,0x0083A874,84
FUN_0083a880,0x0083A880,0x0083A888,8
FUN_0083aa70,0x0083AA70,0x0083AA78,8
FUN_0083ad80,0x0083AD80,0x0083AE54,204
entry_0083add0,0x0083ADD0,0x0083ADE4,20
entry_0083ade4,0x0083ADE4,0x0083AE0C,40
entry_0083ae0c,0x0083AE0C,0x0083AE34,40
entry_0083ae34,0x0083AE34,0x0083AE48,20
entry_0083ae48,0x0083AE48,0x0083AE4C,4
entry_0083ae4c,0x0083AE4C,0x0083AE70,36
FUN_0083ae70,0x0083AE70,0x0083B3A0,812
entry_0083ae98,0x0083AE98,0x0083AEAC,20
entry_0083aeac,0x0083AEAC,0x0083AED4,40
entry_0083aed4,0x0083AED4,0x0083AF6C,152
entry_0083af6c,0x0083AF6C,0x0083AFD0,100
entry_0083afd0,0x0083AFD0,0x0083B008,56
entry_0083b008,0x0083B008,0x0083B044,60
entry_0083b044,0x0083B044,0x0083B07C,56
entry_0083b07c,0x0083B07C,0x0083B0DC,96
entry_0083b0dc,0x0083B0DC,0x0083B114,56
entry_0083b114,0x0083B114,0x0083B2B8,420
entry_0083b2b8,0x0083B2B8,0x0083B2BC,4
entry_0083b2bc,0x0083B2BC,0x0083B310,84
entry_0083b310,0x0083B310,0x0083B344,52
entry_0083b344,0x0083B344,0x0083B34C,8
entry_0083b34c,0x0083B34C,0x0083B364,24
entry_0083b364,0x0083B364,0x0083B398,52
entry_0083b398,0x0083B398,0x0083B39C,4
entry_0083b39c,0x0083B39C,0x0083B3B0,20
FUN_0083b3b0,0x0083B3B0,0x0083B4A4,168
entry_0083b3d8,0x0083B3D8,0x0083B3F4,28
entry_0083b3f4,0x0083B3F4,0x0083B464,112
entry_0083b464,0x0083B464,0x0083B468,4
entry_0083b468,0x0083B468,0x0083B4A0,56
entry_0083b4a0,0x0083B4A0,0x0083B4B0,16
FUN_0083b4b0,0x0083B4B0,0x0083B4B8,8
FUN_0083b800,0x0083B800,0x0083B9F4,252
entry_0083b828,0x0083B828,0x0083B964,316
entry_0083b964,0x0083B964,0x0083B9B8,84
entry_0083b9b8,0x0083B9B8,0x0083B9EC,52
entry_0083b9ec,0x0083B9EC,0x0083B9F0,4
entry_0083b9f0,0x0083B9F0,0x0083BA10,32
FUN_0083ba10,0x0083BA10,0x0083BA60,80
entry_0083ba58,0x0083BA58,0x0083BA5C,4
entry_0083ba5c,0x0083BA5C,0x0083BA70,20
FUN_0083ba70,0x0083BA70,0x0083BAC0,80
FUN_0083bad0,0x0083BAD0,0x0083BAE0,16
FUN_0083be40,0x0083BE40,0x0083BE50,16
FUN_0083c4b0,0x0083C4B0,0x0083C4C4,20
FUN_0083c6b0,0x0083C6B0,0x0083C6D0,32
FUN_0083c810,0x0083C810,0x0083C830,32
FUN_0083c840,0x0083C840,0x0083C878,56
entry_0083c870,0x0083C870,0x0083C890,32
FUN_0083c890,0x0083C890,0x0083C89C,12
FUN_0083c940,0x0083C940,0x0083CA18,216
FUN_0083ca30,0x0083CA30,0x0083CAE0,172
entry_0083cadc,0x0083CADC,0x0083CAF0,20
FUN_0083caf0,0x0083CAF0,0x0083CB4C,92
FUN_0083cb60,0x0083CB60,0x0083CC2C,200
entry_0083cbd4,0x0083CBD4,0x0083CBF8,36
entry_0083cbf8,0x0083CBF8,0x0083CC0C,20
entry_0083cc0c,0x0083CC0C,0x0083CC1C,16
entry_0083cc1c,0x0083CC1C,0x0083CC28,12
entry_0083cc28,0x0083CC28,0x0083CC40,24
FUN_0083cc40,0x0083CC40,0x0083CCA4,100
entry_0083cc74,0x0083CC74,0x0083CC88,20
entry_0083cc88,0x0083CC88,0x0083CC98,16
entry_0083cc98,0x0083CC98,0x0083CCA0,8
entry_0083cca0,0x0083CCA0,0x0083CCC0,32
FUN_0083ccc0,0x0083CCC0,0x0083CD98,216
FUN_0083cda0,0x0083CDA0,0x0083CDC4,36
FUN_0083ce60,0x0083CE60,0x0083CE90,48
entry_0083ce88,0x0083CE88,0x0083CEA0,24
FUN_0083cea0,0x0083CEA0,0x0083CEDC,60
entry_0083ced4,0x0083CED4,0x0083CED8,4
entry_0083ced8,0x0083CED8,0x0083CEF0,24
FUN_0083cef0,0x0083CEF0,0x0083CEF8,8
FUN_0083cf80,0x0083CF80,0x0083CF88,8
FUN_0083d180,0x0083D180,0x0083D194,20
entry_0083d1c0,0x0083D1C0,0x0083D1D0,16
entry_0083d1d0,0x0083D1D0,0x0083D240,112
FUN_0083d240,0x0083D240,0x0083D254,20
FUN_0083d290,0x0083D290,0x0083D3C4,308
entry_0083d2b0,0x0083D2B0,0x0083D2DC,44
entry_0083d2dc,0x0083D2DC,0x0083D2F0,20
entry_0083d2f0,0x0083D2F0,0x0083D340,80
entry_0083d340,0x0083D340,0x0083D344,4
entry_0083d344,0x0083D344,0x0083D37C,56
entry_0083d37c,0x0083D37C,0x0083D384,8
entry_0083d384,0x0083D384,0x0083D3E0,92
FUN_0083d3e0,0x0083D3E0,0x0083D424,68
entry_0083d41c,0x0083D41C,0x0083D430,20
FUN_0083d430,0x0083D430,0x0083D43C,12
FUN_0083d6b0,0x0083D6B0,0x0083D6BC,12
FUN_0083d990,0x0083D990,0x0083DC2C,588
entry_0083da08,0x0083DA08,0x0083DA18,16
entry_0083da18,0x0083DA18,0x0083DA58,64
entry_0083da58,0x0083DA58,0x0083DA94,60
entry_0083da94,0x0083DA94,0x0083DAD4,64
entry_0083dad4,0x0083DAD4,0x0083DAE8,20
entry_0083dae8,0x0083DAE8,0x0083DB18,48
entry_0083db18,0x0083DB18,0x0083DB44,44
entry_0083db44,0x0083DB44,0x0083DB94,80
entry_0083db94,0x0083DB94,0x0083DBF4,96
entry_0083dbf4,0x0083DBF4,0x0083DC14,32
entry_0083dc14,0x0083DC14,0x0083DC24,16
entry_0083dc24,0x0083DC24,0x0083DC28,4
entry_0083dc28,0x0083DC28,0x0083DC40,24
FUN_0083dc40,0x0083DC40,0x0083DC50,16
FUN_0083dfa0,0x0083DFA0,0x0083DFB4,20
FUN_0083dfd0,0x0083DFD0,0x0083DFDC,12
FUN_0083e2e0,0x0083E2E0,0x0083E2F0,16
entry_0083e700,0x0083E700,0x0083E710,16
entry_0083e710,0x0083E710,0x0083E790,128
FUN_0083e790,0x0083E790,0x0083E7EC,92
entry_0084bbd4,0x0084BBD4,0x0084BC58,132
entry_0084bc58,0x0084BC58,0x0084C3E0,1928
entry_0084c3e0,0x0084C3E0,0x00873FE0,162816
FUN_00873fe0,0x00873FE0,0x00874108,296
entry_00874010,0x00874010,0x00874018,8
entry_00874018,0x00874018,0x00874058,64
entry_00874058,0x00874058,0x008740A0,72
entry_008740a0,0x008740A0,0x00874100,96
entry_00874100,0x00874100,0x00874690,1424
FUN_00874690,0x00874690,0x00874748,184
entry_008746b8,0x008746B8,0x008746E0,40
entry_008746e0,0x008746E0,0x008746E4,4
entry_008746e4,0x008746E4,0x00874870,396
FUN_00874870,0x00874870,0x00874938,200
entry_00874890,0x00874890,0x00874940,176
FUN_00874940,0x00874940,0x008749D4,148
FUN_00874cc8,0x00874CC8,0x00874DC4,252
entry_00874d10,0x00874D10,0x00874D48,56
entry_00874d48,0x00874D48,0x00874D90,72
entry_00874d90,0x00874D90,0x00874DA0,16
entry_00874da0,0x00874DA0,0x00874DA4,4
entry_00874da4,0x00874DA4,0x00874DD0,44
FUN_00874dd0,0x00874DD0,0x00874F04,308
entry_00874e2c,0x00874E2C,0x00874E40,20
entry_00874e40,0x00874E40,0x00874E50,16
entry_00874e50,0x00874E50,0x00874E70,32
entry_00874e70,0x00874E70,0x00874EE0,112
entry_00874ee0,0x00874EE0,0x00874F10,48
FUN_00874f10,0x00874F10,0x008750A8,80
entry_00875094,0x00875094,0x008750B0,28
FUN_008750b0,0x008750B0,0x008750C8,24
FUN_008750f8,0x008750F8,0x008752A8,432
entry_00875130,0x00875130,0x00875164,52
entry_00875164,0x00875164,0x00875180,28
entry_00875180,0x00875180,0x0087518C,12
entry_0087518c,0x0087518C,0x008751E0,84
entry_008751e0,0x008751E0,0x00875230,80
entry_00875230,0x00875230,0x0087523C,12
entry_0087523c,0x0087523C,0x00875280,68
entry_00875280,0x00875280,0x00875298,24
entry_00875298,0x00875298,0x008752A4,12
entry_008752a4,0x008752A4,0x0087A9A0,22268
FUN_0087a9a0,0x0087A9A0,0x0087A9A1,1
entry_0088bc18,0x0088BC18,0x0088BC9C,132
entry_0088bc9c,0x0088BC9C,0x0088C424,1928
entry_0088c424,0x0088C424,0x0088C4F0,204
entry_0088c4f0,0x0088C4F0,0x0088C58C,156
entry_0088c58c,0x0088C58C,0x00892F00,26996
entry_00892f00,0x00892F00,0x00897DEC,20204
entry_00897dec,0x00897DEC,0x008A8884,68248
entry_008a8884,0x008A8884,0x008CBC5C,144344
entry_008cbc5c,0x008CBC5C,0x008CC534,2264
entry_008cc534,0x008CC534,0x008D2F68,27188
entry_008d2f68,0x008D2F68,0x009020C8,192864
entry_009020c8,0x009020C8,0x0090BC60,39832
entry_0090bc60,0x0090BC60,0x0090C3E8,1928
entry_0090c3e8,0x0090C3E8,0x00917DE4,47612
entry_00917de4,0x00917DE4,0x0092C3F8,83476
entry_0092c3f8,0x0092C3F8,0x009420D0,89304
entry_009420d0,0x009420D0,0x0094C594,42180
entry_0094c594,0x0094C594,0x0094C5A8,20
entry_0094c5a8,0x0094C5A8,0x00971710,151912
entry_00971710,0x00971710,0x00988A00,94960
entry_00988a00,0x00988A00,0x0098BC64,12900
entry_0098bc64,0x0098BC64,0x0098C5D8,2420
entry_0098c5d8,0x0098C5D8,0x009A9720,119112
entry_009a9720,0x009A9720,0x009CBD2C,140812
entry_009cbd2c,0x009CBD2C,0x009CBD34,8
entry_009cc580,0x009CC580,0x009CC588,8
entry_009effb0,0x009EFFB0,0x009F0430,1152
entry_009f0430,0x009F0430,0x009F0448,24
entry_009f0448,0x009F0448,0x009F07C0,888
entry_009f07c0,0x009F07C0,0x009F07E0,32
entry_009f07e0,0x009F07E0,0x009F0800,32
entry_009f0800,0x009F0800,0x009F0A50,592
entry_009f0a50,0x009F0A50,0x009F0D90,832
entry_009f0d90,0x009F0D90,0x009F1040,688
entry_009f1040,0x009F1040,0x009F10A0,96
entry_009f10a0,0x009F10A0,0x009F18E0,2112
FUN_009f18e0,0x009F18E0,0x009F1918,56
entry_009f1930,0x009F1930,0x009F1980,80
FUN_009f1980,0x009F1980,0x009F1B58,472
FUN_009f1b60,0x009F1B60,0x009F1D38,472
FUN_009f1e10,0x009F1E10,0x009F1FE8,472
FUN_009f2000,0x009F2000,0x009F2028,40
